,OTU54,OTU295,OTU865,OTU42,OTU31,OTU317,OTU24,OTU190,OTU1094,OTU18,OTU357,OTU57,OTU790,OTU979,OTU30,OTU138,OTU850,OTU72,OTU435,OTU211,OTU738,OTU142,OTU256,OTU458,OTU236,OTU315,OTU354,OTU736,OTU1073,OTU128,OTU1242,OTU53,OTU322,OTU785,OTU302,OTU25,OTU721,OTU129,OTU374,OTU914,OTU861,OTU516,OTU281,OTU1243,OTU508,OTU1002,OTU1026,OTU703,OTU527,OTU1111,OTU1075,OTU690,OTU807,OTU64,OTU1117,OTU744,OTU46,OTU32,OTU655,OTU537,OTU159,OTU729,OTU149,OTU384,OTU382,OTU875,OTU38,OTU1028,OTU777,OTU59,OTU695,OTU309,OTU766,OTU521,OTU398,OTU488,OTU373,OTU932,OTU245,OTU418,OTU1,OTU234,OTU745,OTU708,OTU871,OTU395,OTU730,OTU1088,OTU68,OTU85,OTU764,OTU381,OTU80,OTU76,OTU830,OTU1101,OTU33,OTU523,OTU1015,OTU48,OTU1225,OTU706,OTU825,OTU184,OTU50,OTU19,OTU1041,OTU827,OTU751,OTU420,OTU495,OTU525,OTU772,OTU771,OTU487,OTU1014,OTU204,OTU449,OTU446,OTU630,OTU1235,OTU718,OTU1069,OTU870,OTU288,OTU444,OTU84,OTU821,OTU396,OTU75,OTU329,OTU346,OTU978,OTU714,OTU590,OTU108,OTU868,OTU45,OTU325,OTU415,OTU1234,OTU765,OTU720,OTU945,OTU51,OTU1105,OTU734,OTU270,OTU136,OTU705,OTU36,OTU463,OTU750,OTU728,OTU379,OTU731,OTU833,OTU78,OTU228,OTU616,OTU404,OTU803,OTU801,OTU112,OTU246,OTU47,OTU401,OTU724,OTU878,OTU1184,OTU691,OTU1110,OTU836,OTU1078,OTU529,OTU343,OTU1113,OTU798,OTU1232,OTU260,OTU65,OTU41,OTU710,OTU1074,OTU146,OTU21,OTU333,OTU685,OTU4,OTU709,OTU352,OTU873,OTU908,OTU788,OTU297,OTU1077,OTU815,OTU532,OTU6,OTU450,OTU524,OTU125,OTU1021,OTU63,OTU1229,OTU390,OTU610,OTU1100,OTU67,OTU319,OTU274,OTU802,OTU752,OTU837,OTU225,OTU505,OTU436,OTU437,OTU864,OTU717,OTU862,OTU533,OTU389,OTU689,OTU789,OTU156,OTU832,OTU753,OTU209,OTU740,OTU711,OTU79,OTU1239,OTU202,OTU383,OTU743,OTU86,OTU704,OTU732,OTU1237,OTU956,OTU5,OTU1139,OTU692,OTU1135,OTU723,OTU151,OTU522,OTU768,OTU770,OTU1192,OTU338,OTU1207,OTU3,OTU867,OTU885,OTU819,OTU55,OTU122,OTU447,OTU716,OTU1233,OTU698,OTU34,OTU1082,OTU534,OTU769,OTU387,OTU89,OTU889,OTU767,OTU905,OTU263,OTU261,OTU1018,OTU426,OTU29,OTU786,OTU82,OTU386,OTU376,OTU943,OTU179,OTU7,OTU312,OTU481,OTU737,OTU20,OTU320,OTU774,OTU626,OTU434,OTU605,OTU456,OTU863,OTU893,OTU70,OTU1236,OTU1090,OTU952,OTU69,OTU37,OTU999,OTU872,OTU810,OTU496,OTU1104,OTU707,OTU1001,OTU1031,OTU795,OTU466,OTU866,OTU427,OTU279,OTU469,OTU792,OTU49,OTU712,OTU1093,OTU460,OTU272,OTU874,OTU375,OTU345,OTU869,OTU797,OTU509
control1-early disease,0,0,0,0,0,0,0,0,0,0,0,0,0,0,9,0,0,0,0,0,0,0,0,0,0,0,0,0,0,0,0,0,0,0,0,95,0,0,0,0,2,0,0,2,1,0,0,1,0,0,0,0,0,0,0,0,0,0,0,0,0,1,0,0,0,1,0,0,0,0,0,0,0,0,0,0,0,0,0,0,0,2,0,0,0,0,1,0,0,0,0,0,0,0,0,0,0,0,0,0,0,0,0,0,0,1,0,0,0,0,0,0,0,0,0,0,0,0,0,0,0,0,2,0,1,0,0,0,0,0,0,0,0,1,0,0,0,0,3,1,0,0,0,0,9,0,0,0,0,0,0,0,0,1,0,0,0,0,0,0,0,0,0,0,0,0,3,1,0,0,0,0,0,0,0,0,1,0,0,0,0,0,0,0,0,0,0,0,0,0,0,0,0,0,0,0,0,0,0,0,0,1,0,0,0,0,0,0,0,0,0,0,2,0,0,0,0,0,0,0,2745,0,0,0,1,0,0,0,0,0,0,0,0,0,0,1,0,0,0,0,0,0,0,0,0,0,0,0,0,0,0,0,0,0,0,0,0,0,1,0,0,0,0,0,0,0,0,0,4,0,0,0,0,0,0,0,25093,0,0,0,0,0,0,0,0,0,0,0,0,0,0,0,0,0,0,0,0,0,0,0,0,0,1,0,0,0,2,2,0,0,0,0,0,2,0,0,0,0,0,0,0,0,0,0,0,0,0,0
control1-early post partum,0.5,0,1,0,3,42,0,0.5,6.5,0.5,0,28.5,0,4,4975,2,0,0,0,13.5,9,26,0.5,0,1,5,1.5,301.5,2.5,120,0,0,20.5,1,1,12.5,3.5,1,0,0.5,40,0,2,28.5,0,8,257.5,0,4,51,0,0,1.5,0,0,0,267.5,0.5,0,0,2,227,9,5,0,7,5,35.5,23,1.5,10,2,0.5,1,6,0,0,46.5,1,0,0,643,5.5,0.5,2.5,5,327,17.5,0,55,0,1,1.5,0,3.5,1,1.5,0,0,77,0,0,0.5,0.5,0,4,47.5,1.5,1.5,0,0.5,17,3.5,1.5,0,6,0,0,0,0,7.5,91,1197.5,40,41,4,27,9.5,0,0.5,3.5,1.5,2.5,204,7,8.5,3,0,1543,0,2,0,12.5,0.5,10,33,202,1,0,0,0,0,12,358,1.5,306.5,2,3,7.5,5.5,3,7,1,4.5,10,4.5,3523,65,10,2,0,1.5,0,7,1.5,2,42.5,0.5,1,0.5,0,0,3,1,0,2.5,10.5,0.5,1,0,0,0.5,1,0,1,0,1,4,1,12.5,6,73.5,7,2.5,1,1,1,2.5,0,14,20.5,23.5,675,1.5,27,0,0,0,0,7,233.5,51,0,0.5,1629.5,0,1.5,1.5,0.5,4.5,1.5,0,0,5.5,0,750,394,2,11,1,9.5,0,0,5.5,0.5,1,0,0,0,2,0,1.5,0,0,19,234.5,0,1,235,1,2,0,3,260.5,0,0,160,0.5,3276.5,408.5,0.5,39,2,47,3,0,2062,0,21,7,0,0,0.5,0,0.5,0,8.5,1,0,41,17.5,0,0.5,0.5,0,5,0,6,0.5,4,0,59.5,628.5,3.5,142.5,0,0,22,234.5,3,130,0,0,169,9,0,11.5,0,0,3.5,0,0,0,0,0.5,5,7,0
control1-early pre-onset,0,0,0.5,0,2,20,0,1,1.5,0,0,14.5,0,3,2492.5,2,0,0,1.5,4.5,3.5,11,0.5,0,0.5,1,1,169.5,1,53,0,0,15.5,0,0,7.5,4,0,0,0,13854,1,2,1,0,6.5,151,0,1.5,55,0,0,0.5,0,0,0,149,0.5,0,0.5,3,102.5,3.5,6,0,0.5,4.5,15.5,9.5,2,4.5,0.5,0,0.5,2,0.5,0,33,0,0,0,424.5,1,0.5,0,4,192,9,0,32.5,0,1,0.5,0,2,0.5,0,0,0,27.5,0,0,0,0.5,0,1.5,28,1.5,2,0,0.5,6.5,2,1,1.5,2.5,0,0.5,0.5,2.5,5,19,620.5,21.5,17.5,77,18,9.5,0,0,2,2,1.5,121.5,3.5,5,5,0,760,0,2,0,8.5,0,1.5,26.5,106.5,1,0,0,0,0,7.5,182,0.5,207,1.5,2.5,4.5,3,2,4,0.5,3,2.5,1.5,1926.5,41.5,5,2.5,0,0.5,0,3,1,2,17,0.5,0,0,0,0,1.5,0,0,0.5,0.5,0,0,0,0,0,0,0,1,0,0.5,3.5,0,9.5,1.5,42.5,12,0.5,1.5,0.5,0.5,1.5,0,7.5,11,13.5,313,0,14.5,0,0,0,0,0,49,21,0,0,735.5,0.5,0,0,1,1,3.5,0,0,12,0,419.5,220,1,5.5,1.5,9.5,0,0.5,18.5,0,0.5,0.5,0,0,0.5,0,4,0,0,15,107,0,1,175,0.5,3.5,0,4.5,136.5,0,0,67.5,0,1726.5,209.5,0,35.5,2,25.5,0,0,440,0,13,6,0,0,0,0,0,0,2.5,1.5,0,85,2.5,0,0.5,1,0,2,0,8.5,0,2.5,0,25.5,313.5,4.5,92,0.5,0,3.5,130.5,1.5,82.5,0,0,82,1,5,4.5,0,0,4,0,0,1.5,0,0,0,1.5,0.5
control1-late pre-onset,0,0,0,0,0,0,0,0,0,0,0,0,0,0,1.5,0,0,0,3.5,0,0,0,0,0.5,0,0,0,0,0,0,0,0,0,0,0,2,0,0,0,0,10266.5,1.5,0,0,0,0,0,0,0,0,0,0,0,0,0,0,0,0,0,0,0,0.5,0,0,0,0,0,0,0,0,0,0,0,0,0,0,0,0,0,1.5,0,0.5,0,0,0,0,0,0,0,0,0,0,0,0,0,0,0,0,0,2,0,0,0,0,0,0,0,0,0,0,0,0.5,0,0,3,0,0,0.5,1,0,0,0,0,0,0,391.5,0,0,0,0,0,0,0,0,0,0,0,0,0.5,19,0,0,0,0,6,0,0,0,0,0,0,0,0,0,0,0,0,0,0,0,0,0,0,0,0,0,1.5,0.5,0,0.5,0,0,0,0,0,0,0,0,0,0,0,0,0,0,0,0,0,0,0,0,0,0,0,0,0,0,0,0,0,0,0,0,0,0,0,0,0,0,0,0,0,0,2,0,0.5,4,0.5,1.5,0,0,1590.5,0,0,0,1,0,0,0,0,0,0.5,0,0,0,0,0,0,0,0,0,0,0,0,0,0,0,0,0,0,0,0,0,0,0,0,0,0,0,0,0,0,0,0,0,0,0,0.5,0,0.5,0,0,0,0,0,0,0,15673.5,0,0,0,0,0,0,0,0,0,0,0,0,0,0,0,0,0,0,0,0,0,0,0,0,0,0,0,0,0,0,1,0,0,0,0.5,0,0,0,10,0,0,0,0,2,0,0,0,0,0.5,0,0.5
control10-early disease,0,0,2,0,0,0,0,0,0,0,0,0,0,0,20,0,0,0,0,0,0,0,0,0,0,0,0,0,0,0,0,0,0,0,0,9,0,0,0,0,1,0,0,1,0,0,0,0,0,0,0,2,0,0,0,0,0,0,0,0,0,1,0,0,0,1,0,0,0,0,0,0,19,1198,0,0,0,0,0,0,0,0,0,0,0,0,0,0,0,0,9,0,0,0,0,0,0,0,0,86,0,0,0,0,15,64,0,0,0,0,0,0,0,0,0,0,0,0,0,0,0,5428,8,0,0,0,0,0,1,0,0,0,0,3225,0,0,0,0,5,0,0,0,0,0,92,7,0,0,0,0,0,0,0,0,0,0,0,0,0,0,0,0,0,0,0,0,0,242,0,0,0,0,0,0,0,0,0,0,0,0,3,0,0,0,0,0,0,0,0,0,0,0,0,2,0,0,0,0,2,0,0,1,0,0,0,0,0,0,0,0,0,0,0,0,0,0,0,0,0,0,321,0,3,19,1,0,0,0,0,26,0,0,0,0,0,0,1,0,0,0,0,0,0,77,0,0,0,29,0,0,0,0,0,0,0,0,1,0,0,0,0,0,0,2,0,1,0,0,0,1,3747,0,0,0,0,0,8860,0,1,1,0,0,0,0,0,0,0,0,0,0,147,0,0,0,0,0,0,0,0,0,0,0,3,0,0,0,0,4288,1,0,1,0,0,2,0,0,0,17,0,0,0,0,0,0,0,0,0,0
control10-early post partum,1,0,1,2,13,39,1,2,4,2,0,35,0,8,4021,0,0,0,0,11,0,0,3,0,1,4,0,0,3,100,0,0,24,0,0,1,0,1,4,3,1,0,0,0,0,2,459,0,1,0,1,0,0,0,2,0,288,2,0,1,1,103,11,44,0,0,2,98,8,10,0,2,0,0,2,0,1,0,0,0,16,11,0,0,1,0,0,8,0,16,0,11,3,2,3,1,1,0,0,372,0,0,1,3,1,0,78,0,3,0,0,79,3,1,0,6,3,0,0,0,32,3,420,43,33,0,76,7,1,1,0,0,0,28,1,1,0,3,521,0,1,0,0,0,3,29,1,0,0,0,11,0,8,0,1,0,1,32,34,1,0,6,2,2,0,2,5,16301,1,0,0,1,0,1,0,0,26,1,0,12,0,2,0,0,0,9,12,0,0,0,0,0,0,1,2,0,0,0,0,8,1,119,68,15,1,0,0,0,0,25,36,53,3,0,8,0,0,0,0,0,1,106,0,0,50,0,0,0,2,0,0,0,0,0,1,3,903,0,0,0,0,4,2,0,0,1,0,0,0,0,0,1,0,16,11,125,0,2,12,0,2,0,1,722,3,0,0,21,0,290,2,0,0,66,2,0,49,1,21,12,0,0,0,2,0,0,0,3,0,0,0,0,0,0,0,1,0,0,2,0,0,224,300,8,65,0,0,4,383,0,331,0,0,258,11,0,6,0,0,0,0,0,0,1,0,0,2,0
control10-early pre-onset,0,0,0,0,0,0,0,0,0,0,0,2,0,0,70,0,0,0,0,1,0,0,0,0,0,0,0,0,0,1,0,0,0,0,0,5884,0,0,0,0,52,0,0,0,2,0,14,0,0,0,0,0,0,0,0,0,10,0,0,0,0,4,1,2,0,0,0,1,0,1,0,0,0,0,0,0,0,0,0,0,0,1,0,0,0,0,0,0,0,0,0,0,0,0,0,0,0,0,0,515,0,6,0,0,245,351,1,0,0,0,0,0,0,0,4,0,0,0,0,1,1,1,8,1,0,20,4,0,0,0,0,0,0,2,0,0,0,0,17,0,0,0,0,0,0,1,0,0,0,0,0,1,0,0,0,0,0,1,1,0,0,0,0,0,0,0,0,20441,0,4,0,0,0,0,0,0,2,0,0,1,0,1,0,0,0,0,1,0,0,0,0,0,0,0,0,0,0,0,0,0,0,2,1,0,0,0,0,0,0,0,0,0,0,0,0,0,0,0,0,0,2,1,1,0,1,0,0,0,0,0,0,0,0,0,0,0,33,0,0,0,0,0,0,50,0,0,0,0,0,0,2,0,0,1,1,8,12,0,0,0,0,0,0,21,0,9,0,2,0,9,1,0,0,4,0,0,2,0,0,0,0,0,0,0,0,2,0,0,0,0,0,13,0,0,0,0,0,0,0,0,0,7,3,0,2,0,1,0,6,0,6,0,0,10,1,0,0,102,0,0,0,0,1,0,0,0,0,0
control10-late pre-onset,0,0,2,0,1,0,0,0,0,0,0,0,0,0,18,0,0,0,0,0,0,0,0,0,0,0,0,0,0,0,0,0,0,0,0,37,0,0,0,0,5,0,0,0,0,0,1,0,1,0,0,0,0,0,0,0,0,0,0,0,0,1,0,1,0,1,0,0,0,0,0,0,0,0,0,0,0,0,0,0,0,0,0,0,0,0,0,0,0,0,22,0,0,0,0,0,0,0,0,218,0,1,0,0,351,56,1,0,0,0,0,0,0,0,0,0,0,0,0,0,1,7280,1,0,0,4,0,0,0,0,0,0,0,1974,0,0,0,0,2,1,0,0,0,0,216,138,0,0,0,0,0,0,1,0,0,0,0,0,0,0,0,0,1,0,0,0,0,9790,0,1,0,0,0,0,0,0,0,0,0,0,31,0,0,0,0,2,0,11,0,0,0,0,0,104,0,0,0,0,0,0,0,0,0,0,0,0,0,0,0,0,0,0,0,0,0,0,0,0,0,0,42,0,14,61,2,0,0,0,0,75,0,0,0,0,0,0,2,0,0,0,0,0,0,225,0,0,0,0,0,0,0,0,0,0,0,1,1,0,0,0,0,0,0,9,0,0,0,0,0,0,0,0,0,0,0,0,6914,0,0,0,0,0,0,0,0,0,0,7,0,0,0,0,0,0,1,0,0,0,0,0,0,2,1,0,1,0,0,67,2,0,0,0,0,4,0,0,0,287,0,0,0,0,0,0,0,1,0,0
control11-early disease,0,0,0,0,0,3,0,0,0,0,0,0,0,0,9,0,0,0,0,0,0,0,0,0,0,0,0,0,0,0,0,0,0,0,0,70,0,9,0,0,0,0,0,2,0,0,1,0,0,0,0,0,0,0,0,0,1,0,0,0,0,0,0,0,0,0,0,0,0,0,0,0,0,0,0,0,0,0,0,0,0,0,0,0,0,0,0,0,0,0,0,0,0,0,0,0,0,0,0,336,0,0,0,0,4,21,0,0,0,0,0,0,0,0,0,0,0,0,0,0,0,9,0,0,0,0,0,0,0,0,0,0,0,0,0,0,0,0,2,0,0,0,0,0,96,0,0,1,0,2,0,0,0,0,0,0,0,0,0,0,0,0,0,0,0,0,0,875,0,0,0,0,0,0,0,0,1,0,0,0,0,0,0,0,0,0,0,0,0,0,0,0,0,0,0,0,0,0,0,0,0,1,0,0,0,0,0,0,0,0,0,0,0,0,0,0,0,0,1,0,1015,0,0,0,7,0,0,0,0,0,0,0,0,0,0,0,4,0,0,0,0,0,0,30,0,0,0,0,0,0,0,0,0,0,0,0,0,0,0,0,0,0,0,1,0,0,0,0,0,0,0,0,0,1,0,0,13439,0,0,0,0,0,0,0,0,0,0,0,0,0,37,0,0,0,0,0,0,0,0,0,0,0,0,0,0,0,0,12012,2,0,0,0,0,0,0,0,0,2,0,0,0,0,0,0,0,0,0,0
control11-early post partum,2,0,1,3,26,106,2,2,4,3,0,75,0,14,7270,2,0,1,0,11,0,0,4,0,3,14,0,0,4,151,0,0,36,0,0,6737,0,0,13,6,5,0,0,0,2,1,965,0,3,0,5,0,0,0,9,0,500,10,1,0,3,183,12,84,6,1,8,102,11,11,0,4,0,0,3,0,5,0,2,0,11,18,1,2,0,0,0,18,0,14,0,6,7,1,1,1,4,0,0,11,0,0,0,2,0,0,135,4,7,2,3,94,2,1,0,13,5,0,0,0,50,1,803,81,41,0,166,11,0,1,2,1,3,32,8,4,0,7,1058,0,0,0,0,0,4,24,1,1,0,0,60,2,8,2,2,0,0,33,62,4,0,17,6,0,0,7,8,17,7,0,0,1,0,1,0,3,61,0,0,17,0,8,0,0,0,10,32,0,0,0,0,0,9,0,2,0,1,0,0,10,10,219,109,9,1,1,0,0,0,38,60,94,1,0,9,0,0,0,0,0,1,181,0,0,64,0,0,1,2,0,0,1,0,0,1,8,1805,0,1,0,0,9,2,2,3,0,0,0,0,0,0,0,0,36,23,337,73,3,18,6,2,1,1,1357,1,0,0,77,1,599,0,0,0,186,5,0,62,5,54,28,1,0,0,2,1,4,0,3,0,0,0,28,0,1,0,2,0,0,11,0,0,423,512,6,99,0,3,10,812,0,633,0,0,421,17,0,9,0,0,0,0,0,3,4,0,0,4,0
control11-early pre-onset,0,0,1,0,0,0,0,0,0,0,0,1,0,0,29,0,0,0,0,0,0,0,0,0,0,0,0,0,0,1,0,0,0,0,0,1184,0,0,0,0,0,0,0,2,0,0,3,0,0,0,0,0,0,0,0,0,0,0,0,0,0,0,1,1,0,4,0,1,0,0,0,0,0,0,0,0,0,0,0,0,0,0,0,0,0,0,0,0,0,0,0,0,0,0,0,0,0,0,0,132,0,0,0,0,0,0,1,0,0,0,0,0,0,0,0,0,0,0,0,0,0,1,3,0,0,0,0,0,0,0,0,0,0,1,0,0,0,0,4,0,0,0,0,0,18,0,0,0,0,2,0,0,0,0,0,0,0,0,0,0,0,0,0,0,0,0,0,2,0,0,0,0,0,0,0,0,0,0,0,0,0,0,1,0,0,0,0,0,0,0,0,0,0,0,0,0,0,0,11,0,0,0,1,0,0,0,0,0,0,0,0,1,0,0,0,0,0,0,0,0,2058,0,1,0,5,0,0,0,0,0,0,0,0,0,0,0,5,0,0,0,0,0,0,0,0,0,0,0,0,0,0,0,0,0,0,0,17,0,0,0,0,0,0,3,0,0,0,0,0,0,2,0,0,0,0,0,24461,0,1,0,0,0,0,0,0,1,0,0,0,0,0,3,0,0,0,0,0,0,0,0,0,0,4,1,1,0,9,5,0,0,2,0,0,1,1,0,0,2,0,0,0,0,0,0,0,5,0,0
control11-late pre-onset,0,0,0,0,0,0,0,0,0,0,0,0,0,0,6,0,0,0,0,0,0,0,0,0,0,0,0,0,0,0,0,0,1,0,0,7,0,0,0,0,0,0,0,3,0,0,0,0,1,1,0,0,0,0,0,0,0,0,0,0,0,0,0,0,0,0,0,0,0,0,0,0,0,0,0,0,0,0,0,0,0,0,0,0,0,0,0,0,0,0,0,0,0,0,0,0,0,0,0,998,0,0,0,0,0,0,1,0,0,0,0,0,0,0,0,0,0,0,0,0,0,1,0,0,0,0,0,0,0,0,0,0,0,0,0,0,0,0,1,0,0,0,0,0,21,3,0,0,0,6,0,0,0,0,0,0,0,0,0,0,0,0,0,0,0,0,0,6,0,0,0,0,0,0,0,0,0,0,0,0,0,0,0,0,0,0,0,4,0,0,0,0,0,0,0,0,0,0,0,0,0,0,0,0,0,0,0,0,0,0,0,0,0,0,0,0,0,0,1,0,2264,0,3,0,6,0,0,0,0,0,0,0,0,0,0,0,0,0,0,0,0,0,0,0,0,0,0,0,0,0,0,0,0,0,0,0,0,0,0,0,0,0,11,1,0,0,0,0,0,0,0,0,0,0,0,0,24635,0,0,0,0,0,0,0,0,0,0,0,0,0,0,0,0,0,0,0,0,0,0,0,0,2,1,0,0,0,0,9,1,0,0,0,0,0,0,0,0,0,0,0,0,0,0,0,0,0,0,0
control12-early disease,0,0,1,0,0,0,0,0,0,0,0,1,0,0,21,0,0,0,0,0,3,0,0,0,0,0,0,0,0,1,0,0,0,0,0,363,0,0,0,0,0,0,0,0,0,0,0,0,0,0,0,9,0,0,0,0,1,0,0,0,0,0,0,0,0,2,0,1,0,0,0,0,255,1013,0,0,0,0,0,0,0,6,0,0,0,0,0,0,6,0,12,0,0,0,0,0,0,15,0,142,0,6,0,0,7,184,0,0,0,0,0,0,0,0,0,0,0,0,0,0,0,2041,5,0,1,0,0,0,0,0,0,0,0,9,1,0,0,0,7,0,0,58,0,0,4,0,0,0,0,0,0,0,0,0,0,0,0,0,0,0,0,0,0,0,0,0,0,544,0,0,3,0,0,0,0,0,0,0,0,0,5,0,4707,0,0,0,0,1,0,2,0,0,0,8,0,0,0,0,2,0,0,0,0,0,0,0,0,0,2,0,0,0,2,0,0,0,0,0,1,0,413,1,6,7,1,0,0,0,1,94,5,0,0,0,0,0,1,0,0,0,0,0,0,130,0,0,0,57,0,155,0,0,0,0,0,0,3,0,1,0,0,0,0,2,0,0,14027,0,0,1,19,0,0,1,0,0,3549,0,0,0,0,0,0,0,0,0,0,0,0,0,0,0,0,0,1,0,4,0,0,0,38,2,2,0,1,0,9,0,2,0,0,0,0,2,0,0,0,3,0,0,0,0,0,0,0,4,0,0
control12-early post partum,4,0,0,0,8,36,1,3,4,0,0,60,0,12,9325,2,0,0,0,27,0,10,3,0,3,6,12,41,8,236,0,0,70,1,0,2,1,0,0,3,19,0,4,4,0,7,601,0,7,70,0,0,1,0,0,1,390,2,0,0,3,346,16,37,0,2,6,151,43,9,2,7,0,1,1,0,0,11,1,0,0,1571,9,5,1,3,94,44,0,109,0,3,3,0,0,1,0,0,1,10,0,0,1,0,0,0,135,2,1,0,0,59,4,3,0,25,0,0,0,0,21,5,2406,61,63,2,73,23,0,0,1,2,3,303,6,26,0,2,2419,0,0,0,0,0,1,61,22,4,0,0,0,0,26,41,1,1,1,21,40,6,2,9,1,15,2,4,175,30,17,2,0,1,0,15,2,2,47,3,2,0,0,3,6,0,0,4,18,1,2,0,0,1,8,0,7,0,1,2,0,16,8,227,37,3,0,4,1,2,0,25,45,40,192,0,37,0,0,0,0,0,23,203,0,0,251,0,0,2,2,0,0,4,2,10,2,233,852,1,0,1,2,6,2,1,4,0,0,0,0,1,3,8,0,0,21,417,0,1,542,2,2,9,10,582,1,0,8,7,248,737,0,16,1,125,11,0,238,2,60,25,1,35,0,0,1,0,2,2,0,2,0,0,0,2,0,4,0,67,6,5,0,191,1163,8,288,0,0,2,518,5,290,0,0,306,20,0,17,0,0,1,0,0,4,0,0,2,10,0
control12-early pre-onset,0.5,0,3.5,0,3,3.5,0,0,1,0,0,7,0,2.5,1354.5,1.5,0,0,0,4.5,3.5,0.5,1,0,0,0.5,0,7,0,35.5,0,0,8,0,1.5,7717.5,0,0,0,0,315.5,0,1.5,2.5,5,2,87,0,0,26.5,0,0.5,0,0,0,0,45,0.5,0.5,0,0,47.5,2,5,0,6.5,2.5,18,6,2.5,0,1.5,1,30,0.5,0,0,17,0,0,0,244,0.5,0.5,0,0,12.5,8,0,11,0,0,0,0.5,0,0,1,0,0,39,0,3,0,0.5,2,422,26,0,0.5,5,0,3,0.5,1,1,3,0,0,0,0,4,62,281.5,10.5,9.5,7,7,1,0,0,0.5,0,0.5,155.5,1.5,5,0,0.5,375.5,0,0,3.5,0,0.5,5.5,7.5,4,0,0,0,0,1,4,6,0,0.5,0,6,6,2.5,0.5,2,0,1,0.5,0,23,14.5,2.5,0.5,0,0.5,0,2,0,0.5,14,0.5,0,0,0,0,607.5,0,0,1.5,1,0.5,0.5,0,0,0,0.5,0,0.5,0,0.5,2.5,0.5,0,1,33,4,2,0,0.5,0,1.5,0,5,2.5,7,28,0,6,0.5,0.5,0,0,0,1412.5,22.5,0,2,67.5,0,1,0,1,2,0.5,1,0,1,0,32.5,128,1,0,0,0,0,0,44,0,0.5,0,0.5,0,10.5,0,2,0,0,4,53,205,0.5,81.5,0,0,1,1,93.5,0,5.5,301,1.5,31.5,108,0,14,0.5,19.5,0.5,0,12578.5,0,5,3,0,2.5,0,0,0,6,0,0,0,0.5,0,24,0,0,0,0.5,0,7,1,1,0,31.5,165,1,42,0,5,1.5,62.5,0.5,40.5,0,0,40.5,5.5,0,1.5,1.5,0,0.5,0,1.5,2,0,0,3.5,2.5,0
control12-late pre-onset,0,0,0,0,0,0,0,0,0,0,0,0,0,0,34,0,0,0,0,0,49,0,0,0,0,0,0,0,0,0,0,0,0,0,0,106,0,0,0,0,0,0,0,0,0,0,0,0,0,0,0,12,0,0,0,0,1,0,0,1076,0,2,0,0,0,5,0,0,0,0,0,0,24,1992,0,0,0,0,0,0,0,5,0,0,0,0,0,0,4,0,11,0,0,0,0,0,0,8,0,609,0,0,0,0,4,13,0,0,0,0,0,0,0,0,0,1,0,0,0,0,0,1205,9,0,0,0,0,0,0,0,0,0,0,0,0,0,0,0,4,0,0,2,0,0,14,0,0,0,0,8,0,0,0,0,0,0,0,0,0,0,0,0,0,0,0,0,0,305,0,0,2,0,0,0,0,0,0,0,0,0,11,0,0,0,0,0,0,0,0,0,0,0,0,4,0,0,0,0,5,0,0,0,0,0,0,0,0,0,0,1,0,0,0,0,1,0,0,0,2,0,1845,0,9,5,1,0,0,0,0,41,0,0,0,0,0,0,1,0,0,0,0,0,0,28,0,0,0,64,0,53,0,0,0,0,0,1,0,0,1,0,0,0,0,0,0,0,2457,0,0,0,12,0,0,0,0,0,17913,0,0,0,0,0,0,0,0,0,0,0,0,0,0,0,0,0,0,0,0,0,0,0,0,0,7,0,2,0,6,0,0,0,2,0,0,3,1,0,0,3,0,0,0,0,0,0,0,10,0,0
control13-early disease,0,0,2,0,0,0,0,0,0,0,0,0,0,0,13,0,0,0,0,0,0,0,0,0,0,0,0,0,0,1,0,0,0,0,0,5,0,0,0,0,1,0,0,0,0,0,1,0,0,0,0,31,0,0,0,0,1,0,0,0,0,1,0,1,0,1,0,0,0,0,0,0,54,1234,0,0,0,0,0,0,0,4,0,0,0,0,1,0,16,1,18,0,0,0,0,0,0,8,0,10007,0,0,0,0,0,99,2,0,0,0,0,0,0,0,0,0,0,0,0,0,0,1971,2,1,1,0,0,0,0,0,0,0,0,10,0,0,0,0,6,0,0,13,0,0,2,0,0,0,0,11,0,0,0,0,0,0,0,0,0,0,0,0,0,0,0,0,0,477,0,0,16,0,0,0,0,0,0,0,0,0,112,0,0,0,0,0,0,0,0,3,0,0,0,8,0,0,0,0,3,0,0,0,0,0,0,0,0,0,0,0,0,0,0,0,0,0,0,0,17,0,1136,0,78,34,0,0,0,0,0,86,1,0,0,0,0,0,4,0,0,0,0,0,0,2,0,0,0,57,0,797,0,0,0,0,0,0,0,0,1,0,0,0,0,0,0,0,1855,0,0,0,46,0,0,0,0,0,9728,0,0,0,0,0,0,0,0,0,0,0,0,0,1,0,0,0,5,0,0,0,0,0,0,0,1,0,1,0,0,3,0,0,0,0,0,1,0,0,0,0,0,0,0,0,0,0,0,2,0,0
control13-early post partum,0,24.5,0,0,0,1.5,0,0,0,0,1.5,2,0,0.5,718.5,0,0,0,17,1,1.5,0,0,0.5,0,1,0.5,3,0,11.5,0,0,4,0,0,24.5,0,0,0,0,10864.5,2.5,0,2.5,0,2,29,0,0,6,0,0,0,0,0,0,18,0.5,2,0,0,19.5,0.5,2.5,0,0,0,12,4.5,0,0.5,0.5,0,0,0.5,6.5,0,6,0,5.5,0,53,0.5,0,0,0,3,4.5,0,7,0,0,0.5,0,0,0.5,0,0,0,0.5,0,0,0,0,0,0,12.5,0,0.5,0,0,2.5,0,0,27.5,0.5,0,8.5,4.5,2604,1,0.5,139,1.5,4.5,2217,3.5,0,0,0,0,0.5,0,23.5,1,10.5,0,0,137.5,0.5,0.5,0,0,0,2,2,1.5,0.5,0,0,0,0,4.5,2,0.5,0,0,2,3,0.5,0.5,0,0,0,0,0,8,1.5,0.5,3931,0,0,1.5,2.5,0,0,3,0,0,0,0,0,77.5,0,0.5,0.5,0,0.5,0.5,0,0,0,0,0,0.5,0,0.5,0.5,0,0.5,0,15.5,1,0,0,0,2583.5,0,0,0,0.5,1.5,12.5,0,2.5,26,4,9,0,0,2.5,12.5,0,0,24.5,0,0,0.5,0,0,0,0,0,0,0,8.5,54,0,0,0,0,0,0,1,0,0,0,0,0,0,2115.5,23,0,0,1.5,21,1,0,11,1,0,0.5,0,25,0,0,0.5,0,11,34,0,2,0,3.5,0.5,69,41,0,4.5,0.5,0,4.5,0,0,1,0,0,0,0,38,1,0.5,1499,0,0,0.5,0,2,0,0,0,9,62,0,21,5.5,0,1.5,22.5,0,16,7,0,10.5,2,17.5,0.5,0,0,0.5,22,0,0,0,0,0,0.5,6
control13-early pre-onset,0,1,5,0,2,5.5,0,0,0,0,0,0.5,0,0,643,0,0,0,1,2,1,1,0.5,0,0,0.5,0,2,0,8.5,0,0,1.5,0.5,0.5,3592,0,0,0,0,2235,1.5,1,1.5,1,0,29.5,0,0.5,17,0,0,0,0,0,0,24,0,0,0,0,26.5,1,5,0,1.5,0,13,0.5,0.5,0,0,0,1.5,0.5,0,0,5.5,0,2,0,105,0,0,0,0.5,9,1.5,0,4.5,0,1,0.5,0,0.5,0.5,0,0,0,73.5,0,0,0,0,0.5,12,11,0,0,2,0,5,0,1.5,13,2.5,0,2.5,0.5,0,1,2,124,6.5,2.5,404.5,2.5,0.5,0.5,0,1.5,0,0.5,320.5,1,7,0,0,189.5,1.5,0,0,0,0,4.5,4675.5,1,0.5,0,0.5,0,1.5,3.5,3,0,0,0.5,1,1.5,0,0,1,0,1,0,0.5,11,2.5,0,1.5,0,1.5,0,0.5,0.5,0,1,0,0.5,0,0,0,4.5,0,1,146,1.5,4,0,0,0,0,0,0,0,0,0.5,0,1.5,2,0,18,3,0.5,0.5,0.5,0.5,0.5,0,0.5,1,2.5,14,0,3,2,29.5,1.5,1,0,1434,8.5,0.5,0,136.5,0,0.5,0,0,0,0,0,0,0,0.5,10.5,60,0,0,0,0,0.5,0,56,0,0,0,0,0,0,0,1,0,0,2.5,24,11,2,33,0,0,0,0.5,40.5,0,0,0.5,0,15,47,0,6.5,0,11,0,2,12897.5,0,4,3.5,0,2.5,0,0,0,30,0.5,0.5,0,1.5,0,47,0,0.5,0,0.5,0,4.5,1,0,0,11,68.5,1,19.5,1,0.5,0,31.5,0.5,14.5,0.5,0,26,2.5,4,1,0,0,1,5,0,3,0,0,0.5,0,2
control13-late pre-onset,0,0,1,0,0,0,0,0,0,0,0,1,0,0,16,0,0,0,0,0,0,0,0,0,0,0,0,0,0,0,0,0,1,0,0,332,0,0,0,0,2,0,0,0,0,0,0,0,0,0,0,14,0,0,0,0,0,0,0,0,0,0,0,0,0,0,0,1,0,0,0,0,15,125,0,0,0,0,0,0,0,1,0,0,0,0,0,0,4,0,8,0,0,0,0,0,0,5,0,3326,0,0,0,0,12,72,0,0,0,0,0,0,0,0,0,0,0,0,0,0,1,818,1,0,1,0,0,0,0,0,0,0,0,2,0,0,0,0,6,0,0,7,0,0,13,0,0,0,0,11,0,0,0,0,0,0,0,1,0,0,0,0,0,0,0,0,0,1175,0,0,6,0,0,0,0,0,0,0,0,0,21,0,1,0,0,0,0,0,0,1,0,0,0,1,0,0,0,0,41,0,0,0,0,0,0,0,0,0,0,0,0,0,1,0,0,0,0,0,25,0,2098,0,24,10,0,0,0,0,0,19,0,0,0,0,0,0,0,0,0,0,0,0,0,158,0,0,0,22,0,474,0,0,0,0,0,0,1,0,0,0,0,0,1,0,0,0,852,0,2,1,2,0,0,0,0,0,18221,0,0,0,0,0,0,0,0,0,0,0,0,0,0,0,0,0,1,0,0,0,0,0,0,0,1,0,0,0,3,2,1,0,0,0,0,0,0,0,0,30,0,0,0,0,0,0,0,2,0,0
control14-early disease,0,0,1,0,0,0,0,0,0,0,0,0,1,0,24,0,0,0,0,0,0,0,0,0,0,0,0,0,0,0,0,0,1,0,0,4,0,57,0,0,1,0,0,1393,0,0,0,0,0,0,0,0,0,0,0,0,1,0,0,0,0,1,0,0,0,3,0,0,0,0,0,0,0,1,0,0,0,0,0,0,0,0,0,0,0,0,0,0,0,0,22,0,0,0,0,0,0,0,0,6,0,0,0,0,20,16,1,0,0,0,0,0,0,0,0,0,0,0,0,0,0,1917,1,0,0,0,1,0,0,0,0,0,0,268,0,0,0,0,5,0,0,0,0,0,295,0,0,0,0,0,0,0,0,0,0,0,0,0,0,0,0,0,0,0,0,0,0,461,0,0,0,0,0,0,0,0,0,0,0,0,5,0,0,0,0,0,0,0,0,0,0,0,0,16,0,0,0,0,0,0,0,0,0,1,0,0,0,0,0,0,0,0,0,0,0,0,0,0,0,0,87,1,2,6,20359,0,0,0,0,24,0,0,0,0,0,0,3,0,0,0,0,0,0,15,0,0,0,1,6,0,0,0,0,0,0,0,3,0,0,0,0,0,0,1,0,0,0,1,0,0,0,0,0,0,0,0,2926,0,0,0,0,0,0,0,0,0,0,0,0,0,0,0,0,0,0,0,0,0,0,0,0,2,3,0,0,0,0,8,1,0,1,0,0,2,1,0,0,18,0,0,0,0,0,0,0,0,0,0
control14-early post partum,1,0,0,2,25,125,6,1,5,5,0,95,0,18,8241,1,0,1,0,9,0,0,12,0,1,9,0,2,8,182,0,2,53,0,0,4,0,0,16,3,1,0,8,2,0,0,1126,0,4,0,4,0,0,0,7,0,700,4,2,0,8,259,29,152,1,0,10,141,13,26,0,3,0,0,3,0,3,7,7,0,61,31,0,1,1,0,0,13,0,51,0,10,5,1,3,0,7,0,0,7,0,0,0,0,0,0,193,2,4,0,0,146,4,1,0,78,12,0,0,0,69,2,2453,117,62,0,222,20,1,0,0,3,1,58,7,2,0,8,1346,0,0,0,1,0,8,61,3,1,0,0,19,0,33,0,1,0,2,129,91,5,0,12,11,1,0,7,6,15,10,0,0,2,0,10,1,0,60,0,0,40,0,4,1,0,0,31,33,0,0,0,0,0,10,0,7,5,1,1,0,23,12,316,191,33,2,0,0,0,0,51,126,119,8,0,29,0,0,0,0,0,7,235,0,1,51,0,0,0,2,0,0,7,2,1,0,8,2110,0,0,0,0,6,0,2,2,0,0,0,0,0,0,1,0,49,24,384,0,5,34,3,2,0,2,1562,3,0,0,96,2,1096,0,0,0,227,8,0,221,10,75,32,5,0,0,2,5,0,0,8,0,0,1,0,0,1,0,1,0,0,6,1,0,550,684,22,156,0,0,10,935,0,787,0,0,649,7,0,8,0,0,0,0,0,0,5,0,0,0,0
control14-early pre-onset,0,0,0,0,0,1,0,0,0,0,0,0,0,0,70,0,0,0,0,0,0,0,0,0,0,0,0,0,0,1,0,0,2,0,0,513,0,0,0,0,4,0,0,0,1,0,11,0,0,0,0,0,0,0,0,0,8,0,0,0,0,0,0,0,0,0,0,1,1,0,0,0,0,0,0,0,0,0,0,0,0,0,0,0,0,0,0,0,0,0,0,0,0,0,0,0,0,0,0,334,0,1,0,0,8,628,0,0,0,0,0,1,0,0,0,0,0,0,0,0,1,0,11,0,0,0,2,0,0,1,0,0,0,16,0,0,0,0,10,0,0,0,0,0,0,1,0,0,0,0,0,0,0,0,0,0,0,1,0,0,0,0,0,0,0,0,0,26244,0,1,0,0,0,0,0,0,0,0,0,0,0,0,0,0,0,0,0,0,0,0,0,0,0,0,0,0,0,0,0,0,1,5,3,2,0,0,0,0,0,1,0,1,0,0,0,0,0,0,0,0,1,3,0,0,0,0,0,0,0,0,0,1,0,0,0,0,22,0,0,0,0,0,0,1,0,0,0,0,0,0,0,0,0,0,0,5,1,0,0,0,0,1,0,19,0,0,0,1,0,3,0,0,0,1,0,0,2,0,1,0,0,0,0,0,0,1,0,0,0,0,0,1,0,0,0,0,0,0,0,0,0,0,7,0,2,0,1,0,16,0,9,0,0,2,2,0,0,4,0,0,0,0,1,0,0,0,0,0
control14-late pre-onset,0,0,0,0,0,0,0,0,0,0,0,0,0,0,6,0,0,0,0,0,0,0,0,0,0,0,0,0,0,1,0,0,0,0,0,0,0,32,0,0,1,0,0,781,0,0,1,0,0,0,0,0,0,0,0,0,0,0,0,0,0,1,0,0,0,0,0,0,0,0,0,0,0,0,0,0,0,0,0,0,0,0,0,0,0,0,0,0,0,0,1,0,0,0,0,0,0,0,0,1,0,0,0,0,0,6,0,0,0,0,0,1,0,0,0,0,0,0,0,0,0,289,1,0,0,0,0,0,0,0,0,0,0,135,0,0,0,0,0,0,0,0,0,0,166,1,0,0,0,0,0,0,0,0,0,0,0,0,1,0,0,0,0,0,0,0,0,167,0,0,0,0,0,0,0,0,0,0,0,0,0,0,0,0,0,0,0,0,0,0,0,0,0,0,0,0,0,0,0,0,0,0,0,0,0,0,0,0,0,0,0,0,0,0,0,0,0,0,0,0,389,1,1,0,13154,0,0,0,0,1,0,0,0,0,0,0,4,0,0,0,0,0,0,2,0,0,0,0,0,0,0,0,0,0,0,0,0,1,0,0,0,0,0,1,0,0,0,2,0,1,1,0,0,0,0,0,12789,0,0,0,0,0,0,0,0,0,0,0,0,0,0,0,0,0,0,0,0,0,0,0,0,1,1,1,0,0,0,51,0,0,1,0,0,0,0,0,0,0,0,0,0,0,0,0,0,0,0,0
control15-early disease,0,0,0,0,0,0,0,0,0,0,0,0,0,0,6.666666667,0,0,0,0,0,0,0,0,0,0,0,0,0,0,0.333333333,0,0,0,0,0,190.6666667,0,0,0,0,1.666666667,0,0,0.333333333,0,0,0,0,0,0,0,0,0,0,0,0,0,0,0,0,0,0,0,0,0,0,0,0,0,0,0,0,0,0,0,0,0,0,0,0,0,1.333333333,0,0,0,0,0,0,0,0,0,0,0,0,0,0,0,0,0,4539.666667,0,1.666666667,0,0,0,62.33333333,0,0,0,0,0,0.333333333,0,0,0,0,0,0,0,0,0,0,2,0,0,0.333333333,0,0,0.333333333,0,0,0,0,2,0,0,0,0,2.333333333,0,0,0,0,0,9,0,0,0,0,13.33333333,0,0,0,0.333333333,0,0.666666667,0,0,0,0,0,0,0,0,0,0,5,6,0,0,0,0,0,0,0,0,0,0,0,0,0,0,0,0,0,0,0,0,0,0,0,0,0,0,0,0,0,0,4.333333333,0,0,0,0,0,0,0,0,0,0,0,0,0,1.333333333,0,0,0,0,0,11,0,2142.333333,0,10,0,0.333333333,0,0,0,0,0,0,0,0,0,0,1,0,0,0,0,0,0,0,0.333333333,0,0,0,0,0,0,0,0,0,0,0,0.666666667,1.666666667,0,0.666666667,0,0,0,0,0.333333333,0,0.333333333,0.333333333,0,2.333333333,0.666666667,0,0.333333333,0,0.333333333,0,0,20946.66667,0,0.333333333,0,0,0,0,0,0,0.666666667,0,0,0,0,0,0.666666667,0.333333333,0,2.666666667,0,0,0,0,0,0,0,1.333333333,0,0,0,0.666666667,13.33333333,0,0,0,0,0,0.333333333,0,0,0,2.333333333,0,0,0,0,0,0,0,0,0,0
control15-early post partum,3,0,0,7,37,105,5,11,12,4,0,81,0,22,9536,3,0,1,0,33,0,0,9,0,2,18,0,0,9,180,0,5,87,0,0,0,0,1,7,5,6,0,0,1,0,1,1153,0,4,0,4,0,0,0,9,0,695,10,1,0,0,301,26,156,2,0,6,152,18,39,0,5,0,0,3,0,4,47,3,0,50,53,2,3,0,0,0,27,0,62,0,9,3,6,2,0,15,0,0,15,0,0,0,0,0,0,195,2,4,0,0,165,2,2,0,9,3,0,0,0,83,2,887,93,169,0,208,15,2,6,1,2,1,62,2,1,0,3,1262,0,0,0,0,0,4,70,4,1,0,0,13,0,139,1,1,12,0,135,84,7,0,7,4,4,0,6,10,13,10,3,0,1,0,5,1,2,62,0,0,11,0,7,0,0,0,51,25,0,1,0,0,0,10,0,3,6,0,0,0,13,12,278,153,48,1,1,0,0,0,72,112,119,12,0,14,0,0,0,0,0,48,407,0,0,161,0,0,1,2,0,0,15,0,0,2,8,2075,0,0,0,0,14,5,2,13,1,0,0,0,0,0,0,0,31,15,271,0,4,31,4,0,1,1,1831,5,0,0,64,2,552,0,1,0,206,5,0,428,4,72,34,2,0,1,3,0,0,0,11,0,0,0,0,0,1,0,0,0,1,8,0,0,623,611,38,235,0,0,12,829,0,794,0,0,677,8,0,9,0,0,0,0,0,0,4,0,1,5,0
control15-early pre-onset,0,0,2,0,3,31,2,1,4,2,0,21,0,2,2503,0,0,0,0,2,0,0,4,0,1,2,0,0,2,42,0,0,23,0,0,5097,0,0,6,0,1,0,1,0,1,0,313,0,2,0,0,0,0,0,0,1,205,1,1,0,1,96,8,39,2,11,1,38,4,19,0,1,0,0,1,0,1,0,0,0,6,20,0,2,0,0,0,4,0,18,0,1,3,0,3,0,1,0,0,3,0,3,0,0,0,56,56,3,3,0,0,50,3,1,0,6,2,0,0,3,21,5,291,30,21,0,74,4,0,4,1,0,0,17,2,0,0,2,361,0,0,0,0,0,11,25,1,0,0,0,14,1,11,0,0,0,0,32,27,12,0,3,2,2,0,4,1,3,1,13,0,0,0,1,0,1,23,0,0,6,0,2,0,0,0,9,11,1,0,0,0,0,4,0,1,0,0,1,0,6,2,82,57,10,0,0,0,0,0,12,34,38,3,0,3,0,0,0,0,0,1070,56,0,0,10,0,0,0,1,0,0,1,1,0,0,4,638,0,1,0,0,4,0,2,1,0,0,0,0,2,10,1,0,17,9,74,8,0,9,0,0,0,0,491,1,0,0,24,1,205,0,0,0,64,0,0,14069,2,26,17,1,0,0,0,1,4,0,39,0,0,0,13,3,1,0,1,0,0,4,0,0,165,174,9,59,0,1,2,232,1,217,0,0,168,3,0,7,0,0,0,0,0,3,5,0,12,2,0
control15-late pre-onset,0,0,0,0,0,0,0,0,0,0,0,0,0,0,1,0,0,0,0,0,0,0,0,0,0,0,0,0,0,0,0,0,0,0,0,251,0,0,0,0,0,0,0,0,0,0,0,0,0,0,0,0,0,0,0,0,0,0,0,0,0,0,0,0,0,1,0,0,0,0,0,0,0,0,0,0,0,0,0,0,0,0,0,0,0,0,0,0,0,0,0,0,0,0,0,0,0,0,0,0,0,0,0,0,0,5,0,0,0,0,0,0,0,0,0,0,0,0,0,0,0,0,0,0,0,0,0,0,0,0,0,0,0,0,0,0,0,0,2,0,0,0,0,0,14,0,0,0,0,0,0,0,0,0,0,0,0,0,0,0,0,0,0,0,0,0,0,0,0,0,0,0,0,0,0,0,0,0,0,0,0,0,0,0,0,0,0,0,0,0,0,0,0,0,0,0,0,0,0,0,0,0,0,0,0,0,0,0,0,0,0,0,0,0,0,0,0,0,0,0,1965,0,1,0,1,0,0,0,0,0,0,0,0,0,0,0,1,0,0,0,0,0,0,0,0,0,0,0,0,0,0,0,0,0,0,0,2,0,0,0,0,0,0,2,0,0,0,0,0,1,0,0,0,0,0,0,25739,0,0,0,0,0,0,0,0,0,0,0,0,0,0,1,0,0,0,0,0,0,0,0,0,1,0,0,0,0,4,2,0,0,0,0,0,0,0,0,0,0,0,0,0,0,0,0,0,0,0,0
control16-early disease,0,0,4,0,0,0,0,0,0,0,0,0,7.5,0,2.5,0,0,0,0,0,8.5,0,0,0,0,0,0,0,0,0,0,0,0,0,0,7,0,7,0,0,4,0,0,152.5,0,0,0,0,0,0,0,1.5,0,0,0,0,0,0,0,0,0,0,0,0,0,0,0,0,0,0,0,0,88.5,425,0,0,0,0,0,0,0,0,0,0,0,0,0.5,0,7,0,43.5,0,0,0,0,0,0,51,0,1203.5,0,0.5,0,0,0,78,0,0,0,0,0,0,0,0,0,0,0,0,0,0,0,2081,1,0,0,1.5,0,0,0,0,0,0,0,43,0,0,0,0,1,0,0,5,0,0,27,0,0,0,0,0,0,0,0,0,0,0,0,0,0,0,0,0,0,0,0,0,1,43,0,0,1,0,0,0,0,0,0,0,0,0,30,0,0,0,0,0,0,0,0,69,0,0,0,2,0,0,0,0,1.5,0,0,0,0.5,0,0,0,0,0,0,0,0,0,0,0,0,0,0,0,0,0,27.5,0,10.5,7.5,20606.5,0,0,0,0,89,0,0,0,0,0,0,0,0,0,0,0,0,0,3,0,0,0,5,4.5,359.5,0,0,0,0,0,0,0,0,0,0,0,0,0,0,0,0,2084,0,1,0,151,0,0,0,0,0,239,0,0,0,0,0,0,0,0,0,0,0.5,0,0,0,0,0,0,0,0,0,0,0,0,0,0,0,0,0.5,0,0,0,0,0,0,0,0,0,0,0,0,1.5,0,0,0,0,0,0,0,4,0,0
control16-early post partum,1.5,0,1,0,1.5,52,0,0,1.5,1.5,0,28.5,0,7.5,5111.5,1,1,0,0,13.5,38,16.5,7,0,0.5,2.5,1,340.5,2.5,127.5,0,0.5,42.5,0.5,7,16,4.5,0,0,0.5,59,0,0,2,0,8.5,293,0.5,3,120,0.5,0,0,0,1,1.5,299,0.5,2,0.5,4,235,7,7.5,0,1,7,36.5,28.5,3,7,2,0,1.5,5.5,0,0,82.5,0,0,0,875.5,9,1,1.5,10,351,11,0,70.5,0,1,1,0,4.5,3.5,0,0,0,188,0.5,0.5,2.5,2.5,0,1,54.5,2,3,0,3,22.5,1.5,1.5,0,3.5,0,0,0.5,0.5,6.5,8.5,1156,41,32.5,5,45.5,9,0,0,1,1,3.5,231.5,2.5,26.5,5,0.5,1545,0,0.5,0,8,0,4,81,199.5,0,0,0,1.5,0,85.5,383.5,1,378,1,11.5,7,4,2.5,7.5,0.5,7,6.5,4,3825.5,30,9,5.5,0,1.5,1.5,5,0,1.5,37,1,2,0.5,0,0.5,52.5,2.5,0,4,8.5,0,3.5,0,0,1.5,2.5,0,0.5,0,0.5,6.5,0,22,6.5,94.5,13,3.5,1,0,0.5,5.5,0,15.5,17,22.5,684,0,25,0,0.5,0,0,3.5,142,69,0,0,551,1,0,2,2.5,1,1.5,0,0.5,11.5,0.5,835.5,443.5,7,11,3,10.5,1.5,0,11.5,0.5,3,0,0,0,0.5,1.5,12.5,0,0,21,227.5,0.5,0.5,333.5,0.5,3,0,11,376.5,0.5,0,87,1,3331.5,373.5,0,65.5,3,39,3.5,0,1389,0,23.5,13.5,1,0,0.5,0,3,0,9,4,0.5,86,0,0,1,1,0,3.5,0,10.5,2.5,4,0,45.5,654,4,172,0,0,3.5,265,1.5,144.5,0,0,203.5,4.5,0,7.5,0,0,11.5,0,0.5,1.5,0,0,3.5,9,0
control16-early pre-onset,0,0,0.5,0,0.5,12.5,1,0,0,0,2,7.5,0,2.5,1448,0.5,0,0,0,3.5,16.5,7,0,0,0,1,0.5,85.5,1,33.5,0,0.5,19.5,0,6,7,1,30,0,1.5,47.5,0,0,1045.5,0,2.5,80.5,0,1.5,14,0,0,0,0,1,0,85,0,0,0,0.5,74.5,1,3.5,0,5,1.5,18,11.5,1,2.5,1,0,0,3.5,0,0,17.5,0,0,0,254.5,2,0,0,1,114,3.5,0,20.5,18.5,0.5,0,0,1,0.5,0.5,0,0,8.5,0,0,1,0,0,1,10,0,0.5,0,1,3,0.5,0,0,1,0,0,0,1.5,2,1762,356,11.5,9,1.5,9.5,2.5,0,0,1,1,1,195,1.5,7.5,2,0,463,0,0.5,0,4.5,0,213,12,60.5,2,0,0,0,0,4,113,0.5,96,1,3.5,3.5,2,0,2,1,2,1.5,1.5,1000.5,15.5,1.5,0.5,0,0,1,1,0,0,15,1,1.5,0,0,0,8,0,0,1,4,0.5,0,0,0,0,1,0,1,0,0,1.5,0,8,1,29.5,4,2.5,0.5,0.5,0.5,0,0,3.5,3,6,202,2.5,4.5,0,0,0,0,3,1068,19.5,0,1,5486.5,0,0.5,1.5,1.5,72,0.5,0,0,4,0,217.5,124.5,0,2.5,0.5,4,0,0.5,40,0.5,0.5,0,0,1,0,0,2.5,0,0,6.5,68,0,0,98,1,1.5,0,120,75,0.5,0,6.5,0,927.5,108.5,0,11.5,1,12.5,2.5,0,10812.5,0,10,1.5,0.5,0,0,0,0.5,0,1.5,1.5,3,12.5,0,0,0.5,0,0,0.5,0,4.5,0,0.5,0,12,180,0.5,45.5,0,0,5,71,1,30.5,0,0.5,64.5,2.5,0,4.5,0,0,2,0,0,0,0,2,4.5,1.5,0
control16-late pre-onset,0,0,1.5,0,0,0,0,0,0,0,0,0,1,0,20,0,0,0,0,0.5,0,0,0,0,0,0,0,0,0,0.5,0,0,0.5,0,0,8,0,22,0,0,157,0,0,1042.5,0,0,1.5,0,0,0,0,0,0,0,0,0,0.5,0,0,0,0,0.5,0,0,0,0,0,0,0,0,0,0,76,0,0,0,0,0,0,0,0,0,0,0,0,0,0,0,7,0,96.5,0,0,0,0,0,0,13,0,1099,0,0,0,0,0,24,0.5,0,0,0,0,0,0,0.5,1,0.5,0,0,0,0.5,0,3855.5,3,0,0,8.5,0,0,0,0,0,0,0,2,0,0,0,0,6.5,0.5,0,3,0,0,205.5,0,0,0,0,0,0,0,0,0,0,0,0,0,0,0,0,0,0,0,0,0,1.5,35,0,2,0,0,0,0,0,0,0,0,0,0,39.5,0,0,0,0.5,0,0,0,0,36,0,0,0,2.5,0,0,0,0,0,0,0,0,0,0,0,0,1,0,0,0,0,0,0.5,0,0,0,0,0,0,0,127,0.5,8,6.5,18096,0,0,0,0,143.5,0,0,0,0,0,0,1,0,0,0,0,0,0,0,0,0,0,0.5,5,0,0.5,0,0,0,0,0.5,0,0,0.5,0,0,0,0,2.5,0,0,1495.5,0,1.5,0.5,0,0,0,0,0,0,1318.5,0,0,0,0,0,0,0,0,0,0,0,0,0,0,0,0,0,0,1.5,0,0,0,0,0,0,2.5,0,1,0,0.5,2,0.5,0,0.5,0,0,0,0,0,0,0,0,0,0,0,0,0,0,0,0,0
control17-early disease,0,0,2,0,0,1,0,0,0,0,0,0,0,0,19,0,0,0,0,0,0,0,0,0,0,0,0,0,0,1,0,0,0,0,0,5,0,0,0,0,1,0,0,0,0,0,1,0,0,0,0,0,0,0,0,0,0,0,0,0,0,3,0,0,0,4,0,2,0,0,0,0,0,0,0,0,0,0,0,0,0,0,0,0,0,0,0,0,0,0,45,0,0,0,0,0,0,0,0,620,0,0,0,0,173,4,0,0,0,0,0,0,0,0,0,0,0,0,0,0,0,7697,1,0,0,0,1,0,0,0,0,0,0,3745,0,0,0,0,5,0,0,0,0,0,825,0,0,0,0,8,0,0,0,0,0,0,0,0,0,0,0,0,0,0,0,0,0,1303,0,0,0,0,0,0,0,0,0,0,0,0,32,0,0,0,0,0,0,0,0,0,0,0,0,38,0,0,0,0,51,0,0,0,0,0,0,0,0,0,0,0,0,0,0,0,0,0,0,0,0,0,573,1,10,56,0,0,0,0,0,65,0,0,0,0,0,0,2,0,0,0,0,0,0,231,0,0,0,0,0,0,0,0,0,0,1,0,1,0,0,0,0,0,0,0,0,0,0,1,0,1,0,0,0,0,0,0,12245,0,1,0,0,0,0,0,0,0,0,0,0,0,0,0,0,0,0,0,0,0,0,0,0,0,0,0,0,0,0,8,2,0,0,0,0,1,0,0,0,202,0,0,0,0,0,0,0,6,0,0
control17-early post partum,6,0,2,3,40,134,6,7,9,4,0,96,0,13,10501,1,1,2,0,47,0,0,9,0,0,19,0,0,3,112,0,0,77,0,0,70,0,0,14,5,25,0,0,0,0,2,1052,0,6,0,3,0,0,0,6,0,647,7,3,0,4,278,30,166,5,0,14,81,14,28,0,8,0,0,4,0,5,5,6,0,54,56,0,5,0,0,0,22,0,53,0,10,4,4,6,1,11,0,1,5,0,0,0,1,0,48,217,0,8,0,0,185,1,2,0,1,3,0,0,0,76,1,367,84,119,6,182,16,0,2,2,0,4,60,4,1,0,9,1329,0,0,0,0,2,1,73,1,1,0,0,29,0,24,0,0,0,3,115,92,11,0,9,1,2,1,1,10,7,6,0,0,1,0,2,0,0,66,0,0,18,0,5,0,0,0,22,36,0,0,0,0,0,6,0,1,4,0,7,0,21,6,283,174,26,4,0,0,0,0,34,58,127,3,0,13,0,0,0,0,0,10,254,0,0,39,0,0,0,2,0,0,8,1,0,0,5,2298,0,1,0,0,11,3,1,10,0,0,0,0,0,1,2,0,50,12,354,1,3,34,3,0,0,2,2077,2,0,0,103,0,604,0,1,0,134,4,0,140,2,69,49,7,0,4,6,3,1,0,11,0,0,0,0,0,0,0,1,0,2,7,0,0,604,646,23,150,0,0,14,866,0,866,0,0,611,9,0,11,0,1,0,0,0,1,9,0,1,4,0
control17-early pre-onset,0,0,0,0,0,1,1,0,0,0,0,0,0,0,112,1,0,0,0,0,0,0,0,0,0,1,0,0,1,0,0,0,0,0,0,2744,0,0,0,0,2,0,0,0,0,0,17,0,1,0,0,0,0,0,0,0,9,0,0,0,0,0,0,1,0,0,0,0,0,1,0,0,0,0,1,0,0,0,0,0,1,0,0,0,0,0,0,0,0,0,0,0,0,0,0,0,0,0,0,2335,0,2,0,0,86,219,0,0,0,0,0,3,0,0,0,0,0,0,0,0,2,0,3,2,0,0,6,0,0,0,1,0,0,13,0,0,0,0,15,0,0,0,0,0,0,0,0,0,0,0,1,0,2,0,0,0,0,1,0,0,0,0,0,0,0,0,0,21294,0,0,0,0,0,1,0,0,0,0,0,0,0,0,0,0,0,0,1,0,0,0,0,0,0,0,0,0,0,0,3,1,0,1,2,4,1,0,0,0,0,0,0,3,0,0,0,0,0,0,0,0,0,3,2,0,1,0,0,0,0,0,0,0,1,0,0,0,36,0,0,0,0,0,0,833,0,0,0,0,0,0,0,0,0,0,0,9,6,0,1,0,1,0,0,32,0,0,0,0,0,14,0,0,0,4,0,0,1,0,0,0,0,0,0,1,0,0,0,0,0,0,0,0,0,0,0,0,0,0,1,0,0,7,5,0,2,0,7,0,12,0,11,0,0,7,1,0,0,100,0,0,0,0,0,0,0,0,0,0
control17-late pre-onset,0,0,0,0,1,0,0,0,0,0,0,0,0,0,20,0,0,0,0,0,0,0,0,0,0,0,0,0,0,1,0,0,0,0,0,201,0,0,0,0,808,0,0,0,0,0,2,0,0,0,0,0,0,0,0,0,1,0,0,0,0,2,0,0,0,0,0,1,0,0,0,0,0,0,0,0,0,0,0,2,0,0,0,0,0,0,0,0,0,0,0,0,0,0,0,0,0,0,0,5280,0,1,0,0,664,18,0,0,0,0,0,0,0,0,28,0,0,1,0,0,0,0,0,0,0,212,0,0,0,0,0,0,0,8091,0,0,0,0,1,0,0,0,0,0,0,0,0,0,0,0,0,0,0,0,0,0,0,0,0,0,0,0,0,0,0,0,0,10598,0,0,0,0,0,0,0,0,0,0,0,0,0,0,0,0,0,0,0,0,0,0,0,0,1,0,0,0,0,0,272,0,0,1,0,0,0,0,0,0,0,0,0,2,0,0,0,0,0,0,0,0,1,1,0,0,2,0,0,0,0,0,0,0,0,0,0,0,8,0,0,0,0,0,0,816,0,0,0,0,0,0,0,0,0,0,0,1,5,0,0,0,0,0,0,8,0,0,0,0,0,2,0,0,0,0,0,0,21,0,0,0,0,0,0,0,0,0,0,0,0,0,0,0,0,0,1,0,0,0,0,0,0,1,1,1,1,0,0,0,4,0,5,1,0,3,0,1,0,900,0,0,0,0,0,0,0,0,0,1
control2-early disease,0,0,0,0,0,3,0,0,3,1,0,7,0,2,225,0,0,0,0,0,0,0,0,0,0,0,0,0,1,10,0,0,3,0,0,120,0,0,0,0,2,0,0,2,0,0,39,0,0,0,1,0,0,0,0,0,18,0,0,0,0,11,1,3,0,1,0,5,1,1,0,0,0,0,0,0,0,0,0,0,1,1,0,0,0,0,0,1,0,2,0,0,0,0,0,0,0,0,0,0,0,0,0,0,0,0,3,0,0,0,0,8,0,0,0,3,0,0,0,0,3,0,45,4,4,0,11,0,0,0,0,0,0,2,0,0,0,0,39,0,0,0,0,0,12,1,0,0,0,0,0,0,3,0,0,0,0,5,1,1,0,0,0,0,0,0,1,3,0,1,0,0,0,0,0,0,2,0,0,1,0,0,0,0,0,1,1,1,0,0,0,0,0,0,0,0,0,0,0,0,0,9,6,2,0,0,0,0,0,0,7,2,0,0,0,0,0,0,0,0,2041,10,0,0,0,0,0,0,0,0,0,0,0,0,0,0,60,0,0,0,0,1,0,0,0,0,0,0,0,1,0,0,0,3,0,11,0,0,1,0,0,0,0,42,0,0,0,2,0,25,0,0,0,7,0,0,25027,0,2,1,0,0,1,0,1,0,0,0,0,0,0,0,0,0,0,0,0,0,1,0,0,16,14,2,4,0,0,3,24,0,18,0,0,29,0,0,0,0,0,0,0,0,0,0,0,0,0,0
control2-early post partum,11,0,0,4,45,118,1,8,15,9,0,83,0,4,10328,0,0,10,0,16,0,0,6,0,1,10,0,0,4,119,0,1,67,0,0,2,0,0,11,9,10,0,0,1,0,0,1179,0,5,0,5,0,0,0,9,1,715,6,0,0,2,282,34,130,1,0,10,69,18,38,0,4,0,0,4,0,11,7,3,0,55,87,1,3,2,0,1,9,0,76,0,12,4,3,1,0,3,0,1,8,0,0,0,0,0,0,211,0,4,0,4,170,3,3,0,6,2,0,0,0,63,1,541,91,138,1,249,16,0,2,1,3,0,68,3,3,0,7,1330,0,0,0,0,0,2,60,2,0,0,0,15,0,32,3,5,3,1,209,97,6,0,13,5,4,0,4,4,20,9,2,0,0,0,6,1,0,74,0,0,31,0,3,0,0,0,43,36,0,0,0,0,0,15,0,3,4,0,2,0,20,10,307,172,46,4,1,0,0,0,55,79,118,2,0,8,0,0,0,0,0,0,276,0,0,8,0,0,0,5,0,0,2,6,0,0,9,2257,0,0,0,0,6,1,2,11,0,0,0,0,1,1,3,0,38,11,317,0,6,70,3,0,6,2,2008,4,0,0,91,5,568,0,0,0,150,9,0,65,2,71,53,3,0,3,6,1,0,0,10,0,0,0,0,0,1,0,2,0,0,12,1,0,615,606,36,210,0,0,15,752,0,875,0,0,603,12,0,8,0,0,0,0,1,1,3,0,0,3,0
control2-early pre-onset,7,0,2,3,19,95,0,4,6,7,0,74,0,12,7409,1,0,0,0,6,1,0,7,0,1,5,0,1,5,71,0,0,55,0,0,6464,2,0,6,7,9,0,1,1,5,0,940,0,1,1,1,0,0,0,8,0,571,10,0,0,1,235,17,99,0,0,6,45,15,21,2,5,0,0,1,0,7,8,2,0,59,58,1,4,0,0,0,12,0,40,0,6,0,2,1,0,16,0,0,11,0,0,0,0,1,0,167,0,7,3,1,140,3,2,0,9,1,0,0,2,55,0,881,71,59,0,151,9,0,2,4,4,2,34,7,2,0,5,938,0,2,0,0,0,2,68,0,1,0,0,28,1,40,2,3,0,4,184,59,57,0,12,1,3,2,4,5,2,5,14,0,1,0,5,0,2,69,0,0,16,0,6,0,0,0,27,22,0,4,0,0,0,8,0,7,4,0,5,0,9,14,226,133,43,2,2,0,0,0,59,37,85,5,0,18,0,0,0,0,0,1,213,0,0,0,0,0,0,1,0,0,16,0,0,0,5,1667,0,0,0,0,5,2,1,3,0,0,0,0,0,3,2,0,15,15,251,8,6,43,4,9,1,4,1415,1,0,0,61,0,596,0,0,0,132,5,0,24,4,67,32,0,0,3,5,1,5,0,10,0,0,0,10,0,0,0,0,0,0,7,1,0,447,503,29,148,0,5,2,643,0,659,0,0,523,6,0,8,0,0,0,0,0,1,3,0,0,3,0
control2-late pre-onset,1,0,0,1,28,52,0,8,11,1,0,91,0,15,8431,2,0,0,0,8,0,0,6,0,1,11,0,1,2,102,0,2,54,0,0,4987,0,0,11,8,32,0,4,1,2,0,910,0,8,2,1,0,0,0,2,0,596,5,0,1,3,240,20,93,6,1,8,66,10,25,0,1,0,0,2,0,3,1,0,0,17,25,1,0,2,0,0,3,0,13,0,5,9,2,0,0,4,0,0,3,0,0,0,0,0,0,153,0,4,2,1,145,3,3,0,31,3,0,0,1,66,0,1515,56,128,4,112,21,0,1,1,0,0,45,5,7,0,6,1028,0,0,0,0,0,0,14,5,1,0,0,37,2,33,2,5,0,0,42,70,14,0,15,2,0,0,4,6,4,3,3,0,1,0,5,0,2,54,0,0,19,0,7,0,0,0,6,24,0,0,0,0,0,7,0,4,2,1,0,0,12,9,244,90,12,1,1,0,0,0,35,80,93,8,0,5,0,0,0,0,0,3,236,0,0,8,1,0,2,1,0,0,2,0,0,0,4,1765,1,0,1,0,12,0,0,26,0,1,0,0,1,2,0,0,44,13,252,48,0,12,3,2,0,3,1284,5,0,0,46,1,691,0,3,0,158,2,0,29,2,62,31,3,0,0,5,2,1,0,3,0,0,0,6,1,1,0,0,0,0,7,0,0,508,554,7,137,0,2,5,641,0,642,0,0,387,15,0,11,0,0,0,0,0,3,5,0,0,5,0
control3-early disease,0,0,0,0,0,0,0,0,0,0,0,0,0,0,5,0,0,0,0,0,10,0,0,0,0,0,0,0,0,0,0,0,0,0,0,465,0,0,0,0,9,0,0,0,0,0,0,0,0,0,0,0,0,0,0,0,0,0,0,0,0,0,0,0,0,0,0,0,0,0,0,0,0,0,0,0,0,0,0,0,0,1,0,0,0,0,0,0,1,0,0,0,0,0,0,0,0,0,0,337,0,0,0,0,0,0,0,0,0,0,0,0,0,0,1,0,0,0,0,0,0,6,0,0,0,0,0,0,0,0,0,0,0,0,0,0,0,0,2,0,0,0,0,0,1,18328,0,0,0,0,0,0,0,0,0,0,0,0,0,0,0,0,0,0,0,0,0,7,0,0,0,0,0,0,0,0,0,0,0,0,0,0,0,0,0,1,0,0,0,0,0,0,0,0,0,0,0,0,6,0,0,0,0,0,0,0,0,0,0,0,0,0,0,0,0,0,0,0,0,0,10,0,0,0,0,0,0,0,0,0,0,0,0,1,0,0,1,0,0,0,1,0,0,0,0,0,0,0,0,2,0,0,0,0,0,0,0,1,0,0,0,0,8659,0,0,0,10,0,1,0,0,0,0,0,0,0,104,0,0,0,0,0,0,0,0,1,0,12,0,0,0,2,0,0,0,0,0,0,0,0,0,0,1,0,0,0,3,0,0,0,0,0,0,0,0,0,0,5,0,0,0,0,0,0,0,0,0,0
control3-early post partum,0,260.5,2,0,3.5,74,0,1.5,2.5,2,0,28,0,11,7042.5,3,1,0,1,18.5,9.5,22,5.5,0,2.5,3,6.5,158.5,8,146,0,0,50.5,3,0.5,5.5,4.5,1,0,1,28,0,1.5,14,0,10,343,0,3.5,131.5,0.5,0,1,0,1,0,284.5,1,3,2.5,1.5,287,18.5,20,0,8,6,125,15,12.5,5.5,4.5,0,6,4,0,0,87,0.5,0,1,1077.5,3.5,0,0.5,5,208,28,0,72,0,1,5,3,3.5,4,4,0.5,3,53,0,0,1,0,0,3,105.5,0.5,0.5,0,1.5,26,2,1.5,0,15,0.5,0,0,1.5,18.5,16,1801,31,47.5,2,37,12,0,0,2,2.5,3.5,223,6.5,63,1,1,1649.5,0,2.5,0,4.5,2.5,21,41,95,0,1.5,0,1,0,26.5,172.5,1,205.5,7,17,25,12.5,2,4.5,3,9.5,4.5,2.5,1768.5,117,12.5,3.5,0,0.5,4.5,3.5,0.5,1.5,22,2,18,2,0,2,8,1.5,0,5,3.5,0.5,3,0,0,1.5,4,0,5.5,0.5,2,6,0,35,4,166.5,37.5,2,3,1.5,0,10.5,0,20.5,46,33.5,373,1,36,0,0,0,0,0.5,144,93,0,0.5,436,7,0.5,0.5,7.5,1,0,1.5,3.5,20.5,1,466.5,568.5,6,6.5,2,17.5,2,1,5,0,0,0,0,0,1.5,0,10.5,1.5,0,40,236.5,0.5,0,383,1.5,6.5,0,4,414,2,0,54,7.5,1705,426,5.5,64,7,69,4.5,758.5,1224,0,48.5,18,0,18.5,0,0,1.5,0,5.5,1,0,471,1.5,0,1.5,0.5,0,25.5,0,16.5,4.5,5,0,88,754.5,6.5,223,0,0,4,343,3,185,0,4,217.5,6.5,0,8,0,0.5,8.5,0,2,2.5,0,0,7,9.5,0
control3-early pre-onset,0.5,0,0.5,0,1,120,0,1.5,2.5,0,0,11.5,0,3.5,4533.5,3,0.5,0,0,14,4,27,2.5,0,0,3,1,370,2.5,135,0,0.5,26,2,9.5,30.5,1.5,0,0,0,111,0,4,2.5,0,10,226.5,0,5,118,0,0,1.5,0,0.5,0,198,1,1.5,0.5,2.5,200,4.5,5.5,0,1.5,5.5,39.5,17,2,6.5,3,0,0.5,5.5,0,0,95.5,0.5,0,0,1293,3.5,1,0.5,7,361.5,12,0,58,0,0.5,0,0,4.5,18,0,0,0,51.5,0,0,3.5,1,0,3,46,0.5,1,0,0,14,3.5,3,0,4.5,0,0,0,1,3.5,56,1114.5,28,35,12.5,33,6.5,0,0,3,1.5,2.5,225,7.5,33,5,0,1405.5,0,0.5,0,11,0.5,1,356,188,0,0,0,1.5,0,9,425,1,491,2,7.5,2.5,7.5,3.5,1.5,0,9,9,9,3368,65,8,4.5,0,0.5,0,4,2,2.5,29,1,0.5,0.5,0,0,3,1,0,3,2.5,0.5,0.5,0,0,0.5,1.5,0,1.5,0,2.5,5,0,5,4,82,40.5,1,0.5,2,0.5,11,0,13,15,18,582.5,0,13.5,0,0,0,0,1,142.5,44.5,0,0,1385.5,0,2,0.5,2.5,2,1,0,0,12.5,0,793.5,385.5,6.5,9.5,1.5,0,1,1,6,0.5,7,0,0,0,0,0,11.5,0,0,64.5,227.5,0,0.5,521.5,1.5,1.5,0,86,217,0,0,12.5,3.5,3580,339.5,2.5,69.5,0,40.5,5.5,0,1310.5,0,28.5,5,0,0,0.5,0,0.5,0.5,10,5,0,167.5,1.5,0,0,1,0,0.5,0,20,1.5,6,0,28.5,598.5,4.5,166.5,0,0,6.5,213,1.5,102,0,8.5,206,7.5,0.5,6,0,0,9.5,0,0.5,5,0.5,0,2.5,5,0
control3-late pre-onset,0,0,0,0,0,0,0,0,0,0,0,0,0,0,14,0,0,0,1,0,1,0,0,0,0,0,0,0,0,0,0,0,0,0,1,981,0,0,0,0,728,0,0,0,2,0,0,0,0,1,0,0,0,0,0,0,0,0,0,0,0,1,0,0,0,0,0,0,0,0,0,0,0,0,0,0,0,1,0,0,0,3,0,0,0,0,4,0,0,0,0,0,0,0,0,0,0,0,0,4,0,0,0,0,0,0,0,0,0,0,0,0,0,0,6,0,0,2,1,0,0,0,2,1,2,196,0,0,0,0,0,0,0,1,0,0,0,0,11,2,0,0,0,0,0,25719,1,0,0,0,0,0,0,1,0,2,0,0,0,0,0,0,0,0,0,0,26,0,0,0,0,0,0,0,0,0,1,0,0,0,0,0,0,0,0,3,0,2,0,0,0,0,0,0,0,0,0,0,0,0,0,0,0,0,0,0,0,0,0,0,0,0,6,0,0,2,0,0,0,0,20,0,0,0,3,0,0,0,0,0,0,0,0,0,0,4,1,0,0,0,0,0,0,0,0,0,0,0,0,0,0,0,0,0,1,0,6,0,1,0,0,0,2,3,0,0,1,0,17,3,0,5,0,0,0,0,157,0,0,0,0,0,0,0,0,3,0,0,0,0,0,4,0,0,0,0,0,0,0,0,0,0,3,0,0,15,7,0,2,0,0,0,0,1,0,5,0,0,0,0,1,0,0,0,0,0,0,0
control4-early disease,0,0,0,0,0,0.5,0,0,0,0,0,0,2,0.5,64,0.5,0,0,0,0,1761.5,0,0,0,0,1,0,1,0,2.5,21,0,0.5,0,0,0.5,0,57.5,0,0,0,0,0,1430.5,0,0.5,4,5.5,0,0.5,0,0,0,0,0,0,3.5,0,0,0,0,3,0,0,0,0,0,0.5,1,0,0,0,0,0,0,0,0,0,0,0,0,11,0,0,0,0,0.5,0.5,0,0,0,0,0,0,0,0,0,0,0,264.5,2.5,0,0,0,0,0,1,0,0,0,0,0,0,0,0,0.5,0,0,0,0,0.5,6.5,16.5,0,2,0,1,0.5,0,0,0,0,0,1,0,0.5,0,0,24.5,0,0,0,0,0,231,0,0.5,0,0,0,0,0,0,1,0,0,0,0,0,0,0.5,0,0,0,0,0,0,6,1,0,0,0,0,0,0,0,0.5,0,0,0,0,0,2,0,0,0,0,0,0,0,0,0,0,0,0,0,0,0,0,0,0,2,0.5,0.5,0,0,0,0,0,0.5,0,0.5,1.5,0,0.5,0,0,0,0,0,391,1.5,2.5,0,19676,0,0,0,0,0.5,0,0,0,0,0,1.5,4.5,0,0,0,0,0,0,0,0,0,0,0,0,0.5,0,0,0,0,0,2,0,0,5,0,0,0,0,3.5,0,0,0,0,0.5,7,0,0,0,1.5,0,0,3846.5,0,0,0.5,0,0.5,0,0,2.5,0,0,0,0,0,0,0,0,0,0,0,0,0,0,0,0,1.5,5.5,0.5,3,0,0,5.5,2.5,0,1,0,0,1,0.5,0,0,0,0,0,0,0,0,0,0,81.5,0,0
control4-early post partum,2,0,0,0,2,85,2,1,2,1,0,32,0,10,8041,0,1,0,0,28,38,8,10,0,1,3,0,57,17,143,0,0,36,0,3,3,5,0,0,2,274,0,4,0,0,12,385,0,10,83,0,0,4,0,0,0,254,0,6,1,2,493,4,20,0,0,1,111,15,8,11,3,0,3,13,0,0,43,0,0,0,2895,1,6,1,0,142,28,0,65,0,4,1,1,10,7,1,0,8,9,0,0,0,1,0,0,133,4,5,0,3,37,2,0,1,21,0,0,0,20,18,3,1737,48,65,28,130,7,0,0,4,1,0,520,8,50,1,3,2214,0,2,0,0,1,0,27,61,4,0,0,1,0,19,116,1,4,0,21,59,12,5,5,1,20,1,6,390,97,9,28,0,3,0,5,3,3,20,6,3,2,0,1,33,0,0,6,10,0,3,0,0,0,6,0,2,0,1,23,0,16,16,190,76,2,3,6,21,10,0,64,30,30,279,0,39,0,0,0,0,0,34,70,0,0,221,0,0,4,2,1,0,2,7,33,4,352,619,6,0,3,5,3,3,0,0,2,0,0,0,1,12,12,0,0,39,295,0,2,1047,6,10,10,49,356,0,0,0,12,452,485,0,16,1,65,4,0,272,1,70,15,1,18,0,0,0,0,3,6,0,15,0,0,14,2,0,3,0,157,12,7,0,72,990,2,580,0,0,1,335,2,170,0,5,631,5,0,6,0,0,9,0,0,0,0,0,0,7,0
control4-early pre-onset,0,0,0,0,0,2.5,0,1,0.5,0,0,2,0,0,1101,0,0,0,5,2.5,1.5,1.5,0,0.5,0,0.5,0,1.5,0,20,0,0,3,0.5,0,1,0,0,0,0,11034.5,0.5,0,2.5,0,1,49.5,0,0,1,0,0,0.5,0,0,0,20,0,0,0,0.5,33.5,1,3,0,0.5,0,11.5,2,0.5,0.5,0,0,1,0,1.5,0,1,0.5,2,0,41,0.5,0,0,0,6,5.5,0,3.5,0.5,0.5,0.5,0,0,0,0,0,0,1.5,0,0,0.5,0.5,0,0,14.5,0,0,0,0.5,3.5,0,0,15,2.5,0,2.5,0.5,26.5,0.5,47.5,211,1.5,9.5,336,4.5,1,0,0,0.5,0,0,30,0.5,0.5,0,0,274.5,4.5,0,0,0,0,3.5,1.5,2,0,0,0,0,0,1,4,0,0,0,1,1.5,0.5,0.5,0,0,0,0,0,16,30,0,93.5,0,0,0,0,0,0,3,0,0,0.5,0.5,0.5,2.5,0,0,0,1,0,0,0,0,0,0,0.5,0.5,0,0,0,0,0.5,0,20.5,2.5,0,0,0,26.5,0,0,2.5,6.5,2.5,30,0,4.5,7.5,0.5,0,0.5,0,1293,8,0,0.5,7,0,0,0,0.5,1,0,0,0,1,0,15,67,0.5,0,0,0,0,0,0.5,0.5,0,0,0,0,0.5,22.5,0,0,0,2.5,31,0,0,13.5,0,0,0,0.5,57,0,0,4,0,18.5,45,0,1,0,9.5,0.5,0,12471.5,0,7,1,0,1.5,0,0,0.5,0,0,0,0,3,0,0,15,0.5,0,11.5,0,2,0.5,0.5,0,5,118,0,31,2,0,1.5,35,0,16,0,2,23.5,7,4.5,0.5,0.5,0,0,2,0,0,0,0,0.5,0,0.5
control4-late pre-onset,0,0,0,0,0,0,0,0,0,0,0,0,0,0,1,0,0,0,0,0,2721,0,0,0,0,0,0,0,0,0,4,0,0,0,0,106,0,1,0,0,0,0,0,47,0,0,0,70,0,0,0,0,0,0,0,0,0,0,0,0,0,0,0,0,0,0,0,0,0,0,0,0,0,0,0,0,0,0,0,0,0,1,0,0,0,0,0,0,0,0,0,0,0,0,0,0,0,0,0,7,16,0,0,0,0,0,0,0,0,0,0,0,0,0,0,0,0,0,0,0,0,3,0,0,0,0,0,0,0,0,0,0,0,0,0,0,0,0,2,0,0,0,0,0,15,0,0,0,0,0,0,0,0,0,0,0,0,0,0,0,0,0,0,0,0,0,0,0,0,0,0,0,0,0,0,0,0,0,0,0,0,0,0,0,0,0,0,0,0,0,0,0,0,0,0,0,1,0,0,0,0,0,0,0,0,0,0,0,0,0,0,0,0,0,0,0,0,0,0,0,2305,0,0,0,148,0,0,0,0,1,0,0,0,0,0,0,0,0,0,0,0,0,0,0,0,0,0,0,0,0,0,0,0,0,0,0,1,0,0,1,0,0,2,0,0,0,1,0,0,0,0,0,0,0,0,0,21921,0,0,0,0,0,0,0,3,1,0,0,0,0,0,0,0,0,0,0,0,0,0,0,0,0,1,0,0,0,3,1,0,0,0,0,6,0,0,0,0,0,0,0,0,0,0,0,0,604,0,0
control5-early disease,0,0,1,0,0,0,0,0,0,0,0,0,0,0,33,0,0,0,0,0,2231,1,0,0,0,0,0,0,0,0,0,0,1,0,0,14,0,0,0,0,18,0,0,6,0,0,3,12,0,0,0,0,0,0,0,0,0,0,0,0,0,0,1,0,0,0,0,1,1,0,0,1,0,0,0,0,0,0,0,0,0,7,0,0,0,0,1,0,0,0,0,0,0,0,0,0,0,0,0,22,9,0,0,0,0,0,0,0,0,0,0,0,0,0,0,0,0,0,0,3,1,0,9,0,1,0,0,0,0,0,0,0,1,0,0,1,0,0,7,0,0,0,0,0,3,0,0,0,0,1,0,0,0,0,0,0,0,0,1,0,0,0,0,0,0,0,1,1,0,2,0,0,0,0,0,0,0,0,0,0,0,0,0,0,0,0,0,0,0,0,0,0,0,0,0,0,0,0,0,0,0,0,0,0,0,0,1,0,0,0,1,0,1,0,0,0,0,0,1,0,616,3,0,0,1,0,0,0,0,0,0,0,0,0,0,1,4,0,0,0,0,0,0,0,0,0,0,0,0,0,3,0,0,0,0,0,0,0,1,0,0,0,18151,0,0,0,0,1,5,3,0,0,0,0,0,0,6546,0,0,0,0,1,0,0,0,0,0,0,0,0,0,0,1,0,0,0,0,0,0,0,0,2,4,0,2,0,0,0,3,1,0,0,1,1,0,0,0,0,0,0,0,0,0,0,0,244,0,0
control5-early post partum,0,0,2,0,1,67,0,4,7,1,0,42,0,9,5269,1,0,0,0,19,2,33,6,0,1,4,0,331,5,154,0,0,37,1,4,3,5,0,0,1,13,0,3,5,0,5,303,0,4,130,0,0,1,0,0,0,249,0,2,5,4,247,8,10,0,2,8,52,23,1,12,4,0,5,5,0,0,114,0,0,0,1046,6,1,1,7,390,22,0,97,0,1,2,0,2,10,0,0,0,33,0,0,5,2,0,1,52,0,5,0,0,19,3,1,0,9,0,0,0,5,13,82,1516,42,44,0,48,7,0,0,4,2,3,222,2,7,6,0,1691,0,1,0,14,0,2,76,199,0,0,0,0,0,13,400,0,296,1,13,3,6,5,3,1,18,7,3,3924,16,8,5,0,0,0,8,0,1,44,1,1,2,0,0,8,0,0,4,6,1,2,0,0,1,2,0,3,0,1,6,0,7,8,118,29,0,1,3,4,11,0,12,37,24,694,0,18,0,0,0,0,5,36,62,0,1,620,0,0,3,6,5,1,0,0,10,0,900,444,6,10,2,2,0,0,2,1,4,0,0,0,2,5,3,0,0,29,258,0,1,382,1,0,0,10,259,0,0,57,1,3517,411,4,84,0,60,5,0,318,0,29,11,3,0,0,0,1,0,8,5,0,101,0,0,2,1,0,6,0,16,0,1,0,59,710,4,173,0,0,5,250,2,126,0,13,174,4,0,15,0,0,22,0,0,4,0,0,4,14,0
control5-early pre-onset,0.5,22,1.5,0,1.5,29,0,1.5,0.5,0,0,9,0,2.5,3012,1,0,0,0,9.5,1,16,2.5,0,0,1,0,166,4,72,0,0,21.5,0,1,16,0.5,0,0,0,75.5,0,2.5,1.5,0,3,158.5,0,1,58,0,0,1,0,0,0,120.5,0.5,0,0,1,131.5,3.5,4,0,0,3.5,25.5,10.5,2,2,1,0,5,4,0,0,46.5,0,0,0,450.5,1.5,0.5,1,3,182.5,13,0,39.5,0,0.5,0,0,1,0.5,0,0,0.5,24,0,0,1,1,0,0.5,27,0.5,1,0,1.5,5.5,0,2,0,3,0,0,0,2630,4,56,735.5,20,22,12,13,2.5,0,0,1,0.5,3,100,2,2,1,1.5,913,0,0.5,0,5,0.5,0,552,99.5,0,0.5,0,0.5,0,5,173,0,158,2.5,6,5,2.5,0,2,1.5,4.5,5.5,2,1809.5,31.5,9.5,3864.5,0,1,3,2,0,0,15,0,0.5,0,0,0,1.5,0,0,1.5,1.5,0,0.5,0,0,0,0,0,0.5,0,0.5,5,0,6,4.5,52,14,3.5,0,1,2607.5,3,0,9.5,20,10.5,332,0,20,0,0,0,0,0,25,33,0,0,442.5,0,1,0.5,0.5,0.5,1,0.5,1,5,0.5,454,247,3,6,1,3,0,2,0.5,1.5,0.5,0,0,0,1.5,2091,1.5,0,0,18,128.5,0,0,175.5,1,3.5,0,179,138.5,0,0,13,0,1738,193.5,0.5,27.5,1,28.5,4,52,249.5,0.5,8,6,0,1.5,0.5,0,0.5,0,4.5,0,0,92,0,0,1521,0.5,0,23.5,0,5,0,2.5,0,30,385.5,1,102.5,0,0,0,141,0.5,62.5,0,0,116,6.5,0.5,7,0,0.5,3,0,0,1,0,0,0.5,4,0
control5-late pre-onset,0,0,0,0,0,0,0,0,0,0,0,1,0,0,77,0,0,0,1,0,7591,0,0,0,0,0,0,1,0,1,2,0,0,0,0,2327,0,0,0,0,321,0,0,19,3,5,2,70,0,1,0,0,0,0,0,0,1,0,0,0,0,3,0,0,0,1,0,1,1,0,0,0,0,0,0,0,0,1,0,0,0,8,0,0,0,0,1,0,0,2,0,0,0,0,0,0,0,0,0,0,43,0,0,0,0,1,2,0,0,1,0,1,0,0,0,0,0,0,0,3,0,0,11,0,1,42,3,0,0,0,0,0,0,3,0,0,0,0,24,2,0,0,0,0,5,2,0,0,0,0,0,1,2,0,0,0,0,1,0,0,0,1,0,1,0,0,1,0,0,2,0,1,0,1,0,0,2,0,0,0,0,0,0,0,0,0,0,0,0,0,0,0,0,0,0,0,0,0,0,1,0,4,0,1,0,0,0,0,0,0,0,0,1,0,1,0,5,0,0,0,1411,0,0,0,0,0,0,0,0,0,0,0,0,0,0,1,1,0,0,0,0,0,0,0,0,0,0,0,0,0,1,0,0,0,1,5,8,0,7,0,0,0,0,3,0,0,0,0,0,3,0,0,0,1,0,0,15170,0,1,0,0,0,0,0,14,3,0,0,0,0,0,5,0,0,0,0,0,0,0,0,0,2,10,0,2,0,11,0,2,0,3,0,8,2,0,0,0,0,0,0,0,0,0,0,0,708,0,0
control6-early disease,0,0,1.5,0,0,0,0,0,0,0,0,0,0,0,31,0,0,0,0,0,97,0,0,0,0,0,0,0,0,0.5,0.5,0,0,0,0,45.5,0,32,0,0,0,0,0,1188,0.5,0,1.5,4,0.5,0,0,0,0,0,0,0,0.5,0,0,0,0,1,0,0,0,2,0,0.5,0,0.5,0,0,0,0,0,0,0,0,0,0,0,3,0,0,0,0,0.5,0,0,0.5,33.5,0,0,0,0,0,0,0,0,21,0,0,0,0,2,4.5,0,0,0,0,0,0,0,0,0,0.5,0,0,0,0,0,3382.5,3,0,0,0,1,0,0,0,0,0,0,2,0,0,0,0,9.5,0,0,0,0,0,247,0,0.5,0,0,5.5,0,0,0,0.5,0,0,0,0,0,0,0,0,0,0,0,0,0.5,1080.5,0,0,0,0,0,0,0,0,0.5,0,0,0,15.5,0,0,0,0,0,0,0,0,0,0,0,0,31,0,0,0,0,0,0,0,0.5,0,0,0,0,0,0,0,0,0,0.5,0.5,0,0,0,0,0,6.5,0,1360,1.5,6,13.5,7605.5,0,0,0,0,128,0,0,0,0,0,0.5,2,0,0,0,0,0,0,1,0,0,0,0,0.5,0,0,0,0,0,0,1,0.5,0,0.5,0,0,0,0,1,0,0,0,0,0,1,0,0,0,0,0,0,12559.5,0,0,0,0,0,0,0,0.5,0,0,0,0,0,0,0,0,0,0,0,0,0,0,0,0,0,1.5,0,0.5,0,0,2,0,0,1,0,0,1,0,0,0,1,0,0,0,0,0,0,0,44.5,0,0
control6-early post partum,2.5,0,1.5,0,9,35.5,0.5,1.5,3.5,1,0,44.5,0,9.5,9138.5,3,0,0,0,26.5,2,7,4.5,0,3.5,5,1.5,27.5,5,244,0,1,82.5,0.5,0,3,0.5,0,0,4,13.5,0,4,0,0,1,534,0,5.5,63,0.5,0,2.5,0,0,0,382,1.5,3,0.5,2,342,13.5,43,0,3.5,10.5,146,33.5,12,2.5,5,0,23,2.5,0,0,12,2,0,0,1180,3.5,0.5,0,1.5,94.5,44.5,0,82.5,0,3.5,1,0,2.5,1,3,0,0,147.5,0,0,2.5,2.5,0,1,163,1.5,0.5,0,4,51,2.5,2.5,0,21,0,0,0,0,22.5,39.5,2187,63,62,0.5,66.5,19.5,0,0,1.5,2,8,262,10.5,20,0,3.5,2418,0,0.5,0,0,0.5,0.5,42.5,24.5,1.5,0,0,0,0,17,34,2,0.5,1.5,18.5,25.5,12,2,9,1.5,13.5,2,4,169.5,41.5,15.5,1.5,0,0.5,0,10,2.5,1,42,2.5,2,3,0,1,6.5,0,0,5.5,10.5,0,1.5,0,0.5,0,3.5,0,3.5,0,2,6.5,0.5,11,5,233,38.5,7,0.5,1.5,1,0,0,29,43,44,173,0,36.5,0,0,0,0,0,37.5,200,0,0,18,0,1,1.5,7,1,0,3,0,11.5,2,196,845.5,1.5,1,0.5,1.5,2.5,1,1.5,1.5,1.5,0,0,0,18,0.5,4,0.5,0,16.5,401.5,1.5,1,421.5,1.5,2,4.5,2,583,2,0,49.5,6,195,677,3,13.5,0.5,126,5.5,0,246.5,0.5,48.5,26.5,1,27,0,0,0,0,0.5,0,0,38,0,0,0.5,1.5,0,5,0,56.5,2.5,8,0,146,1117.5,10.5,279,0,0,1,453,0.5,298.5,0,1502.5,283,28,0,17,0,0.5,1,0,1.5,2.5,0,0,5,7,0
control6-early pre-onset,3,0,3.5,0,9,41,0,4.5,4.5,0.5,0,50.5,0,10.5,8535.5,1,0,1,0.5,26,7.5,7.5,5,0,1.5,3.5,1.5,29,4,206,0,0.5,66,3,6,2.5,1.5,0,0,3,1383.5,0,3,0.5,0,4,523.5,0,3.5,124,0,0,2,0,1.5,0.5,359,1,3.5,0.5,1.5,338.5,14,28,0,0,5.5,128,44.5,11.5,1,5,0,7,3.5,0,0,36.5,2.5,0,0,1801.5,3.5,0.5,1,1.5,93,40.5,0,117,0,5.5,2.5,0,3.5,11.5,1,0,1.5,37.5,0,0,2,2,0,1,136,1.5,5,0,0,42,0.5,2.5,0.5,15,0,0,0,3,24,13.5,1860.5,72,56,26.5,74.5,17,0,0,1.5,5,5,280,6.5,35.5,1.5,2,2131,1,0.5,0,0,1.5,1,75,28.5,2.5,0,0,0.5,0,75.5,44.5,2,0.5,1.5,37.5,25.5,8.5,3,10,1.5,12,2,5,172.5,19.5,8,7,0,2.5,0,8.5,1.5,1.5,49.5,9,18.5,1,0,1,4.5,2,0,7,14,0,0,0,0,0.5,2.5,0,4.5,0.5,3.5,11,0,9,7.5,204.5,34,6.5,0.5,2,2.5,1,0,25.5,24.5,42.5,178,0,32.5,0.5,0,0,0,0,10.5,216,0,0,29.5,0,0,1.5,4.5,0,0,1,2,13,2,175,909,2.5,2,2,1,2,0.5,1,1.5,1.5,0,0,0,4.5,1.5,12.5,0,0,23.5,362.5,0,1,625,0.5,1.5,8.5,5,663.5,2,0,19.5,4.5,198.5,666.5,1,28.5,0.5,110.5,8,0,125,1,48,24.5,0.5,37.5,0,0,1,0,2,1,1.5,4,0.5,0,2,0.5,0,7,0,9,5,4,0,170.5,1030.5,13.5,303.5,0.5,0,3,475.5,3,284,0,711,272.5,10,0.5,14.5,0,1,1,0,0.5,3.5,0,0,0.5,13,0
control6-late pre-onset,0,0,6,0,0,0,0,0,0,0,0,0,0,0,43.5,0,0.5,0,0,0,0,0,0,0.5,0,0,0,0,0,1.5,0,0,0.5,0,0,281.5,0,0,0,0,6867.5,0,0,0,0,0,2,0,0.5,0.5,0,0,0,0,0,0,1,0,0,0,0,3,0.5,1,0,0,0,0,0.5,0,0,0,0,0,0.5,0,0,0,0,0,0,9,0,0,0,0.5,0,0,0,0,0,0,0,0,0,0,0,0,0,90,0,0,0,0,29,0,3,0,0,0,0,0,0,0,9,0,0,0,0,0,0,6081.5,9,0.5,0,83.5,0,0,0,0,0,0,0,2,0,0,0,0,16,15,0,0,0,0,0,0,0,0,0,0,0,0.5,0,0,0,0,0,0.5,0.5,0,0,0,0,0.5,0,0,1,13791,0.5,0,0,0,0,0,0,0,0,0,0,0,62.5,0,0,0,0,0,0,0,0,0,0,0,0,136.5,0,0,0,0,0,0,0,0.5,0.5,0,0,0,0,0,0,0,0,1.5,2.5,0,0.5,0.5,1,0,0,0,0.5,0,19.5,97,2,0,0,0,0,246.5,0,0,0,0,0,1,6,0,0,0,0,0,0,0,0,0,0,0,0,0,0,0,0,0,0.5,4,0,0,2,0,0.5,0,0,2.5,0,0,0,0,1.5,3,0,0,0,0.5,0,0,2,0,0,0,0,0,0,0,0,1,0,0,0,0,0,1,0,0,0,0.5,0,0,0,0,0,2.5,7.5,0,2,0,2.5,0,3,0,2,0,0,2.5,0.5,6,0,13.5,0,0,0.5,0,0,0,0,0,0,0.5
control7-early disease,0,0,0,0,0,0.5,0,0,0,0,0,0,1,0,42.5,0,0,0,0,0,285,0,0,0,0,0,0,0,0,0.5,1,0,0.5,0,0,55,0,19.5,0,0,0,0,0,493,0,0.5,1,7,0,0,0,0,0,0,0,0,1,0,0,0,0,2.5,0,0,0,2.5,0,1,0,0,0,0,0,0,0,0,0,0,0,0,0,4,0,0,0,0,0,0,0,0.5,0,0,0,0,0,0,0,0,0,3.5,1,1,0,0,2,15.5,0,0,0,0,0,0,0,0,0,0,0,0,0,0,0,0,9,0.5,0,0,0,0,0,0,0,0,0,1,0,0,0,0,11,0,0,0,0,0,79,0.5,0,0,0,5,0,0,0,0,0,0,0,0,0,0,0,0,0,0,0,0,2,453.5,0,0,0,0,0,0,0,0,0,0,0,0,0,0,0.5,0,0,0,0,1.5,0,0,0,0,0,0,0,0,0,0,0,0,0,0,0,0,0,0,0,0,0,0,0.5,0,0.5,0,0,0,0,0,1,0,1434.5,0,2.5,0,12085,0,0,0,0,0,0,0,0,0,0,2,1,0,0,0,0,0,0,0,0,0,0,0,0,0,0,0,0,0,0,0.5,0.5,0,1.5,0,0,0,0,1.5,0,0,0.5,0,1,1.5,0,0,0,1,0,0,12871.5,0,0.5,0,0,0,0,0,0,0,0,3,0,0,0,0.5,0,0,0,0,0,0,0,0,0,0,3.5,0,2.5,0,1.5,0,0.5,0,0,0,0,0,0,0,0,0.5,0,0,0,0,0,0,0,70,0,0
control7-early post partum,1,0,2.5,0,11.5,44.5,1.5,1,2.5,0.5,0,42.5,0,9,9792,3,0,0,0,25.5,8,11,2.5,0,2.5,5,1.5,34,5,246,0,0,51.5,0.5,0,2,0,1,0,2.5,43.5,0,1.5,0.5,0,6,660,0,5,62.5,1,0,4.5,0,0,0,375,1,2,0,1.5,360,13,32.5,0,1.5,6.5,157,28.5,12,3.5,5,0,8,5.5,0,0,21.5,2,0,0,1161.5,5.5,3.5,1,0.5,93.5,50,0,75.5,0,2.5,0,0,7.5,2.5,2,0,1,28,0,0,2.5,4.5,0.5,0.5,167.5,1.5,1.5,0,2,35.5,2,2,0,23,1,0,0,1.5,29,12,2372.5,65.5,62.5,8,69,17.5,0,0,1.5,1,3.5,301.5,9.5,36,0,0.5,2528,0,1.5,0,0.5,0.5,0.5,39.5,28,0.5,0,0,0,0,23.5,41,2.5,0.5,0.5,22.5,22.5,11.5,2,10.5,3,7.5,0,5,184,36.5,18,2.5,0,2,1,5,0.5,1,62,2.5,1,2,0,1.5,17,0.5,0,6.5,11,0,0.5,0,0,0,4.5,0,3,0.5,1,9,0,13,6,249.5,34,8,1,3.5,0,2,0,25,46.5,42.5,177,0,43.5,0,0,0,0,0,17,144,0,0,91,0,0,2,5,0,0,1.5,0,8.5,1.5,207,993,0.5,0.5,0,2,1.5,0.5,3.5,0.5,1.5,0,0,0,7.5,1,4,0,0,20.5,415.5,1.5,1,403.5,4,6.5,3.5,3.5,645,0,0,25,4.5,203,808.5,0.5,11.5,0.5,147,6.5,0,132,1.5,45,17,0,23.5,0,0,0.5,0,1,2.5,0.5,5.5,0,0,0,3,0,45,0,9,3,7,0,172.5,1234.5,10.5,298,0,0,6.5,500.5,2.5,318.5,0,0,309,29.5,0,17,0,0,1.5,0,0,4,0,0,3.5,9,0
control7-early pre-onset,2,0,0.5,0,4,20.5,0,2,0.5,1.5,0,25.5,0,6,4731.5,1.5,0,0.5,0.5,12,0.5,5,1.5,0,1,3.5,0.5,13.5,2.5,114.5,0,0,27,0.5,1,6456.5,0,0,0,1.5,7135.5,0,1,0,2,0.5,303.5,0,3,48.5,0,0,0.5,0,0.5,0,178,1,0,0,0.5,176.5,11.5,14.5,0,0.5,1.5,88,13.5,6.5,0.5,2.5,0,1.5,1.5,0,0,13,0,0,0,804.5,5,1.5,0.5,0.5,45.5,20.5,0,48,0,0.5,2,0,1.5,1,1.5,0,2,5,0,8.5,1,1.5,0,135.5,74,1,0,6,0,22,3.5,1.5,19.5,6.5,0,0,0,0.5,12,5,1265.5,34,36,60,39,7.5,0,0,0,2,4.5,158.5,5,13,0,1,1195,0.5,0.5,0,0,1.5,0,31,16.5,0,0,0,0,3,14.5,19.5,1,0,0.5,12.5,19,7.5,1.5,3,0.5,6.5,0.5,0.5,73.5,19,10.5,1,0,0.5,0,5,1,0.5,36.5,2.5,0,0,0,0.5,4.5,0,0,3.5,8,0,0.5,0,0,0,3,0,1.5,0,1.5,4,0,4.5,1,116,23.5,4.5,0.5,3.5,1,0.5,0,9.5,20,21,91.5,0,26,0,6.5,0.5,0,0,11,109.5,0,0,28.5,0,0,0.5,2,0,0,2.5,0.5,3.5,1.5,116.5,473,1,0,0,0.5,1.5,1.5,1,0.5,0,0,0,0,1,0.5,1,0,0,7,194.5,28.5,0.5,289.5,0.5,3,3.5,1.5,307,0.5,10,8,2.5,96,388,0,10,0,77.5,4,0,84,0,19.5,14.5,0.5,15,0,0,0.5,11,1,1,0,7.5,0.5,21,0.5,1,0,1,0,2.5,2.5,6.5,0,95,619,6.5,145.5,0,2.5,1,245.5,2.5,152.5,0,0,158.5,11,1,10.5,0,0,1,0,1,2.5,0,0,0.5,9,0.5
control7-late pre-onset,0,0,0,0,0,0,0,0,0,0,0,0.5,0,0,124.5,0,0,0,0,0,2949,0,0,0,0,0,0,0,0,2,0.5,0,2,0,0,2643.5,0,0,0,0,9223,0.5,0,4.5,3,0,4,8.5,0,2,0,0,0,0,0,0,3.5,0,0,0,0.5,2.5,0,0,0,1.5,0,1,1.5,0,0,0,0,0,0,0,0,0,0,0,0,18,0,0,0,0,0.5,0.5,0,0.5,0,0,0,0,0,0,0,0,0,0,6.5,44,0,0,0,1729.5,1,0,0.5,1.5,0,1,0.5,0,1.5,0,0,0,0.5,1,0.5,0,28.5,0.5,1,34,0,0.5,0,0,0,0.5,0,7,0.5,0.5,0,0,25,1.5,0,0,0,0,3,0,0,0,0,0.5,0,0.5,0,1.5,0,0,0,0.5,0,0,0,0,0,0,0,0.5,3.5,60.5,0,1.5,0,0,0,0,0,0,0.5,0,0,0,0,0,0.5,0,0,0,0,0,0,0,0,0,0,0,0.5,0,0,0,0,0.5,0,2.5,0.5,0,0,0,0.5,0,0,0.5,0.5,1.5,3.5,0,1.5,0.5,0,0.5,0,0,1061.5,4,0.5,0,0.5,0,0,0,0,0,0,0,0,0,0,2.5,11,0,0,0,0.5,0,0,0,0,0,0,0,0,0,0.5,0,0,0,0.5,3.5,11,0,7,0,0,0,0,5,0.5,9.5,0,0,3,5.5,0,0.5,0,1.5,0.5,0,9555.5,0,0.5,0,0,0,0,0,3,5.5,0,0,0,0,0,14.5,0,0,0,0.5,0,0,1,0,0,1,13,0,2.5,6,1.5,0.5,8.5,0,5.5,0,1.5,2.5,0.5,6.5,0,0,0,0,0,0,0,0,0,263.5,0.5,0
control8-early disease,0,0,0,0,0,1,0,0,0,0,0,0,0,0,9,0,0,0,0,0,0,0,0,0,0,0,0,0,0,0,0,0,0,0,0,16,0,11,0,0,0,0,0,1381,0,0,1,0,0,0,0,0,0,0,0,0,0,0,0,0,0,1,0,1,0,1,0,0,0,0,0,0,0,0,0,0,0,0,0,0,0,0,0,0,0,0,0,0,0,0,0,0,0,0,0,0,0,0,0,448,0,0,0,0,0,0,0,0,0,0,0,0,0,0,0,0,0,0,0,0,0,0,0,0,0,0,0,0,0,0,0,0,0,0,0,0,0,0,5,0,0,0,0,0,293,0,0,0,0,2,0,0,0,0,0,0,0,0,0,0,0,0,0,0,0,0,0,2,0,0,0,0,0,0,0,0,0,0,0,0,0,0,2,0,0,0,0,0,0,0,0,0,0,0,0,0,0,0,1,0,0,0,0,0,0,0,0,0,0,0,2,0,0,0,0,0,0,0,1,0,1305,0,1,0,6312,0,0,0,0,0,0,0,0,0,0,0,2,0,0,0,0,0,0,0,0,0,0,0,0,0,0,0,0,0,0,1,1,0,0,0,0,0,0,0,0,0,0,0,0,1,0,0,0,0,0,0,18175,0,0,0,0,0,0,0,0,0,0,0,0,0,0,0,0,0,0,0,0,0,0,0,0,0,0,0,0,0,0,13,1,0,0,0,0,3,0,0,0,0,0,0,0,0,0,0,0,1,0,0
control8-early post partum,4,0,2,3,29,98,0,2,5,3,0,94,0,19,8789,2,0,5,0,16,2,0,16,0,0,16,0,0,17,259,0,1,70,0,0,2,0,1,10,4,6,0,6,0,0,0,1077,0,7,0,5,0,0,0,8,0,659,9,3,0,2,267,36,141,0,1,7,252,19,34,0,2,0,1,3,0,8,14,3,0,58,72,1,2,0,0,0,53,0,60,0,7,2,2,2,2,7,0,0,19,0,0,0,2,0,0,218,3,6,0,3,166,2,5,0,38,4,0,0,1,68,4,1678,126,87,1,184,17,3,5,1,5,6,73,5,2,0,1,1282,0,0,0,0,0,4,92,9,6,0,0,27,0,70,0,3,0,1,108,95,65,0,5,3,3,0,7,9,19,8,8,0,1,0,4,0,1,71,1,0,7,0,2,3,0,0,25,37,0,2,0,0,0,10,0,6,8,1,2,0,25,6,320,184,36,1,3,0,0,0,56,147,139,10,0,51,0,0,0,0,0,16,326,0,0,54,0,5,0,4,0,0,13,4,0,1,4,2062,0,2,4,0,6,0,0,3,0,0,0,0,0,0,4,0,19,39,327,0,5,48,3,7,2,4,1638,2,0,0,64,0,755,0,0,0,245,6,0,281,4,75,33,5,0,5,1,5,0,0,16,0,0,0,0,0,2,0,1,0,1,14,5,0,579,600,28,161,0,0,17,949,0,803,0,0,668,8,0,17,0,0,0,0,0,3,8,0,1,9,0
control8-early pre-onset,3,0,1,3,30,178,3,7,12,9,0,81,0,16,9163,3,1,6,0,41,1,0,29,0,0,14,0,0,10,219,0,3,66,1,0,0,1,0,6,3,3,0,1,1,0,2,985,0,8,0,3,0,0,0,4,0,722,8,2,0,2,316,27,149,3,0,14,229,18,31,0,5,0,0,6,0,4,4,2,0,34,62,1,3,0,0,0,41,0,50,0,7,12,4,2,0,7,0,8,8,0,0,0,5,0,0,164,0,9,0,1,209,7,6,0,19,8,0,0,0,64,0,912,92,173,0,230,12,1,0,4,3,1,52,4,1,0,2,1383,0,0,0,0,1,7,113,0,1,0,0,11,0,31,0,8,0,0,123,86,11,0,12,10,0,1,2,8,12,10,1,0,0,0,2,0,0,95,0,1,11,0,4,0,0,0,23,35,0,0,0,0,0,13,0,6,13,3,3,0,18,13,291,269,58,1,2,0,0,0,54,134,153,12,0,17,0,0,0,0,0,14,253,0,0,60,0,0,0,1,0,0,22,0,1,2,5,2295,0,1,1,0,11,3,1,20,0,0,0,0,0,0,1,0,20,56,253,0,5,40,5,5,2,3,2046,3,0,0,140,1,729,0,0,0,142,4,0,209,3,70,51,2,0,6,3,2,0,0,11,0,0,0,0,0,1,0,0,0,0,18,2,0,597,521,22,205,0,0,11,826,0,917,0,0,608,5,0,11,0,1,0,0,0,0,2,0,0,6,0
control8-late pre-onset,0,0,0,0,0,0,0,0,0,0,0,0,0,0,12,0,0,0,0,0,0,0,0,0,0,0,0,0,0,0,0,0,0,0,0,38,0,16,0,0,0,0,0,657,0,0,0,0,0,0,0,0,0,0,0,0,0,0,0,0,0,0,0,0,0,0,0,0,0,0,0,0,0,0,0,0,0,0,0,0,0,0,0,0,0,0,0,0,0,0,0,0,0,0,0,0,0,0,0,0,0,0,0,0,0,0,0,0,0,0,0,0,0,0,0,0,0,0,0,0,0,0,0,0,0,0,0,0,0,0,0,0,0,0,0,0,0,0,2,0,0,0,0,0,167,0,0,0,0,0,0,0,0,0,0,0,0,0,0,0,0,0,0,0,0,0,0,1,0,0,0,0,0,0,0,0,0,0,0,0,0,0,0,0,0,0,0,0,0,0,0,0,0,0,0,0,0,0,0,0,0,2,0,0,0,0,0,0,0,0,0,0,0,0,0,0,0,0,0,0,1531,1,0,0,3374,0,0,0,0,0,0,0,0,0,0,0,0,0,0,0,0,0,0,0,0,0,0,0,0,0,0,0,0,0,0,0,0,0,0,0,0,0,0,0,0,0,0,0,0,1,0,0,0,0,0,0,22183,0,0,0,0,0,0,0,0,0,0,0,0,0,0,1,0,0,0,0,0,0,1,0,0,2,0,0,0,0,0,4,1,0,0,0,0,0,0,0,0,0,0,0,0,0,0,0,0,0,0,0
control9-early disease,0,0,0,0,0,0,0,0,0,0,0,0,0,0,8,0,0,0,0,0,0,0,0,0,0,0,0,0,0,0,0,0,0,0,0,42,0,0,0,0,2,0,0,2,0,0,0,0,0,0,0,0,0,0,0,0,0,0,0,0,0,0,0,0,0,0,0,0,0,0,0,0,0,0,0,0,0,0,0,0,0,0,0,0,0,0,0,0,0,0,0,0,0,0,0,0,0,0,0,26,0,0,0,0,5,3,1,0,0,0,0,0,0,0,0,0,0,0,0,0,0,1,1,0,0,0,0,0,0,0,0,0,0,13,0,0,0,0,2,0,0,0,0,0,916,19,0,0,0,1,0,0,0,0,0,0,0,0,0,0,0,0,0,0,0,0,0,1479,0,1,0,0,0,0,0,0,0,0,0,0,0,0,0,0,0,3,0,2,0,0,0,0,0,0,0,0,0,0,0,0,0,0,1,0,0,0,0,0,0,0,0,0,0,0,0,0,0,0,1,0,19,0,3,0,7,0,0,0,0,0,0,0,0,0,0,0,4,0,0,0,0,0,0,12,0,0,0,0,0,0,0,0,0,0,0,0,0,0,0,0,0,0,0,0,0,0,0,0,0,1,2,0,0,1,0,0,25087,0,0,0,0,0,0,0,0,0,0,0,0,0,4,0,0,0,0,0,0,0,0,0,0,0,0,0,0,0,0,320,1,0,1,0,0,0,0,0,0,3,0,0,0,0,0,0,0,0,0,0
control9-early post partum,0,0,0,1,4,20,0,0,1,1,0,8,0,3,1051,0,0,0,0,2,0,0,3,0,0,2,0,0,0,17,0,1,11,0,0,4,0,0,0,2,5,0,2,0,0,0,237,0,2,0,0,0,0,0,0,0,114,1,0,0,0,25,5,16,0,0,3,4,3,2,0,1,0,0,0,0,3,0,1,0,10,12,0,1,0,0,0,4,0,2,0,2,0,0,1,0,2,0,0,24234,0,0,0,0,0,0,22,0,0,0,0,20,0,0,0,0,1,0,0,0,16,2,90,19,4,0,35,3,0,1,0,0,0,4,0,0,0,0,150,0,0,0,0,0,3,10,1,0,0,0,4,0,3,0,0,0,2,32,11,6,0,3,0,1,0,1,1,33,5,0,0,0,0,0,2,1,15,0,0,4,0,0,0,0,0,3,8,0,1,0,0,0,0,0,1,0,0,2,0,5,2,22,27,5,0,0,0,0,0,12,2,8,0,0,1,0,0,0,0,0,1,42,1,0,2,0,0,0,0,0,0,0,0,0,0,0,364,0,0,0,0,1,0,1,0,0,0,0,0,0,0,0,0,7,1,42,0,1,7,1,0,0,0,276,0,0,0,13,0,142,0,0,0,35,1,0,6,0,14,5,0,0,0,1,1,0,0,0,0,0,0,0,0,0,0,0,0,0,0,1,0,90,90,0,20,0,0,2,186,0,124,0,0,71,10,0,1,1,0,0,0,0,2,1,0,0,3,0
control9-early pre-onset,0,0,0,0,1,3,0,0,1,1,0,1,0,0,277,0,0,0,5,0,0,0,0,0,0,0,0,0,0,9,0,0,0,0,0,4,0,0,0,0,2152,1,0,0,0,0,40,0,0,0,0,0,0,0,0,0,28,0,0,0,0,4,0,3,0,0,0,2,0,0,0,0,0,0,0,0,0,0,0,1,1,3,1,1,0,0,0,0,0,1,0,0,0,0,0,0,0,0,0,24292,0,0,0,0,0,0,3,1,1,0,1,7,0,0,28,2,0,2,0,1,3,1,24,5,2,638,9,2,0,0,0,1,0,3,0,0,0,0,30,2,0,0,0,0,0,4,0,0,0,0,0,0,2,0,0,0,0,5,2,0,0,1,0,0,0,0,0,39,0,8,0,0,0,0,0,0,1,0,0,2,0,0,0,0,0,1,2,0,0,0,0,0,0,0,1,2,0,0,0,0,0,5,5,2,0,0,0,0,0,2,1,5,0,0,0,4,0,1,0,0,1,13,0,0,1,0,0,0,0,0,0,0,0,0,0,0,59,0,0,0,0,0,0,1,0,0,0,0,0,0,6,0,0,0,0,12,0,1,2,0,0,0,0,59,0,0,0,2,0,21,0,0,0,6,0,0,3,0,2,0,0,1,1,0,0,0,0,0,0,0,0,0,2,0,0,0,0,0,0,0,0,14,23,2,1,0,0,0,17,0,21,0,0,14,0,0,2,3,0,0,10,0,0,1,0,0,0,0
control9-late pre-onset,5,0,2,0,16,78,0,3,8,3,0,60,0,8,6318,2,0,0,0,13,1,0,6,0,0,10,0,0,1,99,0,1,47,0,0,7633,0,0,13,6,25,0,1,10,4,0,856,0,2,3,2,0,0,0,6,0,469,7,1,0,1,141,13,80,4,4,5,45,13,18,0,8,0,0,7,0,10,4,3,0,56,43,2,4,0,0,0,8,0,37,0,10,4,5,2,0,1,0,0,13,0,0,0,0,0,8,120,2,4,3,0,114,4,1,0,10,5,0,0,14,48,110,809,67,46,10,148,15,0,2,0,1,0,103,3,5,0,5,941,0,0,0,0,0,4,46,2,0,0,0,52,1,20,1,2,0,1,139,61,60,0,14,2,5,0,1,8,37,2,68,0,0,0,3,0,0,65,0,1,11,0,7,1,0,0,26,20,1,0,0,0,0,6,0,6,6,0,4,0,13,12,188,101,32,0,1,7,0,0,27,23,81,0,0,18,0,0,0,0,0,27,172,0,0,725,0,0,0,2,0,0,10,1,0,2,3,1370,1,2,0,0,1,0,4,2,0,0,0,0,0,35,2,0,33,15,176,48,3,32,4,2,0,3,1143,0,0,0,65,0,507,1,0,0,129,7,0,871,1,42,17,1,0,0,6,1,8,0,4,0,0,0,22,16,0,0,1,0,0,10,0,0,382,441,17,85,0,6,19,583,0,528,0,0,316,14,0,5,0,0,0,0,0,2,20,0,2,3,0
LOS1-early disease,0,0,0,0,0,0.333333333,0,0,0,0,0.333333333,0,0,0,18,0,0,0,0,0,0,0,0,0,0,0,0,1.333333333,0,0,0,0,0,0,0,9272.333333,0,0,0,0,311.3333333,0,0,0.333333333,9,0,0.666666667,0,0,0,0,0,0,0,0,0,0.333333333,0,0,0,0,0.666666667,0,0.333333333,0,0.666666667,0,0,0,0,0.333333333,0,0,0,0,0,0,0,0,0,0,3,0,0,0,0,1.333333333,0.333333333,0,0.333333333,0,0,0,0,0,0,0,0,0,0,0,0,0,0,0,0,0,0,0,8.333333333,0,0,0,0,0.333333333,0,0,0,0,0.666666667,0,0,4.666666667,0,0,9,0,0,0.333333333,0,0,0,0,0.666666667,0,0.333333333,0,0,4,3,0,0,0,0,6.333333333,0,0,0,0,0,0,3,0,2.666666667,0,0.666666667,0,0,0,0,0,0,0,0,0,0,10.66666667,0,0,1.666666667,0,0,0,0,0,0,0,0,0,0,0,0,0,0,0.333333333,0,0,0,0,0,0,0,0,0,0,0,0,0,0,0,0,0,0,0,0,0,0.333333333,0,0,0,0,0,4,0,0,0.333333333,0,0,0,0,1745.666667,0,0,0,0.666666667,0,0,0,0,0,0,0,0,0,0,2.666666667,0.666666667,0,0,0,0,0,0,0.666666667,0.333333333,0,0,0,0,0,0.333333333,0.333333333,0,0,0,0,6,0,1.666666667,0,0,0,0,1,0,0,0,0,9,0.666666667,0,0.333333333,0,0.666666667,0,0,16464.66667,0,0.666666667,0.333333333,0,0,0,0,0,13.66666667,0,0,0.333333333,0.666666667,0,52.33333333,0,0,0,0,0,0.333333333,0,0,0,0,1.666666667,0,1,0,2.333333333,1.666666667,0.333333333,0,0,0,0,0.333333333,0,0.666666667,0,0,0,0,0,0,0,0,0,0,0,0
LOS1-early post partum,1.5,0,3,0,3,16,0,1,0.5,0,0.5,24,0,6,5011.5,4,0,0,0,17.5,38,21.5,0,0,0.5,5,0,279.5,2,130,0,0,28.5,5,1.5,316.5,0,2,0,0.5,78,0,3,1,0,0,290,0,1,0,1,0,2.5,0.5,0,1.5,223.5,3,0.5,0,2,241.5,2.5,7.5,0,1,3.5,37.5,15,0.5,8,3,0,3.5,4,0,0,1,1.5,0,0,873.5,4.5,0,1.5,6.5,356.5,17,0,72.5,0,3,0,0,5,2.5,1.5,0,0.5,27.5,0,0,0,0,0,36.5,45.5,1,2,0.5,1,16,2,1.5,0,5.5,0,0,0,1,5,1,1383,42,27,8,24,11.5,6.5,0,5,2.5,0.5,191,5.5,69,1.5,0,1537.5,0,0.5,0,12,0,4,24.5,211.5,1,0,0,1.5,0,9.5,371,0,294.5,2.5,6.5,5,6.5,1.5,12,0.5,9.5,3.5,9,3280,557.5,7,13,0,0,0,5,1.5,1.5,38.5,6.5,2.5,0,0,0,0.5,0,2,3.5,3.5,0,0.5,0,0,1,2,0,0.5,0,1,5.5,0,4,3,76.5,9.5,6,0,1,2,0,0,11,20,15.5,656.5,3,23.5,0,0,0,0,0,403.5,58.5,0,0,236,0,1,2,3.5,1,2.5,0,3,19,0,894,364,0,6.5,0,0.5,0.5,0,38,0.5,5,0,0,0,0.5,3,21,0,0,10.5,218,0.5,0.5,363.5,0.5,6,0,3,200.5,0,0,4,0,3336.5,341,0,1.5,0,50.5,5,0,2120,0,31,10,1,0,0,0,0.5,0,10.5,0,5.5,256.5,0.5,0,0.5,1.5,0,5,0,62.5,0.5,4,0,68.5,634.5,4.5,159,0,0.5,3.5,254,4,128.5,0,0,168.5,7,0,7,0,0,8,0,0,2,1.5,0,1,15,0
LOS1-early pre-onset,2,0,1,0,2,22,1,1,2,0,0,24,0,7,5465,2,0,0,0,11,0,39,1,0,1,4,2,335,3,144,0,1,43,0,2,5,0,0,0,0,147,0,0,0,0,0,347,0,6,1,0,0,1,0,0,0,306,1,2,0,4,196,10,10,0,2,5,37,19,3,15,2,0,2,5,0,0,0,0,0,0,1086,6,2,1,7,400,14,0,83,0,2,0,0,6,6,0,0,1,22,0,0,1,1,0,0,54,1,8,0,2,28,0,0,0,7,0,0,0,3,5,0,1370,45,34,4,32,8,0,0,0,2,1,176,6,53,4,0,1688,0,1,0,9,1,4,32,254,1,0,0,3,0,10,437,0,338,0,10,7,7,4,11,4,4,10,5,4171,21,10,11,0,2,0,8,0,0,41,3,1,1,0,0,1,0,0,4,6,0,1,0,0,0,0,0,2,0,0,15,0,12,13,107,12,2,6,2,0,1,0,17,12,31,821,0,29,0,0,0,0,0,22,78,0,0,33,0,0,0,7,0,0,0,0,22,0,884,473,0,4,0,0,0,1,3,0,1,1,0,0,0,3,17,0,0,14,256,0,0,490,2,0,0,0,273,1,0,0,0,3876,409,0,0,0,58,6,0,148,2,24,14,0,0,1,0,1,0,7,1,1,303,1,0,2,0,0,2,0,22,0,5,0,62,679,2,183,0,0,3,266,6,167,0,0,185,22,0,8,0,0,5,0,2,4,0,0,4,3,0
LOS1-late pre-onset,0.5,23,0,0,0,1.5,0,0,0,0,0,1.5,0,0,364.5,0,0,0,19.5,0,1,0,0,1.5,0,1,0,1.5,0.5,3.5,0,0,3,0,0,1601.5,0,0,0,0,9545.5,2.5,0,0,0,1.5,17.5,0,0,6.5,0,0,0,0,0,0,9.5,0,0,0,0,10,1,2,0,0,0.5,11,0,0.5,0,0,0,0,0,9,0,6.5,0,6.5,0,40,0,0,0,0,2,2,0,2,0,0.5,0,0,0,1,0,0,1,0,0,0,0,0,0,0,3.5,0,0,0.5,0,0.5,0,0,26.5,1,0,2,9,0,0.5,0,77.5,0.5,1.5,1694.5,3,2,0,0,0,0,0,8.5,0,1,0,0,74.5,2.5,0,0,0,0,3,12,0.5,1,0,0,0,2,2.5,2,0,0,0,1.5,2,1.5,0,0,0,0,0,0,5.5,1,0.5,0,0,0,1,0,0,0,2,0,0,0,0,0,0,0,0,0.5,0,4,0,0,0,0,0,0,0,0,0,0,0,3,1,10.5,2.5,0.5,0,0,0,0,0,0,1,1,5,0.5,2,27,4,13,0,0,1330.5,7,0,0,1,0,0,0,0.5,0,0,0,0,0.5,0,4,21.5,0,0,0,0,0,0,1,0,0,0,0,0,0,0,0,1,0,1.5,11.5,5,0,14.5,0.5,0,0,0,19.5,0,0,0.5,0,3.5,13,0,3.5,0,3,1.5,60,12553.5,0,0.5,1,0,0.5,0,0,0,9.5,0,0,0,13,0,17,0,0.5,0,0,0,1,0,1,0,5,39,0.5,9.5,1.5,1.5,0.5,9,0.5,9.5,4.5,0,12,1,24,0,0,0,0,32,0,0,0,0,0.5,0,16.5
LOS2-early disease,0,0,0,0,0,0.333333333,0,0.666666667,0,0,0,0.666666667,0,0,111,0,0,0,0,0,17,0.666666667,0,0,0,0,0,7,0,2,0,0,0.333333333,0,0,80,0,0.333333333,0,0,0,0,0,5.666666667,0,0,5,0,0,2.333333333,0,0,0,2,0,0,3.666666667,0,0,0,0,7,0,0,0,1,0,1.333333333,0.333333333,0,0,0,0.666666667,0,0.333333333,0,0,3.333333333,0,0,0,22.66666667,0,0,0,1,7.333333333,0,0,1,0.333333333,0,0,0,0,0,0,0.333333333,0,37.33333333,0,0,0,0,0,0.333333333,0.666666667,0,0,0,0,0,0,0,0,0,0,0,0,1.333333333,0.333333333,38.33333333,35.66666667,0.666666667,1,0,2.666666667,0,5.333333333,0,0.333333333,0,0,7,0,0.666666667,0,0,35,0,0.333333333,0,0.333333333,0,8.666666667,2,7,0,0,0,0,0,0.333333333,9,0,8,0.333333333,0,0,0,0,0.333333333,0,0,0,0,82.33333333,19.66666667,0.333333333,1.333333333,0,0,0,0,0,0,1,0,0,0,2.666666667,0,0,0,0.333333333,0,0.333333333,0,1,0,0,0,0,0.333333333,0,0,0,0,0,1.666666667,0,4.666666667,0,0,0,0,0,0.333333333,0,0,0,0.333333333,15.66666667,0,0.333333333,0,0,0,0,0,2681.666667,1.666666667,0.666666667,1,90.33333333,0,0,0,0,2,0,0,0,1.666666667,0,18,9,0,0.333333333,0,1.666666667,0,0,0.666666667,0,0,0,0,0.333333333,0,0.333333333,1,0,0,0,5,0,0,10.66666667,0,1.333333333,0,0,4.666666667,0,0,9.666666667,0,83.66666667,6.666666667,0,2.333333333,0.333333333,1,0,0,24394.66667,0.333333333,0,0,0,0,0,0,0,0.333333333,0,0,0.333333333,1.333333333,1,0,0.333333333,0,0,0,0,0.666666667,0,0,0,0.666666667,16.66666667,0,2,0,0,3.666666667,6,0,1.333333333,0,0,4,0.333333333,0,0.333333333,0,0,0.333333333,0,0,0,0,1.333333333,2,0,0
LOS2-early post partum,0,0,3,0,4,73,0,1,1,1,0,34,0,9,4615,2,1,0,0,15,0,31,6,0,0,6,0,371,7,137,0,0,15,0,0,16,0,0,0,1,72,0,1,0,0,5,316,0,8,37,0,0,0,0,0,2,317,0,2,0,1,222,13,2,0,0,8,28,8,2,4,0,0,7,2,0,0,32,2,0,0,936,7,0,3,8,304,19,0,74,0,2,0,0,2,5,0,0,0,1,0,0,1,1,0,1,41,1,2,0,0,14,1,1,0,0,0,0,0,0,9,4,965,46,34,7,25,3,0,0,4,0,2,2745,4,2,10,1,1372,0,2,0,15,0,8,33,191,0,0,0,0,0,18,407,0,371,7,15,15,6,0,6,1,9,3,3,3644,13,9,3,0,2,0,5,1,1,40,0,4,0,0,1,0,0,0,5,6,0,0,0,0,0,0,0,4,0,0,5,0,21,8,78,24,9,0,1,0,4,0,14,29,43,706,0,46,0,0,0,0,0,73,32,0,0,235,0,0,2,1,0,0,0,0,17,1,712,453,3,4,0,7,1,0,668,3,0,0,0,0,0,0,0,0,0,23,260,0,2,358,0,1,0,2,323,0,0,44,0,3414,428,0,17,4,43,5,0,461,0,19,11,1,0,0,0,1,0,10,2,0,28,0,0,0,0,0,4,0,24,2,1,0,43,569,7,179,0,0,2,236,1,131,0,0,164,2,0,8,0,0,15,0,0,0,0,0,0,4,0
LOS2-early pre-onset,0,0,7,0,1,71,0,0,5,0,2,48,0,12,5726,3,0,0,0,15,3,29,5,0,0,0,4,309,3,168,0,3,23,0,0,2,1,1,0,0,56,0,4,3,0,5,351,0,0,26,0,0,0,0,0,0,350,0,0,0,2,244,5,5,0,1,1,36,14,2,10,1,0,5,6,0,0,34,1,0,0,389,8,0,2,11,373,18,0,33,0,2,0,0,4,5,1,0,0,10,0,0,2,3,1,0,46,1,0,0,4,18,0,5,1,3,1,0,0,0,10,20,1269,66,28,7,37,21,2,0,9,1,0,308,4,34,4,1,1751,0,13,0,11,0,6,24,203,0,0,0,0,0,7,411,0,305,7,8,8,9,6,11,1,3,1,9,3872,151,15,1,0,2,6,3,1,0,42,1,0,1,0,0,0,0,14,1,13,0,0,0,4,0,1,0,0,0,1,1,0,23,5,129,22,1,0,2,1,2,0,18,26,25,727,3,23,0,0,0,0,9,75,43,0,0,401,0,0,4,1,3,0,0,2,11,0,860,507,3,11,1,11,2,0,22,1,0,9,0,0,10,0,7,0,0,44,278,0,1,136,2,1,0,17,317,0,0,65,2,3790,460,4,14,5,53,4,0,500,0,25,21,1,0,0,0,1,0,9,2,19,267,1,0,0,2,0,5,0,2,1,6,0,68,680,2,160,0,0,2,329,1,188,0,0,171,10,0,19,0,0,9,0,0,2,0,4,1,4,0
LOS2-late pre-onset,0,0,0,0,0,0,0,0,0,0,0,0,0,0,4,0,0,0,0,0,0,0,0,0,0,0,0,0,0,0,0,0,0,0,0,0,0,0,0,0,1,0,0,3,0,0,0,0,0,0,0,0,0,0,0,0,0,0,0,0,0,0,0,0,0,0,0,0,0,0,0,0,0,0,0,0,0,0,0,0,0,0,0,0,0,0,0,0,0,0,0,0,0,0,0,0,0,0,0,6,0,0,0,0,0,0,0,0,0,0,0,0,0,0,0,0,0,0,0,0,0,0,0,0,0,0,0,0,0,0,0,0,0,0,0,0,0,0,1,0,0,0,0,0,5,0,0,0,0,0,0,0,0,0,0,0,0,0,0,0,0,0,0,0,0,0,1,237,0,0,0,0,0,0,0,0,0,0,0,0,0,0,0,0,0,0,0,0,0,0,0,0,0,0,0,0,0,0,0,0,0,0,0,0,0,0,0,0,0,0,0,0,0,0,0,0,0,0,0,0,2616,0,0,0,0,0,0,0,0,0,0,0,0,0,0,1,0,0,0,0,0,0,0,0,0,0,0,0,0,0,0,0,0,0,0,0,0,0,0,0,0,0,0,0,0,0,0,0,1,0,0,0,0,1,0,0,25115,0,0,0,0,0,0,0,0,0,0,0,0,0,0,0,0,0,0,0,0,0,0,0,0,0,0,0,0,0,0,0,0,0,1,0,0,1,0,0,0,0,0,0,0,0,0,0,0,0,0,0
LOS3-early disease,0,0,0,0,0,0,0,0,0,0,0,0,3,0,8,0,0,0,0,0,0,0,0,0,0,0,0,0,0,1,0,0,0,0,0,3,0,22,0,0,51,0,0,470,0,0,0.5,0,0,0,0,0,0,0,0,0,0,0,0,0,0,1,0,0,0,0.5,0,0,0,0,0,0,0,0.5,0,0,0,0,0,0,0,0.5,0,0,0,0,1,0,0,0,0,0,0,0,0,0,0,0,0,344.5,0,0,0,0,0,0,0,0,0,0,0,0,0,0,0,0,0,0,0.5,0,0,0,1,0,0,8.5,0,0.5,0,0,0,0,0,1.5,0,0,0,0,2.5,1,0,0,0,0,75.5,6.5,0.5,0,0,0.5,0,0,0,0.5,0,0.5,0,0,0,0,0,0,0,0,0,0,9,3,0,0,0,0,0,0.5,0,0,0,0,0,0,0,0,0.5,0,0,0.5,0,0,0,0,0,0,0,0,0,0,0,0,0,0,0,0,0,0,0,0,0,0,0,0,0.5,0,2.5,0,0,0.5,0,0,0,0,3392.5,0.5,1,0,12523.5,0,0,0,0,0,0,0,0,0,0,1,0.5,0,0,0,0,0,0,0.5,0,0,0,0,0,0,0,0,0,0,0.5,0,0,0,0.5,0,0,0,0,0.5,0,0,0,0,8.5,0,0,0,0,0.5,0,0,11012.5,0,0,0,0,0,0,0,0,0,0.5,0,0.5,0,0.5,0,0,0,0,0,0,0,0,0,0,0,2,0,0,0,0,22.5,0,0,0,0,0,1,0.5,0,0,0,0,0,0,0,0,0,0,1,0,0
LOS3-early post partum,0.5,0,1,0,0.5,28.5,0,0.5,1.5,0,0,11.5,0,1.5,2426.5,1,0,0,0,2,0.5,14.5,1.5,0,0,2,2.5,164.5,1,65,0,1,5.5,0,0,20,0.5,2.5,0,1,7.5,0,0.5,26.5,0,3.5,151.5,0,1.5,38.5,0,0,0.5,0.5,0,2.5,104.5,0,0.5,9.5,1,102.5,1,2.5,0,9,2.5,18,6,1.5,4.5,1,0,0,1,0,0.5,38.5,0.5,0,0,461,1,0,0,4,174.5,6.5,0,18.5,0,0.5,0.5,0,5,1.5,0.5,0.5,0,2171,0,0,0,0.5,0.5,4,28.5,0,0.5,0,0,6.5,1,0,0,2,0,0,0,0,4.5,0,663.5,19.5,18.5,0.5,11.5,5,1,0,0,1.5,1,185,3.5,3.5,1,0,782.5,0,0.5,4,2.5,0,6,21,95,0,0,0,1,0,6.5,136,0,122.5,1,3.5,1,4,1.5,1,0.5,6,3.5,3,1622.5,11736,4,3,0,0,0,3,0,1,23,0,0.5,0,0,0.5,0.5,0,0,1,2.5,2,0.5,0,0,0,1,0,0,0,0.5,3.5,0.5,5,3,36,12,0.5,0,0.5,0,2,0.5,8.5,8.5,9.5,385.5,0,17,0,0,0,0,1,78,19.5,0,0,1063,0,0,1,1.5,0,260,0,0,7.5,0,392.5,175.5,3,8,0,1,0,0.5,7,0,2.5,0,0,0,0,0,0.5,0,0,13,93,1.5,0,191,0.5,1,0,0,134.5,0,0,245.5,0.5,1651.5,182.5,0,28,1,29,2.5,0,430,0,7,7.5,0,0.5,0,0,0,0,2.5,2.5,0,32.5,0,0,0,0.5,0,1,0,8.5,1,1.5,0,21,321,2,66,0,0,5,114,0.5,61.5,0,0,67.5,21.5,0,5.5,0.5,1.5,2,0,0,0.5,0,0,9.5,3.5,0
LOS3-early pre-onset,0.5,0,0.5,0,1,18.5,0,0,1.5,0.5,0,8.5,0,3.5,1683,0.5,0,0,0,5.5,7,7,1,0,0,0,0,127,1.5,53.5,0,0,8.5,0,0.5,5,0.5,0.5,0,0,23,0,0.5,0.5,0,1,103.5,0,0.5,18.5,0,0,0,0,0,1,116,0.5,0,0.5,0.5,74.5,2,4.5,0,1,1,9,3,0.5,4.5,2,0,0,1,0,0,13,0,0,0,357,1.5,3,0.5,1,126.5,8.5,0,21,0,0.5,0,0,4,2.5,0,0.5,0,8537.5,0,0,1,0.5,0,2,15.5,0,0,0,1,9.5,0.5,0,0,3.5,0,0,0,0,2,5.5,465,15,13,1,15.5,4,0,0,0,1,0.5,83.5,1.5,2,0.5,0,526,0,3,0,0.5,0,1,12.5,75,0,0,0.5,0,0,6.5,152.5,0,106,0,10.5,1,2.5,1.5,0.5,0.5,1,2,3.5,1232,9620.5,1.5,2.5,0,0,0,2,0,1.5,11.5,0.5,0,0,0,0,1,0,0,2,2.5,0,0,1,0,0,1,0,0,0,0,0.5,0,10,3.5,34,7.5,0.5,1,0,0,0,0,5.5,11.5,10,226.5,0,8,0,0,0,0.5,0.5,109.5,16,1.5,0,104,0.5,1,1,1,0.5,0,0,1,5,0,288,155,1.5,3,0,5.5,0.5,0.5,1,0,0,0,0,0,0,0,1,0,0,15.5,94,0,1,140,0,0,0,0,94.5,0,0,28.5,0,1182,148,0,9.5,1.5,25,4,0.5,847.5,0,6.5,5,0,0.5,0,0,0,0,3.5,2.5,0,13,1,0,0,0.5,0,0.5,0,6.5,0.5,3,0,17.5,225.5,4.5,60.5,0,0.5,1,84.5,1,56,0,0,70,1,0,3,0.5,0,4,0,0,0,0,0,0.5,2,0
LOS3-late pre-onset,0,0,0,0,0.5,0,0,0,0,0,0,0.5,2,0,37,0,0,0,0,0,0,0,0,0,0,0,0,0,0,0.5,0,0,0,0,0,108,0,37,0,0,36.5,0,0,911,0,0,0.5,0,0,0.5,0,0,0,0,0,0,1,0,0,0,0,1,0,0,0,0,0,0,0,0,0,0,0,0,0,0,0,1.5,0,0,0,2,0,0,0,0,1,0,0,0,0,0,0,0,0,0,0,0,0,81.5,0,0,0,0,5.5,5,0,0,0,0,0,0,0,0,0,0,0,0,0,0,0,0,10.5,1.5,0,0,0,0,0,0,0,0,0,63.5,0,0,0,0,8,0,0,0,0.5,0,214,3.5,2,0,0,1,0,0,0,2.5,0,2,0,0,0,0,0,0,0,0,0,0,20,161.5,0,0,0,0,0,0,0,0,0,0,0.5,0,0,0,0,0,0,0,0,0.5,0,0,0,0,0,0,0,0,0,0,1,1,0,0.5,0,0,0,0,0,0,0,0,0,1,5,0,1,0,0,0,2,0,1291.5,0,0.5,0,12706,0,0,0,0,0,0,0,0,0,0,4.5,1,0,0,0,0,0,0,4.5,0,0,0,0,0,0,0,0,0,0,0.5,1.5,0,0,2,0,0,0,0.5,2.5,0,0,2,0,24.5,2.5,0,0.5,0,0.5,0,0,12180.5,0,0.5,0,0,0,0,0,0,0,0,0,0,0.5,2,0,0,0,0.5,0,0,0,0,0,0,0,5,0,2,0,1.5,12,2,0,1.5,0,0,1,0,0,0,4.5,0,0,0,0,0,0,0,0,0,0
NEC1-early disease,0,0,0,0,1,0.666666667,0,0,0.666666667,0,0,1,0,0.333333333,118.6666667,0,0,0,0,0,0,0,0.333333333,0,0,0.333333333,0,1.333333333,0,2.666666667,0,0,1,0,0,2773,0,0,0,0,2.333333333,0,0,0,1,0,21,0,0.666666667,0,0,0,0,0,0,0,11,0,0,0,1,4.333333333,0.333333333,0.333333333,0,0.333333333,0.666666667,1,0.333333333,1,0,0,0,0,0,0,0.333333333,0.666666667,0,0,1,3.333333333,0,0,0,0.333333333,1,0.333333333,0,0.333333333,0,0,0,0,0,0,0,0,0,15897.66667,0,0,0,0,0,0,2.333333333,0.333333333,0,1.666666667,0,3.666666667,0,0,0,0.333333333,0.333333333,0,0,0,0.333333333,1.333333333,27,3.333333333,0.666666667,1,2.666666667,0.333333333,0,0,0,0.333333333,0.333333333,2,0,0,0,0.333333333,23,0,0,0,0,0,5,0.666666667,1,0,0,4.333333333,0,0,0.333333333,1,0,3.666666667,0.666666667,4.333333333,1.666666667,0.333333333,0,0.666666667,0,0.333333333,0,0,12.33333333,12.33333333,0,0.333333333,0,0,0,0,0,0,2,0,0,0.666666667,0,0,0,0,0,0,1,0,0.333333333,0,0,0,0,0,0,0,0.666666667,0,42,0,0.333333333,5.333333333,4,0.666666667,0,0,0,0,0,1.333333333,1.666666667,1.333333333,10,0,0.666666667,0,0,0,6,0,794.3333333,7.333333333,4.666666667,0,40.66666667,0.333333333,0,0,0,0,0,0.333333333,0,0,0,3.666666667,33,0,0,0,0,0,0,0,0,0,0,0,0,0,0,0.333333333,0,0.333333333,0,3,2.333333333,0,2.333333333,0,0.666666667,0,0.333333333,30.66666667,0,0,0,2.333333333,13.33333333,17,0,0,0,3.666666667,0,0,7861.666667,0,0.666666667,1,0.333333333,0,0,0,0,3.666666667,0,0,0.333333333,3,0,13.66666667,0.333333333,0,0.333333333,0,0,0,0.333333333,0,0,8.333333333,11.66666667,0.333333333,4.333333333,0,0,0,18,0,15,0,0,7.666666667,0.333333333,0,0.333333333,31.66666667,0,0,0,0,0,0,0,0.333333333,0.333333333,0
NEC1-early post partum,5,0,1,6,27,129,1,3,10,2,0,83,0,19,8182,4,3,1,0,6,0,0,16,0,0,14,0,4,10,176,0,10,83,0,0,5,0,0,14,3,3,0,2,1,0,0,1057,0,8,0,4,0,0,0,12,0,649,2,0,0,0,272,23,104,2,1,8,118,26,39,0,5,0,0,2,0,8,20,3,0,78,90,2,0,2,0,1,24,0,88,0,5,3,3,1,1,8,0,0,9,0,0,1,0,0,0,169,0,9,0,2,162,3,1,0,50,1,0,0,1,63,14,2278,80,56,0,205,27,0,1,0,2,2,55,7,2,0,3,1326,0,0,0,0,0,2,137,1,0,0,0,24,0,71,5,4,0,1,237,107,43,0,13,4,3,0,4,8,18,11,5,0,3,0,4,1,0,50,0,0,6,0,5,0,0,0,53,35,0,2,0,0,0,8,0,10,2,0,6,0,12,10,279,211,78,2,1,0,0,0,58,107,105,6,0,24,0,0,0,0,0,14,407,0,0,395,0,0,0,6,0,0,7,1,0,1,5,1851,0,2,5,0,5,0,0,6,0,0,0,0,1,0,4,0,65,25,334,1,3,69,10,7,2,3,1316,2,0,0,60,2,999,0,0,0,291,4,0,437,6,76,36,3,0,6,1,4,0,0,16,0,0,1,0,0,2,0,1,0,0,14,1,0,473,650,31,174,0,0,10,942,0,819,0,0,554,5,0,10,0,0,0,0,0,3,17,0,0,2,0
NEC1-early pre-onset,0,0,0,0,0,0,0,0,0,0,0,0,0,0,6,0,0,0,0,0,0,0,0,0,0,0,0,0,0,0,0,0,0,0,0,194,0,0,0,0,0,0,0,0,0,0,1,0,0,0,0,0,0,0,0,0,0,0,0,0,0,0,0,0,0,0,0,0,0,0,0,0,0,0,0,0,0,0,0,0,0,0,0,0,0,0,0,0,0,0,0,0,0,0,0,0,0,0,0,793,0,0,0,0,0,0,0,0,0,0,0,0,0,0,0,0,0,0,0,0,0,2,3,0,0,0,1,0,0,0,0,0,0,0,0,0,0,0,1,0,0,0,0,0,9,0,0,0,0,1,0,0,0,0,0,0,0,0,0,0,0,0,0,0,0,0,0,3,0,0,0,0,0,0,0,0,0,0,0,0,0,0,0,0,0,0,0,0,0,0,0,0,0,0,0,0,0,0,6,0,0,0,0,0,0,0,0,0,0,0,0,0,0,0,0,0,0,0,2,0,2231,1,6,0,4,0,0,0,0,0,0,0,0,0,0,0,2,0,0,0,0,0,0,0,0,0,0,0,0,1,0,0,0,0,0,0,1,0,0,0,0,0,0,1,0,0,0,0,0,0,0,0,0,0,0,0,24711,0,0,0,0,0,0,0,0,0,0,0,0,0,0,0,0,0,0,0,0,0,0,0,0,0,1,0,0,0,3,3,0,0,1,0,0,0,0,0,0,5,0,0,0,0,0,0,0,1,0,0
NEC1-late pre-onset,0,0,0,0,0,0,0,0,0,0,0,0,0,0,1,0,0,0,0,0,0,0,0,0,0,0,0,0,0,0,0,0,0,0,0,74,0,0,0,0,24,0,0,0,0,0,0,0,0,0,0,0,0,0,0,0,0,0,0,0,0,0,0,0,0,0,0,0,0,0,0,0,0,0,0,0,0,0,0,0,0,0,0,0,0,0,0,0,0,0,0,0,0,0,0,0,0,0,0,938,0,0,0,0,0,0,0,0,0,0,0,0,0,0,0,0,0,0,0,0,0,0,0,0,0,1,0,0,0,0,0,0,0,0,0,0,0,0,0,1,0,0,0,0,10,0,0,0,0,16,0,0,0,0,0,0,0,0,0,0,0,0,0,0,0,0,0,1,0,0,0,0,0,0,0,0,0,0,0,0,0,0,0,0,0,0,0,0,0,0,0,0,0,0,0,0,0,0,2,0,0,0,0,0,0,0,0,0,0,0,0,0,0,0,0,0,0,0,14,0,2540,0,9,0,1,0,0,0,0,0,0,0,0,0,0,0,0,0,0,0,0,0,0,0,0,0,0,0,0,0,0,0,0,0,0,0,0,0,0,0,0,0,0,0,0,0,0,0,0,0,0,0,0,0,0,0,24356,0,0,0,0,0,0,0,0,0,0,0,0,0,0,0,0,0,0,0,0,0,0,0,0,0,0,0,0,0,3,0,0,0,0,0,0,0,0,0,0,3,0,0,0,0,0,0,0,0,0,0
NEC2-early disease,0,0,0,0,0,2,0,0,0,0,0,0,0,1,88,0,0,0,0,0,1,1,0,0,0,0,0,4,1,2,0,0,1,0,0,27257,0,0,0,0,2,0,0,0,19,0,7,0,0,0,0,0,0,0,0,0,10,0,0,0,1,1,0,0,0,0,0,2,0,0,0,0,0,0,0,0,0,0,0,0,0,9,0,0,0,0,2,0,0,2,0,0,0,0,0,1,0,0,0,0,0,0,0,0,0,0,2,0,0,9,0,1,0,0,0,0,0,0,0,0,1,0,16,0,0,0,1,1,4,0,1,0,0,2,0,1,0,0,24,0,0,0,0,0,1,0,5,0,0,0,0,6,0,11,0,8,0,0,0,1,0,0,0,0,0,0,80,0,0,0,0,0,0,0,0,0,2,0,0,0,0,0,0,0,0,0,0,0,0,0,0,1,0,0,0,0,0,0,0,0,0,1,0,0,0,0,0,0,0,0,0,1,15,0,2,0,0,0,0,0,1,3,0,0,1,0,1,0,0,0,0,0,0,1,0,15,9,0,1,0,0,0,0,0,0,0,0,0,0,0,0,0,0,0,0,7,8,0,2,0,1,0,0,15,0,0,0,0,65,9,0,0,0,0,1,0,3,0,0,0,0,0,0,0,0,44,1,0,0,6,0,148,0,0,0,0,0,0,0,0,0,3,16,0,4,0,1,0,5,0,5,0,0,5,1,0,0,0,0,1,0,0,0,0,0,0,0,0
NEC2-early post partum,0,0,1,0,3,26,0,3,1,0,0,35,0,14,5362,0,0,0,0,13,2,35,2,0,1,5,1,249,4,123,0,0,30,0,2,15,0,0,0,1,11,0,0,1,0,0,287,0,1,2,0,0,1,0,0,2,239,0,1,0,0,225,4,9,0,36,4,37,9,2,12,2,0,1,1,0,0,1,0,0,0,1031,6,0,1,6,326,13,0,62,0,3,0,0,4,2,1,0,0,218,0,0,0,1,0,0,55,2,0,0,1,20,0,2,0,4,0,0,0,1,6,9,1093,25,64,0,35,14,0,0,2,0,0,172,1,18,4,0,1641,0,3,0,14,0,1,29,198,0,0,0,6,0,17,301,2,234,1,11,4,11,0,4,2,10,6,3,3071,10,8,10,0,1,0,2,1,1,55,4,0,1,0,0,15,1,0,1,8,0,0,0,0,0,2,0,0,0,1,8,0,6,11,80,9,1,1,1,1,0,0,17,38,18,881,0,46,0,0,0,0,0,277,58,0,0,5,0,0,0,1,0,12,0,0,19,2,810,463,0,10,0,0,0,1,3,0,4,1,0,0,0,0,13,0,0,12,226,1,1,371,1,0,0,0,302,0,0,135,0,3192,361,0,1,0,39,6,0,3237,0,21,10,0,0,0,0,1,0,6,2,0,72,0,0,1,1,0,5,0,23,3,3,0,56,644,6,158,0,0,2,242,1,123,0,0,143,14,0,14,0,0,9,0,2,1,0,0,25,16,0
NEC2-early pre-onset,0.666666667,178,0,0,3.666666667,32.33333333,0,1.333333333,5.333333333,1,0.333333333,32,0,9.333333333,6951.333333,3.333333333,2.333333333,0,0,19.33333333,2,21.66666667,2,0,1.333333333,3.333333333,0.333333333,237.6666667,2,179,0,2.333333333,48,3,1,3,1.333333333,1.333333333,0,2,26,0,4,0.333333333,0,0.666666667,411.6666667,0,1.666666667,48.33333333,1.333333333,0,3,0,0.333333333,0.333333333,373.6666667,0.666666667,1,0,5,241,9.666666667,23.33333333,0,0.666666667,5.333333333,93,24.33333333,3.666666667,9,4,0,0.666666667,2.666666667,0,0,30.33333333,2.666666667,0,0,1008.666667,2.666666667,1.333333333,1.666666667,5.666666667,266.6666667,30.66666667,0,77,0,2.333333333,0.333333333,0.333333333,3,10,0.333333333,0,8.666666667,24.33333333,0,0,0.333333333,1.666666667,0.333333333,0.333333333,88.33333333,0.333333333,4,0,1.666666667,24.33333333,0.666666667,0.666666667,0,10,0.333333333,0,0,1.333333333,17.66666667,3,1733.333333,60.66666667,43.66666667,1.666666667,50.66666667,12.66666667,2.333333333,0,0.666666667,4.333333333,2,192,7.333333333,58.66666667,2.333333333,0.333333333,1701,0,2.666666667,0,8.333333333,1,14.66666667,38,169.3333333,3,2.333333333,0,1,0,26.33333333,250,1.666666667,240.3333333,4,12.33333333,22.33333333,8.333333333,3.666666667,16.66666667,2,9.333333333,6.666666667,9,2515,38.33333333,11.33333333,7,0,1.333333333,0,8,0.333333333,2,50,3,0.666666667,0,0,0.333333333,5,0,2,4.333333333,5.666666667,0,1.333333333,0,0,2.666666667,1.333333333,0,3,0.333333333,0.333333333,7.666666667,0,49,6,114.3333333,19.66666667,3.333333333,1.666666667,1.666666667,1.666666667,4,0,26.33333333,36.66666667,35.33333333,533.3333333,0,39.66666667,0,0,0,0,0,12.66666667,98.33333333,0,0,26,15,0.666666667,3.666666667,4,0.666666667,1.333333333,4,0.666666667,16.66666667,1,654,595,2.333333333,8.666666667,1,22.66666667,0.333333333,0.666666667,2.333333333,1.333333333,0.666666667,3.333333333,0,0,0.333333333,0.666666667,25.33333333,0,0,15,309,0.666666667,1.333333333,418,0.666666667,8.333333333,0.666666667,0,417,0.666666667,0,10,1,2615.333333,521,0,19.66666667,8.666666667,84.66666667,9.333333333,633,116.6666667,0.666666667,28,11.33333333,0.333333333,9,0.666666667,0,1.666666667,0,5.333333333,0.333333333,1.333333333,299.3333333,0.333333333,0,0.666666667,3.333333333,0,3.333333333,0,46.66666667,0.333333333,5.333333333,0,77.66666667,764.6666667,5,239,0,0,4.666666667,319,0.666666667,203,0,0,213.3333333,13,0,9.666666667,0,0,5,0,61.33333333,2.666666667,1.333333333,0,2,11,0
NEC2-late pre-onset,0,0,4,0,2.5,26,0,0.5,0,3.5,21,13,0,2.5,2490,1,2,0,0,5,0.5,11.5,3.5,0,0,1.5,0,184,1,65.5,0,0,7.5,1,2,13617.5,0,0,0,0,19,0,1.5,1,9,0,131,0,0,3,0,0,0,0,0,2.5,185.5,0,0,0,0,137.5,1.5,4,0,0,1.5,14.5,8.5,0,7,1,0,0,1,0,0,1.5,0.5,0,0,424.5,1,0,0,2,212,7,0,31.5,0,0,0.5,0,4.5,2.5,0,0,0,24,0,0,5.5,1,0,1.5,18.5,0,0,6.5,1,20,0.5,3.5,0,0,0,0,0,1.5,0.5,6.5,630,29.5,14.5,2.5,24.5,3.5,25.5,0,12,4.5,0.5,95,3,74,2.5,0,811,0,0,0,2.5,0,36,18,94.5,0,0,0,3,4.5,12,223.5,0,250,1,9,6.5,6.5,4,12.5,0,2.5,2.5,3,1970,5.5,6,10.5,0,1.5,17.5,0.5,0,1,17,6.5,4.5,0,0,0,1.5,0,3.5,3,3,0,0,0,19,2.5,1,0,1,0,0.5,3.5,0,1,3,55.5,7,0,0,2,0.5,1,0,13,12.5,18.5,335.5,7.5,13,0,0,0,0,0,68.5,15.5,0,0,26,0,4.5,0,2,0,0,0,0,11.5,0.5,467,237,0,10,0,0,0.5,0,0.5,0,0,4,0,0,0,1.5,17,0,0,18.5,141.5,8.5,0,154.5,0.5,13.5,0,3,153,0.5,0,6,0.5,1983,180.5,0,0.5,0,29,5,0,582,0,12.5,2,0,0.5,0,0,0,20,5,2,11.5,88.5,0,83,0.5,2.5,0,3.5,0,6,4,2,0,15,343,2.5,109,0,1.5,0,131.5,0,109,0,0,113,3,0,5,0,0,3.5,0,0,1,0,14,0,7,0
NEC3-early disease,0,0,0,0,0,0.5,0,0,0,0,0,0,0,0.5,13,0,0,0,2.5,0,0.5,0,0,0.5,0,0,0,2,0,0.5,0,0,0,0,0,567,0,37,0,0,12838,1,0,1349.5,0,0,0,0,0,0,0,0,0,0,0,0,0,0,0,0,0,0,0,0,0,0.5,0,0,0,0,0,0,0,0,0,0.5,0,0,0,0.5,0,0,0,0,0,0,0.5,0,0,0,0,0,0,0,0,0,0,0,0,0.5,0,1.5,0,0,0,39,0,0,0,0,0,0,0,0,6,0,0,1,4,0,0,0,2,0,0,449.5,0,0,0,0,0,0,0,1.5,0,0.5,0,0,3,0.5,0,0,0,0,362.5,0.5,0.5,0,0,0,0,0,0,0.5,0,1,0,0,0.5,0,0,0,0,0,0,0.5,8,0.5,0,0.5,0,0,0,0,0,0,0,0,0,0,0,0,0,0,0,0,0,1,0,0,0,0,0,0,0,0,0,0,0,0,0,0.5,0,0,0,0,0,0,0,0,0,0,4,0.5,0.5,5,0.5,2,0,0,753,0,0,0.5,3862,0,0,0,0,0,0,0,0,0,0,2,1,0,0,0,0,0,0,0.5,0,0,0,0,0,0,0,0,0,0,0,0,3.5,0,0.5,0,0,0,0,0.5,0,0.5,0,0,13,0.5,0,0,0,0,0,0,7608,0,0,0,0,0,0,0,0,1.5,0,0.5,0,1.5,0,2.5,0,0,0,0,0,0,0,0,0,0,2.5,0,0,3.5,0,5,0,0,0.5,3.5,0,0,0.5,10.5,0,0,0,0,2.5,0,0,0,0,0.5,0,1
NEC3-early post partum,1,0,0,0,4,16,0,2,0,0,0,39,0,9,4819,2,0,0,0,16,4,26,1,0,0,10,2,247,4,136,0,0,22,2,4,116,0,0,0,2,26,0,1,4,0,0,316,0,2,0,1,0,2,0,0,1,278,2,0,0,1,193,3,8,1,25,4,37,14,1,3,4,0,0,4,0,0,3,0,0,0,993,7,1,1,5,379,16,0,66,0,3,1,0,3,4,0,0,0,260,0,0,3,0,1,0,30,2,0,0,0,20,1,4,1,5,0,0,0,1,8,0,1256,46,37,2,40,18,2,0,0,0,1,187,6,60,6,0,1543,0,0,0,10,0,9,24,197,1,0,0,1,0,11,372,1,303,2,15,6,11,4,3,3,10,8,2,3165,8,2,18,0,3,0,5,0,2,47,3,2,0,0,1,1,3,0,7,6,0,0,0,0,1,1,0,2,0,0,4,0,6,6,86,23,2,1,0,3,0,0,14,23,19,657,0,24,0,0,0,0,0,333,56,1,0,20,1,1,4,2,0,0,0,0,15,0,893,387,2,11,0,0,1,0,1,0,2,0,0,0,2,0,26,0,0,12,237,2,1,363,0,1,0,0,264,0,0,14,0,3238,471,0,0,0,57,5,0,3310,0,23,19,0,0,0,0,1,0,10,2,0,98,0,1,0,0,0,2,0,74,0,3,0,38,579,6,168,0,1,3,294,1,135,0,1,160,12,0,10,0,0,7,0,1,2,0,0,25,10,0
NEC3-early pre-onset,0,0,0,0,1,15,0,0,4.5,0,0,14,0,5,2797,1.5,0.5,0,16.5,7,2,11.5,2.5,0.5,0,2.5,4,208,0.5,94.5,0,0.5,10.5,1,1.5,3,0,0,0,0,11075.5,5,2,0,0,0,213.5,0,3,0,0,0,0.5,0,0,2.5,200.5,0,0.5,0,1,131,3,4.5,0,0,1.5,19,12,2,0.5,2,0,2,0.5,1.5,0,0,0.5,5,0,274.5,1,0.5,0,3,203.5,7,0,27,0,3,0,0,4,1.5,2,0,0.5,13,0,0,2,1,0,0,26,0,0,0,4.5,14.5,0.5,0.5,37.5,2,0,5.5,10,1,11.5,0.5,616.5,27.5,21,2136,25.5,4.5,0,0,1,0,0.5,86,3.5,42.5,0,0,896.5,1,0.5,0,4.5,0,4.5,13.5,104.5,0,0,0,0,0,6,196.5,0,221.5,2.5,3.5,3,2.5,3.5,4,0,3,2.5,4,2085,8.5,3.5,3.5,0,0,4,1.5,0,0,26.5,1,1,0.5,0,0,0,0,6.5,2,2,0,0.5,0,2,0,2,0,1,0,0.5,1,0,4.5,4,62.5,11.5,1.5,1,0,0,0,0,12.5,12.5,18,387,1.5,11,29,3.5,9,0,0,51,14.5,0,0,218,4,3.5,1,1,0,0,0,0,3.5,0.5,499,282,0.5,7,0,0,0,0,0,0.5,0.5,0,0,0,1,0,5,0,0,8.5,168.5,0,0,113,1,3.5,0,1,209.5,0,0,7,1.5,1933.5,255,0,0,0,37.5,3,0,437,0.5,21.5,7.5,0,0,0.5,0,0,0,7.5,1,3,43,0,0,1,3,0,1,0,11.5,1.5,1.5,0,27.5,355,3,107,4,0,0,177,1,84,2.5,0,91,1.5,19.5,8,0,0,5,10.5,0,0.5,0,1.5,0.5,0,4.5
NEC3-late pre-onset,0.333333333,0,0,0,0,0.333333333,0,0,0,0,2,0.666666667,0,0,170.6666667,0,0,0,20,0.333333333,0.333333333,1.666666667,0,1.666666667,0,0,0.333333333,14,0,2,0,0,0.666666667,0.333333333,0,20,0,24.66666667,0,0,14589,5,0,899.6666667,0,0.333333333,7.333333333,0,0.333333333,0,0,0,0,0,0,0,7,0,0,0,0,5.333333333,0,1,0,0.333333333,0,1.666666667,0.666666667,0,0.333333333,0,0,0,2.666666667,4,0,0.333333333,0,8,0,22.66666667,0.666666667,0,0,0,17.33333333,0,0,1.333333333,0,0,0,0,0,0,0,0,0,0,0,0,0,0,0,1,2.333333333,0,1,0,0,0.666666667,0,0,38.66666667,0,0,6,12,0.333333333,0,0,41.66666667,1,1,2972.333333,0.666666667,0.333333333,0,0,1.666666667,0,0,4,0,3.666666667,0,0.333333333,58,0.333333333,0,0,0.666666667,0,243,1.666666667,5.333333333,0,0,0,0,0,0.333333333,15,0,12,1.333333333,0,0,0.333333333,0,1.333333333,0,0,0.666666667,0,138.6666667,7.333333333,0.333333333,0.666666667,0,0,5.333333333,0,0,0,0.666666667,1.666666667,0.333333333,0,0,0,0,0,6.666666667,0,0,0.666666667,1.666666667,0,2.666666667,0,0,0,0,0,0.666666667,0,0,0.333333333,0,3,0.333333333,0,0,0,0,0,0,1.666666667,0.666666667,2,27.33333333,3.333333333,1,35.66666667,6.666666667,8.666666667,0,0,502.3333333,3.666666667,0,0,2575.333333,0,0,0,0.333333333,0,0,0,0,0.333333333,0,27.66666667,10.33333333,0,0,0,0,0,0,0,0,0,1.666666667,0,0,0,0,1,0,0,0.666666667,5.666666667,0.333333333,0,11,1.666666667,2,0,0,11,0,0,0,0,102,13,0,0,0,0.666666667,0,0,5075,0,2,0.666666667,0,0,0,0,0,0,0,0.333333333,1.333333333,0,0,0,0.333333333,0,0,0,0,2,0,0.333333333,0,2,24.66666667,0,6.333333333,8.333333333,0,3.333333333,8,0,5.666666667,3,0,6.333333333,0.666666667,25.66666667,2,0,0,0,10.66666667,0,0,0,7.333333333,0.333333333,0,5.333333333
NEC4-early disease,0,0,0,0,0,0,0,0,0,0,0,0,0,0,1,0,0,0,0,0,14,0,0,0,0,0,0,0,0,0,1,0,0,0,0,5,0,13,0,0,10,0,0,516,0,0,0,5,0,0,0,0,0,0,0,0,0,0,0,0,0,0,0,0,0,0,0,0,0,0,0,0,0,0,0,0,0,0,0,0,0,0,0,0,0,0,1,0,0,0,5,0,0,0,0,0,0,0,0,241,0,0,0,0,0,4,0,0,0,0,0,0,0,0,0,0,0,0,0,0,0,342,0,0,0,0,0,0,0,0,0,0,0,0,0,0,0,0,0,0,0,0,0,0,174,0,0,0,0,11,0,0,0,0,0,0,0,0,0,0,0,0,0,0,0,0,1,362,0,0,0,0,0,0,0,0,0,0,0,0,7,0,0,0,0,0,0,0,0,0,0,0,0,1,0,0,0,0,0,0,0,0,0,0,0,0,0,0,0,0,0,0,0,0,0,0,0,0,8,0,2466,0,2,3,722,0,0,0,0,18,0,0,0,0,0,0,0,0,0,0,0,0,0,0,0,0,0,0,0,0,0,0,0,0,0,0,0,0,0,0,0,0,0,0,0,0,0,0,2,0,0,0,0,0,0,0,23029,0,0,0,0,0,0,0,0,0,0,0,0,0,0,0,0,0,1,0,0,0,0,0,0,0,0,0,0,0,0,4,0,0,0,0,0,0,0,0,0,0,0,0,0,0,0,0,0,25,0,0
NEC4-early post partum,0,0,0,0,6,69,0,2,4,0,0,31,0,9,5508,1,0,0,0,12,2,32,3,0,2,7,0,293,5,117,0,0,55,2,2,2,1,0,0,3,24,0,3,37,0,32,315,0,2,55,1,0,0,0,0,0,256,0,1,10,6,197,8,10,1,5,7,57,24,2,6,2,0,19,2,0,0,55,0,0,0,562,6,0,1,8,379,30,0,45,0,6,2,0,3,2,1,0,0,33,0,0,2,3,0,3,56,1,3,0,0,22,0,2,0,3,0,0,0,0,5,79,1433,38,45,4,36,17,0,0,2,6,6,237,6,15,6,0,1755,0,6,0,12,0,12,32,205,0,0,0,1,0,8,401,1,315,2,4,7,6,0,6,1,1,7,3,3702,17,8,2,0,2,0,8,1,2,62,2,0,1,0,0,2,0,0,0,7,1,0,0,0,1,2,0,1,0,1,5,0,7,2,112,33,3,2,0,1,7,0,22,21,16,752,0,29,0,0,0,0,7,45,63,0,0,1148,0,0,0,5,6,0,0,0,20,0,802,551,8,5,0,1,2,3,1,0,3,0,0,0,8,0,3,0,0,35,279,2,0,200,3,2,0,10,338,1,0,116,1,3575,449,8,37,1,67,5,0,374,1,28,11,0,1,0,0,0,0,7,3,0,68,0,0,1,1,0,49,0,9,1,4,0,65,668,3,131,0,0,3,306,1,116,0,62,177,20,0,14,0,0,13,0,0,0,0,0,5,10,0
NEC4-early pre-onset,0,0,3,0,0,0,0,0,0,0,0,0,0,0,32,0,0,0,0,0.5,0,0,0,0,0,0,0,0.5,0,1,0,0,0,0,0,0,0,24,0,0,0.5,0,0,559,0,0,1,0,0,0.5,0,0,0,0,0,0,1,0,0,0,0,1,0.5,0,0,0.5,0,0,0.5,0,0,0,0,0,0,0,0,0,0,0,0,4.5,0,0,0,0,0,0.5,0,0.5,27.5,0,0,0,0,0,0,0,0,4,0,0,0,0,0,0,0,0,0,0,0,0,0,0,0,0,0,0,0,0,0,4061,11.5,1,0,0,0.5,0.5,0,0,0,0,0,2,0,0.5,0,0,7.5,0,0,0,0,0,125,0.5,0,0,0,0.5,0,0,0,0,0,0,0,0,0,0.5,0,0,0,0,0,0,1.5,1.5,0,0,0,0,0,0,0,0,0,0,0,0,0.5,0,0,0,0,0,0,0,0,0,0,0,0,0,0,0,0,0,0,0,0.5,0,0.5,0,0,0,0,0,0,0,0,0,0.5,0,0,0,0,0,0,0,1379.5,0.5,0,0.5,7765,0,0,0,0,198,0,0,0,0,0,1,4.5,0,0,0,0,0,0,0,0,0,0,0,0.5,0,0,0,0,0,0,0.5,0,0,2,0,0,0,0,2.5,0,0,0,0,2,4,0,0,0,0,0,0,13738.5,0,0.5,0,0,0.5,0,0,0,0,0,0,0,0,0,0,0,0,0,0,0,0.5,0,0,0,0,6,0,0.5,0,0,3,4,0,1,0,0,0.5,0,0,0,0,0,0,0,0,0,0,0,0,0,0
NEC4-late pre-onset,0,0,0,0,0,0,0,0,0,0,0,0,4,0,21,0,0,0,0,0,7,0,0,0,0,0,0,0,0,1,0,0,0,0,0,129,0,55,0,0,9,0,0,2583,0,0,3,0,0,1,0,0,0,0,0,0,2,0,0,0,0,3,0,0,0,0,0,0,0,1,0,0,0,2,0,0,0,2,0,0,0,2,0,0,0,0,0,0,0,0,1,0,0,0,0,0,0,0,0,634,0,0,0,0,0,3,1,0,0,0,0,0,0,0,0,0,0,0,0,0,0,52,5,0,0,0,0,0,0,0,0,0,0,3,0,0,0,0,5,0,0,0,0,0,509,0,0,0,0,4,0,0,0,0,0,0,0,0,0,0,0,0,0,0,0,0,2,2,0,0,0,0,0,0,0,0,0,0,0,0,1,0,10,0,0,0,0,0,0,0,0,0,0,0,0,0,0,0,0,0,0,0,0,0,0,0,0,0,0,0,0,1,0,0,0,0,0,0,1,0,441,1,4,0,18463,0,0,0,0,3,0,0,0,0,0,0,1,0,0,0,0,0,0,1,0,0,0,0,1,0,0,0,0,0,0,1,2,0,0,0,0,0,0,3,0,0,2,0,0,1,0,0,0,0,0,0,4995,0,0,0,0,0,0,0,0,0,0,0,0,0,0,0,0,0,0,0,0,0,0,0,0,0,5,0,1,0,0,8,0,0,0,0,0,1,0,0,0,0,0,0,0,1,0,0,0,0,0,0
