"","sample","time","OTU54","OTU295","OTU865","OTU42","OTU31","OTU317","OTU24","OTU190","OTU1094","OTU18","OTU357","OTU57","OTU790","OTU979","OTU30","OTU138","OTU850","OTU72","OTU435","OTU211","OTU738","OTU142","OTU256","OTU458","OTU236","OTU315","OTU354","OTU736","OTU1073","OTU128","OTU1242","OTU53","OTU322","OTU785","OTU302","OTU25","OTU721","OTU129","OTU374","OTU914","OTU861","OTU516","OTU281","OTU1243","OTU508","OTU1002","OTU1026","OTU703","OTU527","OTU1111","OTU1075","OTU690","OTU807","OTU64","OTU1117","OTU744","OTU46","OTU32","OTU655","OTU537","OTU159","OTU729","OTU149","OTU384","OTU382","OTU875","OTU38","OTU1028","OTU777","OTU59","OTU695","OTU309","OTU766","OTU521","OTU398","OTU488","OTU373","OTU932","OTU245","OTU418","OTU1","OTU234","OTU745","OTU708","OTU871","OTU395","OTU730","OTU1088","OTU68","OTU85","OTU764","OTU381","OTU80","OTU76","OTU830","OTU1101","OTU33","OTU523","OTU1015","OTU48","OTU1225","OTU706","OTU825","OTU184","OTU50","OTU19","OTU1041","OTU827","OTU751","OTU420","OTU495","OTU525","OTU772","OTU771","OTU487","OTU1014","OTU204","OTU449","OTU446","OTU630","OTU1235","OTU718","OTU1069","OTU870","OTU288","OTU444","OTU84","OTU821","OTU396","OTU75","OTU329","OTU346","OTU978","OTU714","OTU590","OTU108","OTU868","OTU45","OTU325","OTU415","OTU1234","OTU765","OTU720","OTU945","OTU51","OTU1105","OTU734","OTU270","OTU136","OTU705","OTU36","OTU463","OTU750","OTU728","OTU379","OTU731","OTU833","OTU78","OTU228","OTU616","OTU404","OTU803","OTU801","OTU112","OTU246","OTU47","OTU401","OTU724","OTU878","OTU1184","OTU691","OTU1110","OTU836","OTU1078","OTU529","OTU343","OTU1113","OTU798","OTU1232","OTU260","OTU65","OTU41","OTU710","OTU1074","OTU146","OTU21","OTU333","OTU685","OTU4","OTU709","OTU352","OTU873","OTU908","OTU788","OTU297","OTU1077","OTU815","OTU532","OTU6","OTU450","OTU524","OTU125","OTU1021","OTU63","OTU1229","OTU390","OTU610","OTU1100","OTU67","OTU319","OTU274","OTU802","OTU752","OTU837","OTU225","OTU505","OTU436","OTU437","OTU864","OTU717","OTU862","OTU533","OTU389","OTU689","OTU789","OTU156","OTU832","OTU753","OTU209","OTU740","OTU711","OTU79","OTU1239","OTU202","OTU383","OTU743","OTU86","OTU704","OTU732","OTU1237","OTU956","OTU5","OTU1139","OTU692","OTU1135","OTU723","OTU151","OTU522","OTU768","OTU770","OTU1192","OTU338","OTU1207","OTU3","OTU867","OTU885","OTU819","OTU55","OTU122","OTU447","OTU716","OTU1233","OTU698","OTU34","OTU1082","OTU534","OTU769","OTU387","OTU89","OTU889","OTU767","OTU905","OTU263","OTU261","OTU1018","OTU426","OTU29","OTU786","OTU82","OTU386","OTU376","OTU943","OTU179","OTU7","OTU312","OTU481","OTU737","OTU20","OTU320","OTU774","OTU626","OTU434","OTU605","OTU456","OTU863","OTU893","OTU70","OTU1236","OTU1090","OTU952","OTU69","OTU37","OTU999","OTU872","OTU810","OTU496","OTU1104","OTU707","OTU1001","OTU1031","OTU795","OTU466","OTU866","OTU427","OTU279","OTU469","OTU792","OTU49","OTU712","OTU1093","OTU460","OTU272","OTU874","OTU375","OTU345","OTU869","OTU797","OTU509"
"21","B0402","NEC1-early post partum",5,0,1,6,27,129,1,3,10,2,0,83,0,19,8182,4,3,1,0,6,0,0,16,0,0,14,0,4,10,176,0,10,83,0,0,5,0,0,14,3,3,0,2,1,0,0,1057,0,8,0,4,0,0,0,12,0,649,2,0,0,0,272,23,104,2,1,8,118,26,39,0,5,0,0,2,0,8,20,3,0,78,90,2,0,2,0,1,24,0,88,0,5,3,3,1,1,8,0,0,9,0,0,1,0,0,0,169,0,9,0,2,162,3,1,0,50,1,0,0,1,63,14,2278,80,56,0,205,27,0,1,0,2,2,55,7,2,0,3,1326,0,0,0,0,0,2,137,1,0,0,0,24,0,71,5,4,0,1,237,107,43,0,13,4,3,0,4,8,18,11,5,0,3,0,4,1,0,50,0,0,6,0,5,0,0,0,53,35,0,2,0,0,0,8,0,10,2,0,6,0,12,10,279,211,78,2,1,0,0,0,58,107,105,6,0,24,0,0,0,0,0,14,407,0,0,395,0,0,0,6,0,0,7,1,0,1,5,1851,0,2,5,0,5,0,0,6,0,0,0,0,1,0,4,0,65,25,334,1,3,69,10,7,2,3,1316,2,0,0,60,2,999,0,0,0,291,4,0,437,6,76,36,3,0,6,1,4,0,0,16,0,0,1,0,0,2,0,1,0,0,14,1,0,473,650,31,174,0,0,10,942,0,819,0,0,554,5,0,10,0,0,0,0,0,3,17,0,0,2,0
"22","B0408","NEC1-early pre-onset",0,0,0,0,0,0,0,0,0,0,0,0,0,0,6,0,0,0,0,0,0,0,0,0,0,0,0,0,0,0,0,0,0,0,0,194,0,0,0,0,0,0,0,0,0,0,1,0,0,0,0,0,0,0,0,0,0,0,0,0,0,0,0,0,0,0,0,0,0,0,0,0,0,0,0,0,0,0,0,0,0,0,0,0,0,0,0,0,0,0,0,0,0,0,0,0,0,0,0,793,0,0,0,0,0,0,0,0,0,0,0,0,0,0,0,0,0,0,0,0,0,2,3,0,0,0,1,0,0,0,0,0,0,0,0,0,0,0,1,0,0,0,0,0,9,0,0,0,0,1,0,0,0,0,0,0,0,0,0,0,0,0,0,0,0,0,0,3,0,0,0,0,0,0,0,0,0,0,0,0,0,0,0,0,0,0,0,0,0,0,0,0,0,0,0,0,0,0,6,0,0,0,0,0,0,0,0,0,0,0,0,0,0,0,0,0,0,0,2,0,2231,1,6,0,4,0,0,0,0,0,0,0,0,0,0,0,2,0,0,0,0,0,0,0,0,0,0,0,0,1,0,0,0,0,0,0,1,0,0,0,0,0,0,1,0,0,0,0,0,0,0,0,0,0,0,0,24711,0,0,0,0,0,0,0,0,0,0,0,0,0,0,0,0,0,0,0,0,0,0,0,0,0,1,0,0,0,3,3,0,0,1,0,0,0,0,0,0,5,0,0,0,0,0,0,0,1,0,0
"23","B0410","NEC1-late pre-onset",0,0,0,0,0,0,0,0,0,0,0,0,0,0,1,0,0,0,0,0,0,0,0,0,0,0,0,0,0,0,0,0,0,0,0,74,0,0,0,0,24,0,0,0,0,0,0,0,0,0,0,0,0,0,0,0,0,0,0,0,0,0,0,0,0,0,0,0,0,0,0,0,0,0,0,0,0,0,0,0,0,0,0,0,0,0,0,0,0,0,0,0,0,0,0,0,0,0,0,938,0,0,0,0,0,0,0,0,0,0,0,0,0,0,0,0,0,0,0,0,0,0,0,0,0,1,0,0,0,0,0,0,0,0,0,0,0,0,0,1,0,0,0,0,10,0,0,0,0,16,0,0,0,0,0,0,0,0,0,0,0,0,0,0,0,0,0,1,0,0,0,0,0,0,0,0,0,0,0,0,0,0,0,0,0,0,0,0,0,0,0,0,0,0,0,0,0,0,2,0,0,0,0,0,0,0,0,0,0,0,0,0,0,0,0,0,0,0,14,0,2540,0,9,0,1,0,0,0,0,0,0,0,0,0,0,0,0,0,0,0,0,0,0,0,0,0,0,0,0,0,0,0,0,0,0,0,0,0,0,0,0,0,0,0,0,0,0,0,0,0,0,0,0,0,0,0,24356,0,0,0,0,0,0,0,0,0,0,0,0,0,0,0,0,0,0,0,0,0,0,0,0,0,0,0,0,0,3,0,0,0,0,0,0,0,0,0,0,3,0,0,0,0,0,0,0,0,0,0
"24","B0411","NEC1-early disease",0,0,0,0,0,0,0,0,0,0,0,0,0,0,4,0,0,0,0,0,0,0,0,0,0,0,0,0,0,0,0,0,0,0,0,46,0,0,0,0,4,0,0,0,0,0,0,0,0,0,0,0,0,0,0,0,0,0,0,0,0,0,0,0,0,0,0,0,0,0,0,0,0,0,0,0,0,0,0,0,0,1,0,0,0,0,0,0,0,0,0,0,0,0,0,0,0,0,0,1951,0,0,0,0,0,0,0,0,0,0,0,0,0,0,0,0,0,0,0,0,0,0,0,0,0,1,0,0,0,0,0,0,0,1,0,0,0,0,0,0,0,0,0,0,14,0,0,0,0,13,0,0,0,0,0,0,0,0,0,0,0,0,0,0,0,0,0,3,0,0,0,0,0,0,0,0,0,0,0,0,0,0,0,0,0,0,0,0,0,0,0,0,0,0,0,0,0,0,4,0,0,0,0,0,0,0,0,0,0,0,0,0,0,0,0,0,0,0,18,0,2380,0,13,0,0,0,0,0,0,0,0,0,0,0,0,0,0,0,0,0,0,0,0,0,0,0,0,0,0,0,0,0,0,0,0,0,0,0,0,0,0,0,0,0,0,0,0,0,1,0,0,0,0,0,0,0,23535,0,0,0,0,0,0,0,0,0,0,0,0,0,0,0,0,0,1,0,0,0,0,0,0,0,0,0,0,0,0,0,0,0,0,0,0,0,0,0,0,3,0,0,0,0,0,0,0,1,0,0
"25","B0413","NEC1-early disease",0,0,0,0,0,0,0,0,0,0,0,0,0,0,59,0,0,0,0,0,0,0,0,0,0,1,0,4,0,3,0,0,0,0,0,8263,0,0,0,0,2,0,0,0,3,0,4,0,1,0,0,0,0,0,0,0,2,0,0,0,1,2,0,0,0,1,0,0,0,0,0,0,0,0,0,0,0,0,0,0,0,9,0,0,0,1,3,0,0,0,0,0,0,0,0,0,0,0,0,19083,0,0,0,0,0,0,0,1,0,5,0,0,0,0,0,0,0,0,0,0,0,0,10,0,0,1,0,0,0,0,0,1,0,4,0,0,0,0,14,0,0,0,0,0,0,0,3,0,0,0,0,0,0,3,0,11,1,0,0,1,0,1,0,1,0,0,37,16,0,1,0,0,0,0,0,0,2,0,0,0,0,0,0,0,0,0,0,0,0,0,0,0,0,0,0,0,0,0,122,0,0,1,0,0,0,0,0,0,0,0,1,1,30,0,1,0,0,0,0,0,3,0,1,0,0,1,0,0,0,0,0,0,0,0,0,10,8,0,0,0,0,0,0,0,0,0,0,0,0,0,0,1,0,0,0,0,7,0,4,0,0,0,1,6,0,0,0,0,39,2,0,0,0,0,0,0,19,0,0,0,1,0,0,0,0,11,0,0,1,9,0,41,1,0,0,0,0,0,0,0,0,0,8,0,11,0,0,0,0,0,2,0,0,2,1,0,0,92,0,0,0,0,0,0,0,0,1,0
"26","B0415","NEC1-early disease",0,0,0,0,3,2,0,0,2,0,0,3,0,1,293,0,0,0,0,0,0,0,1,0,0,0,0,0,0,5,0,0,3,0,0,10,0,0,0,0,1,0,0,0,0,0,59,0,1,0,0,0,0,0,0,0,31,0,0,0,2,11,1,1,0,0,2,3,1,3,0,0,0,0,0,0,1,2,0,0,3,0,0,0,0,0,0,1,0,1,0,0,0,0,0,0,0,0,0,26659,0,0,0,0,0,0,7,0,0,0,0,11,0,0,0,1,1,0,0,0,1,4,71,10,2,1,8,1,0,0,0,0,1,1,0,0,0,1,55,0,0,0,0,0,1,2,0,0,0,0,0,0,1,0,0,0,1,13,5,0,0,1,0,0,0,0,0,18,0,0,0,0,0,0,0,0,4,0,0,2,0,0,0,0,0,0,3,0,1,0,0,0,0,0,0,0,2,0,0,0,1,15,12,2,0,0,0,0,0,4,4,3,0,0,1,0,0,0,0,0,0,22,0,0,122,0,0,0,0,0,0,1,0,0,0,1,91,0,0,0,0,0,0,0,0,0,0,0,0,0,0,0,0,1,0,9,0,0,3,0,2,0,0,86,0,0,0,7,0,49,0,0,0,11,0,0,31,0,2,3,0,0,0,0,0,0,0,0,0,0,0,0,0,0,0,0,0,0,1,0,0,25,27,1,2,0,0,0,54,0,43,0,0,21,0,0,1,0,0,0,0,0,0,0,0,0,0,0
"27","B0420","NEC1-middle disease",0,0,0,0,0,0,0,0,0,0,0,0,0,0,16,0,0,0,0,0,0,0,0,0,0,0,0,3,0,0,0,0,0,0,0,138,0,0,0,0,26,0,0,0,0,0,0,0,0,0,0,0,0,0,0,0,0,0,0,0,0,1,0,0,0,0,0,0,0,0,0,0,0,0,0,0,0,0,0,0,0,3,0,0,0,0,4,0,0,0,0,0,0,0,0,0,0,0,0,27635,0,0,0,0,0,0,0,0,0,0,0,0,0,0,2,1,0,0,0,0,0,0,6,0,0,1,0,0,0,0,0,0,0,2,0,0,0,0,5,0,0,0,0,0,0,0,1,0,0,0,0,0,0,3,0,0,0,0,0,0,0,0,0,0,0,0,8,54,0,0,0,0,0,0,0,0,0,0,0,0,0,0,0,0,0,0,0,0,0,0,0,0,1,0,0,0,0,0,46,0,0,0,1,0,0,0,0,0,0,1,0,0,1,0,0,0,0,0,0,0,1,0,1,0,0,0,0,0,0,0,0,0,0,0,0,2,0,0,0,0,0,0,0,1,0,0,0,0,0,0,0,0,0,0,0,0,0,0,0,0,0,0,0,1,0,0,0,0,5,2,0,0,0,0,0,0,0,0,0,0,0,0,0,0,0,0,0,0,0,0,0,0,0,0,0,0,0,0,0,0,0,0,2,0,1,0,0,0,1,0,1,0,0,2,0,0,0,15,0,0,0,0,0,0,0,0,0,0
"28","B0421","NEC1-middle disease",0,0,0,0,0,2,0,0,0,0,0,0,0,0,50,0,0,0,0,0,0,0,0,0,0,0,0,0,0,3,0,0,0,0,0,480,0,0,0,0,3,0,0,0,0,1,19,0,0,0,0,0,0,0,0,0,5,0,0,0,0,2,0,2,0,0,0,2,0,0,0,0,0,0,0,0,1,0,0,0,0,0,0,0,0,0,0,0,0,0,0,0,0,0,0,0,0,0,0,27168,0,0,0,0,0,0,1,0,0,0,0,4,0,0,0,0,0,0,0,0,0,1,5,1,0,0,2,0,0,0,0,0,0,1,0,0,0,1,7,0,0,0,0,0,0,0,0,0,0,0,1,0,0,0,0,0,0,0,1,0,0,0,0,0,0,0,0,44,0,0,0,0,0,0,0,0,2,0,0,0,0,0,0,0,0,1,0,0,0,0,0,0,0,0,0,0,0,0,55,0,0,1,0,1,0,0,0,0,0,1,0,2,0,0,0,0,0,0,0,0,0,2,0,0,0,0,0,0,0,0,0,0,0,0,0,0,26,1,0,0,0,0,0,0,0,0,0,0,0,2,0,0,0,1,0,5,2,0,0,0,1,0,0,24,0,0,0,2,0,12,0,0,0,2,0,0,1,1,0,0,0,0,0,0,0,1,0,0,0,0,0,1,0,0,0,0,0,0,0,0,0,6,4,0,1,0,0,0,8,0,5,0,0,0,0,0,0,15,0,0,0,0,0,1,0,0,0,0
"29","B0423","NEC1-middle disease",0,0,0,0,0,0,0,0,0,0,0,3,0,0,169,0,0,0,1,0,1,2,0,0,0,0,0,16,0,5,0,0,0,3,0,325,0,0,0,0,548,0,0,0,0,0,10,0,1,0,0,0,0,0,0,0,12,0,0,0,0,8,0,0,0,2,0,2,0,0,0,0,0,0,0,0,0,0,0,0,0,20,0,0,0,0,17,2,0,0,0,0,0,0,0,0,0,0,0,26156,0,0,0,0,0,1,1,0,1,0,0,0,0,0,9,0,0,0,0,0,0,0,24,4,0,85,1,0,1,0,0,1,0,3,0,8,0,0,61,0,0,0,1,0,0,0,5,0,0,0,0,0,0,15,0,6,1,0,0,0,0,0,0,0,0,1,105,47,0,0,0,0,1,0,0,0,1,0,0,0,0,0,0,0,0,0,0,0,0,0,1,0,0,0,0,0,0,0,11,0,0,5,0,0,0,0,0,0,0,0,0,1,25,0,0,1,0,1,0,0,5,1,1,0,0,0,0,0,0,0,0,0,0,0,0,22,14,0,1,0,0,0,0,3,0,0,0,0,0,0,0,1,0,0,0,11,0,0,7,0,2,0,0,10,0,0,0,0,92,11,0,0,0,1,0,0,17,0,1,0,0,0,0,0,0,0,0,0,1,3,1,0,0,0,0,0,0,5,0,0,0,3,16,0,6,0,0,0,7,0,5,0,0,4,2,0,0,7,0,0,0,0,0,0,2,0,0,1
"30","B0425","NEC1-middle disease",0,0,0,0,0,0,0,0,0,0,0,0,0,0,167,1,0,1,0,0,1,1,1,0,0,0,0,11,0,6,0,0,1,0,0,2529,0,0,0,0,43,0,0,0,1,0,11,0,0,0,0,0,0,4,0,0,12,0,0,0,0,5,0,0,0,0,0,1,1,0,1,0,0,0,0,0,0,0,0,0,0,37,1,0,0,1,10,0,0,3,0,0,0,0,0,0,0,0,0,23150,0,0,0,0,0,0,2,0,0,1,0,0,0,0,0,0,0,0,0,0,0,0,53,2,1,8,1,0,13,0,0,0,0,4,0,1,0,0,55,0,0,0,0,0,2,1,10,0,0,0,0,1,3,14,0,12,1,2,1,0,0,1,0,0,1,0,122,45,0,2,0,0,3,0,0,0,0,0,0,0,0,0,0,0,2,0,0,0,0,0,3,0,0,0,0,0,0,0,10,0,0,4,1,0,0,0,2,0,0,3,0,1,24,0,0,1,0,0,0,0,1,5,2,0,0,0,0,0,0,0,0,0,0,1,0,29,11,0,0,0,0,0,0,0,0,0,0,0,0,0,1,3,0,0,1,9,4,0,13,0,2,0,0,18,0,0,1,0,109,17,0,0,0,3,0,0,3,0,0,1,0,0,0,0,0,2,2,1,0,1,0,10,0,0,0,1,0,2,1,0,0,3,19,0,2,0,0,0,13,0,3,0,1269,3,1,0,0,10,0,1,1,0,0,0,2,0,0,0
"31","B0428","NEC1-middle disease",0,0,0,0,0,1,0,0,0,0,0,1,0,0,42,0,0,0,0,0,0,0,0,0,0,0,0,0,0,1,0,0,2,0,0,447,0,0,0,0,584,0,0,0,2,0,7,0,0,0,0,0,0,0,0,0,2,0,0,0,0,0,0,1,0,0,0,0,0,0,0,0,0,0,0,0,0,0,0,2,0,1,0,0,0,0,0,0,0,1,0,0,0,0,0,0,0,0,0,25970,0,1,0,0,0,548,0,0,0,0,0,0,1,0,14,0,0,1,0,0,0,0,6,2,0,143,0,0,0,0,0,0,0,1,0,0,0,0,4,0,0,0,0,0,0,0,0,0,0,0,0,0,0,0,0,0,0,3,0,0,0,0,0,0,0,0,0,16,0,0,0,0,0,0,0,0,0,0,0,0,0,0,0,0,0,0,0,0,0,0,0,0,0,0,0,0,0,0,2,0,0,2,0,1,0,0,0,0,0,0,0,1,0,0,0,1,0,0,0,0,0,1,1,0,0,0,0,0,0,0,0,0,0,0,0,0,14,0,0,0,0,0,0,0,0,0,0,0,0,0,0,0,0,0,0,1,0,0,0,0,0,0,0,12,0,0,0,1,0,2,0,0,0,1,0,0,2,0,0,0,0,0,0,0,0,0,0,0,0,0,0,1,0,0,0,0,0,0,0,0,0,3,2,0,0,0,0,0,6,0,6,0,117,3,1,1,0,2,0,0,6,0,0,0,0,0,0,0
"32","B0430","NEC1-late disease",0,0,18,0,0,0,0,0,0,0,0,0,0,0,18,0,0,0,0,0,0,0,0,0,0,0,0,0,0,0,0,0,0,0,0,379,0,0,0,0,42,0,0,0,0,0,0,0,0,0,0,0,0,0,0,0,1,0,0,0,0,0,0,0,0,0,0,0,0,0,0,0,0,0,0,0,0,0,0,0,0,2,0,0,0,0,1,0,0,0,0,0,0,0,0,1,0,0,0,9751,0,2,0,0,0,151,0,0,0,1,1,0,0,0,1,0,0,0,1,0,0,16226,5,0,0,6,0,0,3,0,0,0,0,0,0,0,0,0,3,0,0,0,0,0,0,0,1,0,0,0,0,0,0,0,0,1,0,0,0,0,0,0,0,0,0,0,9,10,0,0,0,0,0,0,0,0,0,0,0,0,299,0,0,0,0,0,0,0,0,0,0,0,0,4,0,0,0,0,18,0,0,0,0,0,0,0,0,0,0,0,0,0,3,0,0,0,0,0,0,0,0,0,66,93,0,0,0,1,0,780,0,0,0,0,0,0,0,0,0,0,0,0,0,1,0,0,0,0,0,0,0,0,0,0,0,1,0,0,0,0,0,0,0,2,0,1,0,0,8,0,0,0,0,0,0,0,1,0,0,0,0,0,0,0,0,0,0,0,0,0,0,2,0,0,0,0,0,0,0,0,0,0,3,0,1,0,4,0,0,0,0,0,66,0,0,0,0,6,0,0,0,0,0,0,0,0,0,0
"33","B0431","NEC1-late disease",0,0,22,0,0,0,0,0,0,0,0,0,0,0,1,0,0,0,0,0,0,0,0,0,0,0,0,0,0,0,0,0,0,0,0,40,0,0,0,0,3,0,0,0,0,0,0,0,0,0,0,0,0,1,0,0,0,0,0,0,0,0,0,0,0,0,0,0,0,0,0,0,134,0,0,0,0,0,0,0,0,0,0,0,0,0,0,0,24,0,6,0,0,0,0,0,0,2,0,10082,0,0,0,0,0,21,0,0,0,0,0,0,0,0,0,0,0,0,0,0,0,14069,0,0,0,0,0,0,0,0,0,0,0,0,0,0,0,0,1,0,0,5,0,0,1,0,1,0,0,2,0,0,0,0,0,0,0,0,0,0,0,0,0,0,0,0,0,15,0,0,0,0,0,0,0,0,0,0,0,0,324,0,0,0,0,0,0,0,0,0,0,0,0,13,0,0,0,0,3,0,0,0,0,0,0,0,0,0,0,0,0,0,0,0,0,0,0,0,4,0,103,0,91,98,1,0,0,0,0,664,0,0,0,0,0,0,1,0,0,0,0,0,0,0,0,0,0,4,0,0,0,0,0,0,0,0,0,0,0,0,0,0,0,0,0,0,1569,0,0,0,0,0,0,0,0,0,682,0,0,0,0,0,0,0,0,0,0,0,0,0,0,1,0,0,2,0,0,0,0,0,0,1,0,0,0,0,0,0,0,0,0,0,2,0,0,0,0,0,0,0,0,0,0,0,1,0,0,0
"34","B0436","NEC1-late disease",0,0,1,0,0,1,0,0,0,0,3,3,0,2,448,0,1,0,0,2,0,4,0,0,0,1,1,33,0,16,0,0,0,0,2,320,0,0,0,0,11,0,0,0,0,0,40,0,1,0,0,0,0,1,0,0,40,0,0,0,0,14,1,1,0,1,0,3,2,0,0,0,0,0,0,0,0,0,0,0,0,48,1,0,0,4,34,2,0,3,0,0,0,0,0,0,0,0,2,6964,0,0,0,0,0,18,6,0,0,0,5,2,0,0,0,0,0,0,0,2,0,15,118,2,0,1,3,0,3,0,6,0,0,17,0,5,0,0,156,0,0,0,2,0,17,0,17,1,0,2,0,0,3,35,0,28,9,2,0,0,0,10,0,0,1,0,350,11,1,1,0,1,0,0,0,0,9,0,0,0,0,0,0,0,5,1,0,0,0,0,0,0,0,0,1,0,0,0,0,0,0,13,5,0,0,0,2,0,0,1,4,1,53,0,2,0,0,0,0,0,1759,9,1,0,4,2,0,0,0,0,0,0,0,3,0,77,37,0,0,0,0,0,0,0,0,0,0,0,0,0,3,0,0,0,1,14,0,0,9,0,4,0,1,39,0,0,2,0,312,37,0,0,0,3,0,0,15556,0,2,0,0,0,0,0,0,1,2,0,1,5,0,3,0,0,0,0,0,2,0,0,0,1,53,0,18,0,0,1,26,0,18,0,1014,15,1,0,0,0,0,0,0,0,0,0,0,0,0,0
"35","B0442","NEC1-post disease",0,0,0,0,0,0,0,0,0,0,0,0,0,0,60,0,0,0,0,0,0,0,0,0,0,1,0,4,0,2,0,0,0,1,0,41,0,0,0,0,4,0,0,0,0,0,1,0,0,0,0,0,0,0,1,0,0,0,0,0,0,2,0,0,0,11,0,0,0,0,0,0,0,1,0,0,0,0,0,0,0,9,1,0,0,0,3,0,0,1,0,0,0,0,0,0,0,0,0,13017,0,0,0,0,0,4,2,0,0,1,0,0,0,0,0,0,0,0,0,1,0,0,9,1,1,0,1,0,0,0,0,0,0,1,0,1,0,0,18,0,0,0,0,0,6,0,3,0,0,9,0,0,0,6,0,6,0,0,0,0,0,0,0,0,0,0,28,21,0,1,0,0,0,0,0,0,1,0,0,0,0,0,0,0,0,0,0,0,0,0,0,0,0,0,0,0,0,0,0,0,0,0,0,0,0,0,1,0,0,0,0,0,5,0,0,0,0,0,4,0,1445,0,9,0,0,0,0,0,0,0,0,0,0,0,0,6,7,0,0,0,0,0,0,0,0,0,0,0,0,0,0,0,0,0,0,0,1,0,2,0,0,0,0,3,0,0,0,0,21,2,0,0,0,0,0,0,13009,0,0,0,0,0,0,0,0,0,0,0,0,2,0,0,0,0,4,0,0,0,0,0,0,0,4,0,2,0,0,0,3,0,2,0,172,3,0,0,0,0,0,0,0,0,0,0,1,5,0,0
"36","B0450","NEC1-post disease",0,0,41,0,0,0,0,0,0,0,0,0,0,0,25,0,0,0,2,0,0,0,0,0,0,0,0,1,0,1,0,0,0,0,0,1373,0,0,0,0,2075,0,0,0,0,0,0,0,0,0,0,0,0,0,0,0,2,0,0,0,0,0,0,0,0,2,0,0,0,0,0,0,1,0,0,1,0,0,0,2,0,2,0,0,0,0,0,0,0,0,23,0,0,0,0,0,0,0,0,1161,0,13,0,0,20,765,0,0,0,0,0,0,0,0,11,0,0,3,2,0,0,2000,0,0,0,439,1,0,0,0,0,0,0,1,0,0,0,0,4,49,0,0,0,0,6,0,4,0,0,11,0,0,0,0,0,0,0,0,0,0,0,0,0,0,0,0,9,672,0,0,0,0,0,0,0,0,2,0,0,0,26,0,0,0,0,0,0,0,0,0,0,0,0,11,0,0,0,0,31,0,0,1,0,0,0,0,0,0,0,0,0,0,6,0,0,6,1,0,10,0,1931,0,10,40,0,0,0,0,0,105,0,0,0,0,0,2,3,0,0,0,0,0,0,37,0,0,0,0,1,0,0,0,0,0,0,1,2,0,3,0,0,0,0,1,0,16,1,0,5,0,0,0,0,0,0,0,16966,0,0,0,0,0,0,0,0,0,0,0,0,0,0,0,0,0,1,0,0,0,0,0,0,0,6,0,2,1,14,0,0,0,1,0,0,1,0,1,0,23,0,0,1,0,0,0,0,2,0,1
"37","B0457","NEC1-post disease",0,0,0,0,0,0,0,0,0,0,0,0,0,0,2,0,0,0,0,0,0,0,0,0,0,0,0,0,0,0,0,0,0,0,0,60,0,0,0,0,41,0,0,0,0,0,1,0,0,0,0,0,0,0,0,0,0,0,0,0,0,0,0,0,0,3,0,0,0,0,0,0,23,0,0,0,0,0,0,0,0,0,0,0,0,0,0,0,27,0,3,0,0,0,0,0,0,15,0,3980,0,4,0,0,0,11,0,0,0,0,0,0,0,0,0,0,0,0,0,0,0,303,1,0,0,6,0,0,0,0,0,0,0,1,0,0,0,0,0,0,0,32,0,0,5,0,0,0,0,15,0,0,0,0,0,0,0,0,0,0,0,0,0,0,0,0,2,152,0,0,0,0,0,0,0,0,0,0,0,0,17,0,4837,0,0,0,0,0,0,8,0,0,0,2,0,0,0,0,6,0,0,0,0,0,0,0,0,0,93,0,0,0,0,0,0,0,0,0,17,0,1386,0,67,1,0,0,0,0,0,9,1853,0,0,0,0,0,0,0,0,0,0,0,0,1,0,0,0,34,0,0,0,0,0,0,0,0,1,0,0,0,0,0,0,0,0,0,2215,0,2,0,1,0,0,0,0,0,12699,0,0,0,0,0,0,0,0,0,0,0,0,0,0,0,0,0,4,0,21,0,0,0,28,0,0,0,0,0,2,1,1,0,0,0,0,0,0,0,0,1,0,0,0,0,0,0,0,0,0,0
"38","B0461","NEC1-post disease",0,0,0,0,0,0,0,0,0,0,0,0,0,0,1,0,0,0,0,0,4,0,0,0,0,0,0,0,0,0,0,0,0,0,0,5,0,0,0,0,3,0,0,5,0,0,0,0,0,0,0,0,0,0,0,0,0,0,0,6,0,0,0,0,0,0,0,0,0,0,0,0,32,0,0,0,0,0,0,0,0,0,0,0,0,0,0,0,20,1,1,0,0,0,0,0,0,42,0,490,0,0,0,0,3,6,0,0,0,0,0,0,0,0,0,0,0,0,0,0,0,90,0,0,0,0,0,0,0,0,0,0,0,25,0,0,0,0,0,0,0,79,0,0,2,0,0,0,0,2,0,0,0,0,0,0,0,0,0,0,0,0,0,0,0,0,0,224,0,0,0,0,0,0,0,0,0,0,0,0,1,0,1924,0,0,0,0,0,0,9,0,0,0,0,0,0,0,0,8,0,0,0,0,0,0,0,0,0,22,0,0,0,0,0,0,0,0,0,7,0,618,0,12,1,0,0,0,0,0,4,770,0,0,0,0,0,0,0,0,0,0,0,0,119,0,0,0,126,0,0,0,0,0,0,0,0,0,0,0,0,0,0,0,0,0,0,17530,0,0,0,12,0,0,0,0,0,5601,0,0,0,0,0,0,0,0,0,0,0,0,0,0,0,0,0,0,0,21,0,0,0,156,0,0,0,0,0,0,5,0,0,0,0,0,0,0,0,0,6,1,0,0,0,0,0,0,0,0,0
"65","B1401","LOS1-early post partum",1,0,3,0,3,20,0,0,0,0,0,20,0,7,3944,1,0,0,0,16,71,17,0,0,0,6,0,267,2,125,0,0,20,8,2,622,0,4,0,0,114,0,2,2,0,0,264,0,1,0,0,0,1,0,0,3,233,5,1,0,2,195,1,9,0,0,2,23,12,1,3,4,0,1,3,0,0,1,1,0,0,709,1,0,2,3,298,16,0,77,0,0,0,0,2,2,0,0,1,39,0,0,0,0,0,70,47,2,4,1,2,15,2,2,0,1,0,0,0,2,3,0,1034,48,22,14,27,7,0,0,5,1,1,153,6,102,1,0,1264,0,0,0,12,0,6,25,185,0,0,0,2,0,8,381,0,335,3,6,4,4,0,13,1,9,4,9,3160,1103,6,11,0,0,0,1,1,0,24,7,0,0,0,0,0,0,0,0,2,0,1,0,0,2,1,0,0,0,2,3,0,4,2,65,10,7,0,2,3,0,0,17,14,15,474,0,16,0,0,0,0,0,786,40,0,0,412,0,0,2,5,2,0,0,0,10,0,745,372,0,4,0,1,0,0,75,1,7,0,0,0,0,3,19,0,0,15,207,0,1,289,0,10,0,5,231,0,0,0,0,2951,334,0,3,0,46,7,0,3975,0,27,7,1,0,0,0,1,0,7,0,0,60,1,0,1,2,0,4,0,47,1,3,0,51,507,6,155,0,1,6,215,5,108,0,0,196,5,0,1,0,0,7,0,0,4,3,0,2,13,0
"66","B1403","LOS1-early post partum",2,0,3,0,3,12,0,2,1,0,1,28,0,5,6079,7,0,0,0,19,5,26,0,0,1,4,0,292,2,135,0,0,37,2,1,11,0,0,0,1,42,0,4,0,0,0,316,0,1,0,2,0,4,1,0,0,214,1,0,0,2,288,4,6,0,2,5,52,18,0,13,2,0,6,5,0,0,1,2,0,0,1038,8,0,1,10,415,18,0,68,0,6,0,0,8,3,3,0,0,16,0,0,0,0,0,3,44,0,0,0,0,17,2,1,0,10,0,0,0,0,7,2,1732,36,32,2,21,16,13,0,5,4,0,229,5,36,2,0,1811,0,1,0,12,0,2,24,238,2,0,0,1,0,11,361,0,254,2,7,6,9,3,11,0,10,3,9,3400,12,8,15,0,0,0,9,2,3,53,6,5,0,0,0,1,0,4,7,5,0,0,0,0,0,3,0,1,0,0,8,0,4,4,88,9,5,0,0,1,0,0,5,26,16,839,6,31,0,0,0,0,0,21,77,0,0,60,0,2,2,2,0,5,0,6,28,0,1043,356,0,9,0,0,1,0,1,0,3,0,0,0,1,3,23,0,0,6,229,1,0,438,1,2,0,1,170,0,0,8,0,3722,348,0,0,0,55,3,0,265,0,35,13,1,0,0,0,0,0,14,0,11,453,0,0,0,1,0,6,0,78,0,5,0,86,762,3,163,0,0,1,293,3,149,0,0,141,9,0,13,0,0,9,0,0,0,0,0,0,17,0
"67","B1404","LOS1-early pre-onset",2,0,1,0,2,22,1,1,2,0,0,24,0,7,5465,2,0,0,0,11,0,39,1,0,1,4,2,335,3,144,0,1,43,0,2,5,0,0,0,0,147,0,0,0,0,0,347,0,6,1,0,0,1,0,0,0,306,1,2,0,4,196,10,10,0,2,5,37,19,3,15,2,0,2,5,0,0,0,0,0,0,1086,6,2,1,7,400,14,0,83,0,2,0,0,6,6,0,0,1,22,0,0,1,1,0,0,54,1,8,0,2,28,0,0,0,7,0,0,0,3,5,0,1370,45,34,4,32,8,0,0,0,2,1,176,6,53,4,0,1688,0,1,0,9,1,4,32,254,1,0,0,3,0,10,437,0,338,0,10,7,7,4,11,4,4,10,5,4171,21,10,11,0,2,0,8,0,0,41,3,1,1,0,0,1,0,0,4,6,0,1,0,0,0,0,0,2,0,0,15,0,12,13,107,12,2,6,2,0,1,0,17,12,31,821,0,29,0,0,0,0,0,22,78,0,0,33,0,0,0,7,0,0,0,0,22,0,884,473,0,4,0,0,0,1,3,0,1,1,0,0,0,3,17,0,0,14,256,0,0,490,2,0,0,0,273,1,0,0,0,3876,409,0,0,0,58,6,0,148,2,24,14,0,0,1,0,1,0,7,1,1,303,1,0,2,0,0,2,0,22,0,5,0,62,679,2,183,0,0,3,266,6,167,0,0,185,22,0,8,0,0,5,0,2,4,0,0,4,3,0
"68","B1415","LOS1-late pre-onset",1,46,0,0,0,3,0,0,0,0,0,3,0,0,725,0,0,0,39,0,2,0,0,3,0,2,0,3,1,7,0,0,6,0,0,3050,0,0,0,0,19070,5,0,0,0,3,35,0,0,13,0,0,0,0,0,0,19,0,0,0,0,20,2,4,0,0,1,22,0,1,0,0,0,0,0,18,0,13,0,13,0,78,0,0,0,0,3,4,0,4,0,1,0,0,0,2,0,0,2,0,0,0,0,0,0,0,7,0,0,1,0,1,0,0,53,2,0,4,18,0,1,0,155,1,3,3388,6,4,0,0,0,0,0,17,0,2,0,0,148,5,0,0,0,0,0,7,1,2,0,0,0,4,5,4,0,0,0,3,4,3,0,0,0,0,0,0,11,2,1,0,0,0,2,0,0,0,4,0,0,0,0,0,0,0,0,1,0,0,0,0,0,0,0,0,0,0,0,0,0,6,2,21,5,1,0,0,0,0,0,0,2,2,10,1,4,54,8,26,0,0,0,14,0,0,0,0,0,0,1,0,0,0,0,1,0,8,43,0,0,0,0,0,0,2,0,0,0,0,0,0,0,0,2,0,3,23,10,0,29,1,0,0,0,39,0,0,0,0,5,26,0,7,0,6,3,120,1,0,1,2,0,1,0,0,0,18,0,0,0,26,0,32,0,1,0,0,0,2,0,2,0,10,77,1,19,3,1,0,18,1,19,9,0,24,2,48,0,0,0,0,64,0,0,0,0,0,0,33
"69","B1421","LOS1-late pre-onset",0,0,0,0,0,0,0,0,0,0,0,0,0,0,4,0,0,0,0,0,0,0,0,0,0,0,0,0,0,0,0,0,0,0,0,153,0,0,0,0,21,0,0,0,0,0,0,0,0,0,0,0,0,0,0,0,0,0,0,0,0,0,0,0,0,0,0,0,0,0,0,0,0,0,0,0,0,0,0,0,0,2,0,0,0,0,1,0,0,0,0,0,0,0,0,0,0,0,0,0,0,0,0,0,0,0,0,0,0,0,0,0,0,0,0,0,0,0,0,0,0,0,0,0,0,1,0,0,0,0,0,0,0,0,0,0,0,0,1,0,0,0,0,0,6,17,0,0,0,0,0,0,0,0,0,0,0,0,0,0,0,0,0,0,0,0,0,0,0,0,0,0,0,0,0,0,0,0,0,0,0,0,0,0,0,0,0,8,0,0,0,0,0,0,0,0,0,0,0,0,0,0,0,0,0,0,0,0,0,0,0,0,0,0,0,0,0,0,0,0,2661,0,0,0,2,0,0,0,0,0,0,0,0,0,0,0,0,0,0,0,0,0,0,0,0,0,0,0,0,0,0,0,0,0,0,0,0,0,0,0,0,0,0,0,0,0,1,0,2,0,0,0,0,0,0,0,25106,0,0,0,0,0,0,0,0,1,0,0,0,0,0,2,0,0,0,0,0,0,0,0,0,0,1,0,0,0,2,1,0,0,0,0,0,0,0,0,0,0,0,0,0,0,0,0,0,1,0,0
"70","B1422","LOS1-early disease",0,0,0,0,0,0,0,0,0,0,0,0,0,0,4,0,0,0,0,0,0,0,0,0,0,0,0,0,0,0,0,0,0,0,0,309,0,0,0,0,2,0,0,1,0,0,0,0,0,0,0,0,0,0,0,0,0,0,0,0,0,0,0,0,0,1,0,0,0,0,0,0,0,0,0,0,0,0,0,0,0,1,0,0,0,0,0,0,0,0,0,0,0,0,0,0,0,0,0,0,0,0,0,0,0,0,0,0,0,0,0,0,0,0,0,0,0,0,0,0,0,0,3,0,0,0,0,0,0,0,0,0,0,1,0,0,0,0,3,0,0,0,0,0,9,0,0,0,0,0,0,0,0,0,0,1,0,0,0,0,0,0,0,0,0,0,5,0,0,0,0,0,0,0,0,0,0,0,0,0,0,0,0,0,0,0,0,0,0,0,0,0,0,0,0,0,0,0,0,0,0,0,0,0,0,0,0,0,0,0,0,0,0,0,0,0,0,0,0,0,2730,0,0,0,2,0,0,0,0,0,0,0,0,0,0,1,0,0,0,0,0,0,0,1,0,0,0,0,0,0,0,0,0,0,0,0,0,0,1,0,0,0,0,0,0,0,0,0,3,0,0,0,0,0,0,0,24906,0,0,0,0,0,0,0,0,1,0,0,0,0,0,2,0,0,0,0,0,1,0,0,0,0,0,0,0,0,5,1,0,0,0,0,0,0,0,0,0,0,0,0,0,0,0,0,0,0,0,0
"71","B1424","LOS1-early disease",0,0,0,0,0,0,0,0,0,0,1,0,0,0,34,0,0,0,0,0,0,0,0,0,0,0,0,2,0,0,0,0,0,0,0,27449,0,0,0,0,100,0,0,0,27,0,2,0,0,0,0,0,0,0,0,0,0,0,0,0,0,0,0,0,0,0,0,0,0,0,1,0,0,0,0,0,0,0,0,0,0,5,0,0,0,0,2,1,0,0,0,0,0,0,0,0,0,0,0,0,0,0,0,0,0,0,0,0,0,25,0,0,0,0,1,0,0,0,0,0,0,0,5,0,0,16,0,0,0,0,0,0,0,1,0,1,0,0,4,0,0,0,0,0,0,0,0,0,0,0,0,9,0,7,0,1,0,0,0,0,0,0,0,0,0,0,19,0,0,0,0,0,0,0,0,0,0,0,0,0,0,0,0,0,1,0,0,0,0,0,0,0,0,0,0,0,0,0,0,0,0,0,0,0,0,0,0,0,0,0,0,0,10,0,0,1,0,0,0,0,0,0,0,0,0,0,0,0,0,0,0,0,0,0,0,6,1,0,0,0,0,0,0,0,1,0,0,0,0,0,1,0,0,0,0,0,18,0,2,0,0,0,0,3,0,0,0,0,19,2,0,0,0,1,0,0,6,0,1,1,0,0,0,0,0,40,0,0,1,2,0,155,0,0,0,0,0,0,0,0,0,0,3,0,1,0,2,0,1,0,0,0,0,1,0,1,0,0,0,0,0,0,0,0,0,0,0,0
"72","B1428","LOS1-early disease",0,0,0,0,0,1,0,0,0,0,0,0,0,0,16,0,0,0,0,0,0,0,0,0,0,0,0,2,0,0,0,0,0,0,0,59,0,0,0,0,832,0,0,0,0,0,0,0,0,0,0,0,0,0,0,0,1,0,0,0,0,2,0,1,0,1,0,0,0,0,0,0,0,0,0,0,0,0,0,0,0,3,0,0,0,0,2,0,0,1,0,0,0,0,0,0,0,0,0,0,0,0,0,0,0,0,0,0,0,0,0,0,0,0,0,0,0,0,0,2,0,0,6,0,0,11,0,0,1,0,0,0,0,0,0,0,0,0,5,9,0,0,0,0,10,0,0,0,0,0,0,0,0,1,0,0,0,0,0,0,0,0,0,0,0,0,8,0,0,5,0,0,0,0,0,0,0,0,0,0,0,0,0,0,0,0,0,0,0,0,0,0,0,0,0,0,0,0,0,0,0,0,0,0,0,0,1,0,0,0,0,0,2,0,0,0,0,0,0,0,2507,0,0,0,0,0,0,0,0,0,0,0,0,0,0,1,1,0,0,0,0,0,0,1,0,0,0,0,0,0,0,1,0,0,0,0,0,0,2,0,0,0,0,0,0,0,0,0,5,0,0,1,0,1,0,0,24482,0,1,0,0,0,0,0,0,0,0,0,0,0,0,0,0,0,0,0,0,0,0,0,0,0,2,0,2,0,0,4,0,0,0,0,0,0,0,1,0,0,0,0,0,0,0,0,0,0,0,0
"73","B1435","LOS1-middle disease",0,0,0,0,0,0,0,0,0,0,0,0,0,0,23,0,0,0,1,0,0,0,0,0,0,0,0,2,0,1,0,0,2,0,0,2584,0,0,0,0,828,1,0,0,0,0,0,0,1,0,0,0,0,0,0,0,2,0,0,0,0,4,0,0,0,1,0,0,0,0,0,0,0,0,0,0,0,0,0,0,0,2,0,0,0,0,2,0,0,0,0,0,0,0,0,0,0,0,0,225,0,2,0,0,54,234,1,0,0,0,1,0,0,0,8,0,0,1,1,0,0,0,2,0,0,106,1,0,0,0,0,0,0,2,0,0,0,0,9,1,0,0,0,0,2,0,0,0,0,5,0,0,0,3,0,1,0,0,0,0,0,0,0,0,0,0,21,10070,0,0,0,0,0,0,0,0,0,0,0,0,0,0,0,0,1,0,0,0,0,0,0,0,0,0,0,0,1,0,1,0,0,0,0,0,0,0,0,0,0,0,1,0,6,0,0,2,0,0,5,0,1120,1,3,0,0,0,0,0,0,0,0,0,0,0,0,6,2,1,0,0,0,0,0,1,0,0,0,0,0,0,0,0,0,0,0,1,2,0,0,0,0,0,70,2,0,2,0,0,21,3,0,2,0,0,0,0,12450,0,0,0,0,0,0,0,0,0,0,0,1,0,0,0,0,0,1,0,0,0,0,0,0,0,2,0,3,0,19,1,2,0,1,0,0,2,0,0,0,52,0,0,2,0,0,0,0,0,0,0
"74","B1442","LOS1-late disease",0,0,0,0,0,0,0,0,0,0,0,0,0,0,17,0,0,0,1,0,0,0,0,0,0,0,0,1,0,0,0,0,0,0,0,298,0,0,0,0,277,0,0,0,0,0,0,0,0,0,0,0,0,0,0,0,1,0,0,0,0,1,0,0,0,3,0,0,0,0,0,0,0,0,0,0,0,0,0,0,0,3,0,0,0,0,3,0,0,0,0,0,0,0,0,0,0,0,0,1,0,5,0,0,0,692,0,0,0,0,0,0,0,0,2,0,0,0,0,0,0,0,3,0,0,42,0,0,0,0,0,0,0,0,0,1,0,0,6,5,0,0,0,0,7,0,0,0,0,0,0,0,0,1,0,0,0,0,0,0,0,0,0,0,0,0,7,0,0,1,0,0,0,0,0,0,0,0,0,0,0,0,0,0,0,0,0,0,0,0,0,0,0,0,0,0,0,0,0,0,0,0,0,0,0,0,1,1,0,0,0,0,1,0,0,1,0,0,0,0,2467,0,0,0,0,0,0,0,0,0,0,0,0,0,0,2,0,0,0,0,0,0,0,0,0,0,0,0,0,0,0,0,0,0,0,0,2,0,0,0,0,0,0,0,0,7,0,0,9,0,0,0,0,0,0,0,24107,0,0,0,0,0,0,0,0,0,0,0,0,0,0,5,0,0,0,0,0,0,0,0,0,0,1,0,1,0,4,4,0,0,0,0,0,0,0,0,0,0,0,1,0,0,0,0,0,2,0,0
"75","B1445","LOS1-post disease",0,0,0,0,0,0,0,0,0,0,0,1,0,0,11,0,0,0,0,0,0,0,0,0,0,0,0,0,0,0,0,0,0,0,0,392,0,0,0,0,106,0,0,0,0,0,0,0,0,0,0,77,0,0,0,0,1,0,0,0,0,0,0,0,0,0,0,0,0,0,0,0,0,2596,0,0,0,0,0,0,0,4,0,1,0,0,0,0,0,0,0,0,0,0,0,0,0,0,0,4054,0,18,0,0,10,443,0,0,0,0,0,0,0,0,0,0,0,0,0,0,0,0,1,0,0,10,0,0,0,0,0,0,0,106,0,0,0,0,3,0,0,0,0,0,15,1,0,0,0,16,0,0,0,0,0,0,0,0,0,0,0,0,0,0,0,0,4,1632,0,0,24,0,0,0,0,0,0,0,0,0,0,0,0,0,0,0,0,0,0,0,0,0,0,0,0,0,0,0,36,0,0,1,0,0,0,0,0,0,0,0,0,0,4,0,0,0,0,1,16,0,1389,0,39,0,0,0,0,0,0,0,0,0,0,0,0,2,3,0,0,0,0,0,0,16,0,0,0,79,0,0,0,1,0,0,0,0,1,0,0,0,0,0,0,0,0,2,0,0,9,0,0,0,0,0,0,0,16814,0,0,0,0,0,0,0,0,0,0,0,0,1,0,0,0,0,0,0,0,0,0,0,0,0,3,0,0,0,8,1,0,0,0,0,0,1,0,0,0,40,0,0,0,0,0,0,0,1,0,0
"76","B1450","LOS1-post disease",0,0,0,0,0,0,0,0,0,0,0,0,3,0,6,0,0,0,0,0,0,1,0,0,0,0,0,0,0,0,0,0,0,0,0,203,0,21,0,0,7,0,0,888,0,0,1,0,0,0,0,17,0,0,0,0,0,0,0,0,0,0,0,0,0,1,0,0,0,0,0,0,0,965,0,0,0,0,0,0,0,1,0,0,0,0,1,0,8,0,0,0,0,0,0,0,0,63,0,281,0,2,0,0,158,111,0,0,0,0,0,0,0,0,0,0,0,0,1,0,0,0,0,0,0,1,0,0,0,0,0,0,0,2817,0,0,0,0,0,1,0,106,0,0,302,0,0,0,0,3,0,0,0,0,0,0,0,0,0,0,0,0,0,0,0,0,7,841,0,0,6,0,0,0,0,0,0,0,0,0,0,0,0,0,0,0,0,0,0,68,0,0,0,0,0,0,0,0,39,0,0,0,0,0,0,0,0,0,0,0,0,0,0,0,0,0,0,0,4,0,389,0,7,0,2185,0,0,0,0,0,0,0,0,0,0,0,1,0,0,0,0,0,0,329,0,0,0,93,0,0,0,0,0,0,0,0,0,0,0,0,0,0,0,1,0,1,13927,0,7,0,26,1,0,0,0,0,3883,0,0,0,0,0,0,0,0,0,0,0,0,0,0,0,0,0,0,0,0,0,0,0,0,0,3,0,0,0,18,4,0,0,0,0,0,0,0,0,0,185,0,0,0,0,0,0,0,0,0,0
"77","B1456","LOS1-post disease",0,0,0,0,0,0,1,0,0,0,0,0,1,0,8,0,0,0,0,0,0,0,0,0,0,0,0,0,0,0,0,0,0,0,0,9,0,36,0,0,27,0,0,1125,0,0,0,0,0,0,0,3,0,0,0,0,0,0,0,0,0,1,0,0,0,1,0,0,0,0,0,0,0,733,0,0,0,0,0,0,0,2,0,0,0,0,1,0,2,0,0,0,0,0,0,0,0,63,0,247,0,0,0,0,19,51,0,0,0,0,0,0,0,0,0,0,0,0,0,0,0,0,1,0,0,2,0,0,0,0,0,0,0,118,0,0,0,0,2,2,0,22,0,0,271,1,0,0,0,3,0,0,0,0,0,1,0,0,3,0,0,0,0,0,0,0,6,438,0,0,2,0,0,0,0,0,0,0,0,0,0,0,0,0,0,0,0,1,0,62,0,0,0,0,0,0,0,0,8,0,0,0,0,0,0,0,0,0,0,0,0,0,4,0,0,0,0,0,1,0,358,0,4,0,4773,0,0,0,0,0,0,0,0,0,0,2,1,0,0,0,0,0,0,728,0,0,0,56,0,0,0,0,0,0,0,0,0,0,0,0,0,0,0,2,0,0,14400,0,4,2,19,1,0,0,0,0,4331,0,0,0,0,0,0,0,0,0,0,0,0,0,0,0,0,0,0,0,0,0,0,0,0,0,0,0,0,0,0,4,1,0,1,0,0,0,0,0,0,29,0,0,0,0,0,0,0,0,0,0
"78","B1463","LOS1-post disease",0,0,0,0,0,0,0,0,0,0,0,0,0,0,2,0,0,0,0,0,0,0,0,0,0,0,0,1,0,0,0,0,0,0,0,67,0,3,0,0,65,0,0,141,0,0,0,0,0,0,0,0,0,0,0,0,0,0,0,0,0,0,0,0,0,0,0,0,0,0,0,0,0,7,0,0,0,0,0,0,0,0,0,0,0,0,0,0,0,11,0,0,0,0,0,0,0,0,0,10,0,0,0,0,3,9,0,0,0,0,0,0,0,0,0,0,0,0,0,0,0,0,0,0,0,17,0,0,0,0,0,0,0,18979,0,0,0,0,0,1,0,7,0,0,29,0,0,0,0,1,0,0,0,0,0,0,0,0,146,0,0,0,0,0,0,0,1,6,0,0,0,0,0,0,0,0,0,0,0,0,0,0,0,0,0,0,0,0,0,1,0,0,0,0,0,0,0,0,0,0,0,0,0,0,0,0,0,0,0,0,0,0,0,0,0,0,0,0,0,0,160,0,0,0,509,0,0,0,0,0,0,0,0,0,0,0,0,0,0,0,0,0,0,6148,0,0,0,2,0,0,0,0,0,0,0,0,0,0,0,0,0,0,0,0,0,1,174,0,3,0,0,0,0,0,0,0,1487,0,0,0,0,0,0,0,0,0,0,0,0,0,0,0,0,0,0,0,0,0,0,0,0,0,0,0,0,0,0,0,0,0,0,0,0,0,0,0,0,3,0,0,0,0,0,0,0,0,0,0
"90","B1801","LOS2-early post partum",0,0,3,0,4,73,0,1,1,1,0,34,0,9,4615,2,1,0,0,15,0,31,6,0,0,6,0,371,7,137,0,0,15,0,0,16,0,0,0,1,72,0,1,0,0,5,316,0,8,37,0,0,0,0,0,2,317,0,2,0,1,222,13,2,0,0,8,28,8,2,4,0,0,7,2,0,0,32,2,0,0,936,7,0,3,8,304,19,0,74,0,2,0,0,2,5,0,0,0,1,0,0,1,1,0,1,41,1,2,0,0,14,1,1,0,0,0,0,0,0,9,4,965,46,34,7,25,3,0,0,4,0,2,2745,4,2,10,1,1372,0,2,0,15,0,8,33,191,0,0,0,0,0,18,407,0,371,7,15,15,6,0,6,1,9,3,3,3644,13,9,3,0,2,0,5,1,1,40,0,4,0,0,1,0,0,0,5,6,0,0,0,0,0,0,0,4,0,0,5,0,21,8,78,24,9,0,1,0,4,0,14,29,43,706,0,46,0,0,0,0,0,73,32,0,0,235,0,0,2,1,0,0,0,0,17,1,712,453,3,4,0,7,1,0,668,3,0,0,0,0,0,0,0,0,0,23,260,0,2,358,0,1,0,2,323,0,0,44,0,3414,428,0,17,4,43,5,0,461,0,19,11,1,0,0,0,1,0,10,2,0,28,0,0,0,0,0,4,0,24,2,1,0,43,569,7,179,0,0,2,236,1,131,0,0,164,2,0,8,0,0,15,0,0,0,0,0,0,4,0
"91","B1804","LOS2-early pre-onset",0,0,7,0,1,71,0,0,5,0,2,48,0,12,5726,3,0,0,0,15,3,29,5,0,0,0,4,309,3,168,0,3,23,0,0,2,1,1,0,0,56,0,4,3,0,5,351,0,0,26,0,0,0,0,0,0,350,0,0,0,2,244,5,5,0,1,1,36,14,2,10,1,0,5,6,0,0,34,1,0,0,389,8,0,2,11,373,18,0,33,0,2,0,0,4,5,1,0,0,10,0,0,2,3,1,0,46,1,0,0,4,18,0,5,1,3,1,0,0,0,10,20,1269,66,28,7,37,21,2,0,9,1,0,308,4,34,4,1,1751,0,13,0,11,0,6,24,203,0,0,0,0,0,7,411,0,305,7,8,8,9,6,11,1,3,1,9,3872,151,15,1,0,2,6,3,1,0,42,1,0,1,0,0,0,0,14,1,13,0,0,0,4,0,1,0,0,0,1,1,0,23,5,129,22,1,0,2,1,2,0,18,26,25,727,3,23,0,0,0,0,9,75,43,0,0,401,0,0,4,1,3,0,0,2,11,0,860,507,3,11,1,11,2,0,22,1,0,9,0,0,10,0,7,0,0,44,278,0,1,136,2,1,0,17,317,0,0,65,2,3790,460,4,14,5,53,4,0,500,0,25,21,1,0,0,0,1,0,9,2,19,267,1,0,0,2,0,5,0,2,1,6,0,68,680,2,160,0,0,2,329,1,188,0,0,171,10,0,19,0,0,9,0,0,2,0,4,1,4,0
"92","B1807","LOS2-late pre-onset",0,0,0,0,0,0,0,0,0,0,0,0,0,0,4,0,0,0,0,0,0,0,0,0,0,0,0,0,0,0,0,0,0,0,0,0,0,0,0,0,1,0,0,3,0,0,0,0,0,0,0,0,0,0,0,0,0,0,0,0,0,0,0,0,0,0,0,0,0,0,0,0,0,0,0,0,0,0,0,0,0,0,0,0,0,0,0,0,0,0,0,0,0,0,0,0,0,0,0,6,0,0,0,0,0,0,0,0,0,0,0,0,0,0,0,0,0,0,0,0,0,0,0,0,0,0,0,0,0,0,0,0,0,0,0,0,0,0,1,0,0,0,0,0,5,0,0,0,0,0,0,0,0,0,0,0,0,0,0,0,0,0,0,0,0,0,1,237,0,0,0,0,0,0,0,0,0,0,0,0,0,0,0,0,0,0,0,0,0,0,0,0,0,0,0,0,0,0,0,0,0,0,0,0,0,0,0,0,0,0,0,0,0,0,0,0,0,0,0,0,2616,0,0,0,0,0,0,0,0,0,0,0,0,0,0,1,0,0,0,0,0,0,0,0,0,0,0,0,0,0,0,0,0,0,0,0,0,0,0,0,0,0,0,0,0,0,0,0,1,0,0,0,0,1,0,0,25115,0,0,0,0,0,0,0,0,0,0,0,0,0,0,0,0,0,0,0,0,0,0,0,0,0,0,0,0,0,0,0,0,0,1,0,0,1,0,0,0,0,0,0,0,0,0,0,0,0,0,0
"93","B1810","LOS2-early disease",0,0,0,0,0,0,0,0,0,0,0,0,0,0,14,0,0,0,0,0,40,0,0,0,0,0,0,2,0,0,0,0,0,0,0,0,0,0,0,0,0,0,0,9,0,0,0,0,0,0,0,0,0,0,0,0,1,0,0,0,0,0,0,0,0,0,0,0,0,0,0,0,0,0,0,0,0,0,0,0,0,2,0,0,0,1,1,0,0,0,0,0,0,0,0,0,0,0,0,16,0,0,0,0,0,0,0,0,0,0,0,0,0,0,0,0,0,0,0,0,0,0,2,0,0,0,0,0,0,0,0,0,0,1,0,0,0,0,1,0,0,0,0,0,12,0,0,0,0,0,0,0,0,0,0,0,0,0,0,0,0,0,0,0,0,0,10,1,0,0,0,0,0,0,0,0,1,0,0,0,0,0,0,0,0,0,0,0,0,0,0,0,0,0,0,0,0,0,0,0,0,1,0,0,0,0,0,0,0,0,0,0,4,0,0,0,0,0,0,0,2617,1,0,0,91,0,0,0,0,0,0,0,0,0,0,2,0,0,0,0,0,0,0,0,0,0,0,0,0,0,0,0,0,0,0,0,0,0,1,0,0,0,0,0,0,0,0,0,2,0,0,0,0,0,0,0,25148,0,0,0,0,0,0,0,0,0,0,0,0,1,3,0,0,0,0,0,0,0,0,0,0,0,3,0,0,0,0,5,0,0,0,0,0,0,0,0,0,0,0,0,0,0,0,0,0,1,0,0
"94","B1811","LOS2-early disease",0,0,0,0,0,0,0,0,0,0,0,0,0,0,1,0,0,0,0,0,11,0,0,0,0,0,0,0,0,0,0,0,0,0,0,18,0,0,0,0,0,0,0,1,0,0,0,0,0,0,0,0,0,0,0,0,0,0,0,0,0,0,0,0,0,1,0,0,0,0,0,0,0,0,0,0,0,0,0,0,0,0,0,0,0,0,0,0,0,0,0,0,0,0,0,0,0,0,0,94,0,0,0,0,0,1,0,0,0,0,0,0,0,0,0,0,0,0,0,0,0,86,2,0,0,0,0,0,0,0,0,0,0,1,0,0,0,0,2,0,0,0,1,0,8,0,0,0,0,0,0,0,0,0,0,0,0,0,0,0,0,0,0,0,0,0,2,55,0,0,0,0,0,0,0,0,0,0,0,0,8,0,0,0,0,0,0,0,0,0,0,0,0,1,0,0,0,0,0,0,0,0,0,0,0,0,0,0,0,0,0,0,1,0,0,0,0,0,0,0,2749,0,1,2,1,0,0,0,0,4,0,0,0,0,0,1,0,0,0,0,0,0,0,0,0,0,0,0,0,0,0,0,0,0,0,0,0,0,0,0,0,0,0,0,0,0,0,0,1,0,0,0,0,0,0,0,24936,0,0,0,0,0,0,0,0,0,0,0,0,0,0,0,0,0,0,0,0,0,0,0,0,0,0,0,0,0,0,1,0,0,0,0,0,1,0,0,0,0,0,0,0,0,0,0,0,3,0,0
"95","B1813","LOS2-early disease",0,0,0,0,0,1,0,2,0,0,0,2,0,0,318,0,0,0,0,0,0,2,0,0,0,0,0,19,0,6,0,0,1,0,0,222,0,1,0,0,0,0,0,7,0,0,15,0,0,7,0,0,0,6,0,0,10,0,0,0,0,21,0,0,0,2,0,4,1,0,0,0,2,0,1,0,0,10,0,0,0,66,0,0,0,2,21,0,0,3,1,0,0,0,0,0,0,1,0,2,0,0,0,0,0,0,2,0,0,0,0,0,0,0,0,0,0,0,0,4,1,29,103,2,3,0,8,0,16,0,1,0,0,19,0,2,0,0,102,0,1,0,0,0,6,6,21,0,0,0,0,0,1,27,0,24,1,0,0,0,0,1,0,0,0,0,235,3,1,4,0,0,0,0,0,0,2,0,0,0,0,0,0,0,1,0,1,0,3,0,0,0,0,0,0,0,0,0,0,5,0,13,0,0,0,0,0,1,0,0,0,1,42,0,1,0,0,0,0,0,2679,4,1,1,179,0,0,0,0,2,0,0,0,5,0,51,27,0,1,0,5,0,0,2,0,0,0,0,1,0,1,3,0,0,0,15,0,0,31,0,4,0,0,14,0,0,29,0,248,20,0,7,1,3,0,0,23100,1,0,0,0,0,0,0,0,1,0,0,1,3,0,0,1,0,0,0,0,2,0,0,0,2,47,0,6,0,0,5,18,0,4,0,0,11,1,0,1,0,0,1,0,0,0,0,4,2,0,0
"96","B1817","LOS2-middle disease",0,0,0,0,0,2,0,0,0,0,0,1,0,0,60,0,0,0,0,0,1684,0,0,0,0,0,0,4,0,1,0,0,2,0,0,9469,0,0,0,0,3047,0,0,11,2,1,3,17,0,1,0,0,0,0,0,0,6,0,0,0,0,1,0,0,0,2,0,1,0,0,0,0,0,0,0,0,0,0,0,0,0,6,0,0,0,0,6,0,0,0,0,0,0,0,0,0,0,0,0,0,3,0,0,0,0,0,1,0,0,2,0,0,0,0,4,0,0,0,0,0,0,0,13,0,0,2,1,0,0,0,0,1,0,7,0,0,0,0,18,9,0,0,0,0,2,0,3,0,0,0,0,4,0,3,0,3,0,0,0,0,0,0,0,0,0,0,35,0,1,0,0,0,0,0,0,0,0,0,0,0,0,0,0,0,0,0,0,0,0,0,0,0,0,0,0,0,0,0,0,0,0,1,0,0,0,0,0,0,0,0,0,0,14,0,0,0,0,0,0,0,1281,1,0,0,17,0,0,0,0,0,0,0,0,1,0,11,6,0,0,0,1,0,0,0,0,0,0,0,0,0,0,0,0,0,0,3,10,0,0,0,0,0,0,4,0,0,1,0,41,1,0,0,0,0,0,0,11829,0,1,0,0,0,0,0,0,9,0,0,0,0,0,41,0,0,0,0,0,0,0,0,0,0,7,0,6,0,33,0,4,0,2,0,0,2,0,1,0,0,0,0,0,0,0,0,0,227,0,0
"97","B1821","LOS2-middle disease",0,0,0,0,0,0,0,0,0,0,0,0,0,1,71,1,0,0,0,0,1075,0,0,0,0,0,0,3,0,1,0,0,0,0,0,285,0,0,0,0,5,0,0,3,0,1,4,25,0,0,0,0,0,0,0,0,3,0,0,0,0,2,1,1,0,1,0,1,0,0,0,0,0,0,0,0,0,0,0,0,0,11,0,0,0,0,3,0,0,1,0,0,0,0,0,0,0,0,0,0,2,0,0,0,0,0,1,0,0,0,0,0,0,0,0,0,0,0,0,0,0,0,10,0,0,0,0,0,0,0,0,0,0,4,0,0,0,0,12,1,0,0,1,0,6,0,5,0,0,0,0,0,1,6,0,4,0,0,0,0,0,1,0,0,0,0,45,1,0,0,0,0,0,0,0,0,0,1,0,0,0,0,0,0,0,0,0,0,0,0,0,0,0,0,0,0,0,0,0,0,0,2,1,0,0,0,0,0,0,0,1,1,1,0,0,0,0,0,0,0,2344,1,0,0,15,0,1,0,0,0,0,0,0,1,0,9,5,0,0,0,0,0,0,0,0,0,0,0,0,0,0,0,0,0,0,1,1,0,3,0,0,0,0,1,0,0,1,0,36,5,0,0,0,1,0,0,23725,0,0,0,0,0,0,0,1,1,0,0,0,1,0,2,0,0,0,0,0,0,0,0,0,0,9,0,1,0,3,1,3,0,2,0,0,2,0,0,0,0,0,0,0,0,1,0,0,210,1,0
"98","B1828","LOS2-middle disease",0,0,0,0,0,0,0,0,0,0,0,0,0,0,75,0,0,0,0,0,6,0,0,0,0,0,0,8,0,3,0,0,0,0,0,304,0,0,0,0,3,0,0,1,0,0,4,0,0,1,0,0,0,0,0,0,5,0,1,0,0,4,0,0,0,7,0,0,1,0,0,0,0,0,0,0,0,1,0,0,0,13,0,0,0,0,5,0,0,0,0,0,0,0,1,0,0,0,0,0,0,0,1,0,0,5,1,0,0,0,1,0,0,0,0,0,0,0,0,0,0,0,27,0,0,1,0,1,0,0,0,0,0,1,0,0,0,0,20,0,0,0,0,0,13,160,4,0,0,0,1,0,0,4,0,6,0,0,0,0,0,0,0,0,0,0,57,200,0,0,0,0,0,0,0,0,0,0,0,0,0,0,0,0,0,8,0,45,0,0,0,0,0,0,0,0,0,0,0,0,0,3,0,0,0,0,0,0,0,0,0,0,6,0,2,0,0,0,0,0,2804,0,0,0,16,0,0,0,0,0,0,0,0,0,0,20,1,1,1,0,0,0,0,0,0,0,0,0,0,0,0,0,0,0,0,3,1,0,3,0,0,0,0,7,0,0,4,0,43,6,0,1,1,2,0,0,24038,0,0,0,0,0,0,0,0,0,0,0,0,3,0,0,0,0,0,0,0,0,0,0,0,0,12,0,3,0,1,4,2,0,1,0,0,0,0,0,0,3,0,0,0,0,0,0,0,3,0,0
"99","B1834","LOS2-late disease",0,0,0,0,0,0,0,0,0,0,0,1,0,0,26,0,0,0,0,0,16,0,0,0,0,0,0,1,0,0,0,0,1,0,0,319,0,0,0,0,818,0,0,0,0,0,0,0,0,0,0,0,0,0,0,0,0,0,0,0,0,0,0,0,0,0,0,0,0,0,0,0,0,0,0,0,0,2,0,0,0,4,0,1,0,0,3,0,0,1,0,0,0,0,0,0,0,0,0,5502,0,21,0,0,2,434,1,0,0,0,0,0,0,0,7,0,0,0,0,0,0,0,5,1,0,75,1,0,0,0,0,0,0,0,0,1,0,0,7,2,0,0,0,0,8,1,0,0,0,16,0,0,0,4,0,2,0,0,0,0,0,0,0,0,0,0,20,1134,0,0,0,0,0,0,0,0,0,0,0,0,0,0,0,0,0,0,0,0,0,0,0,0,0,0,0,0,0,0,13,0,0,3,0,0,0,0,0,0,0,0,0,0,4,0,0,3,0,1,15,0,1935,760,8,0,0,0,0,0,0,0,0,0,0,0,0,2,1,0,0,0,0,0,0,0,0,1,0,0,0,0,0,0,0,0,0,0,0,0,4,0,0,0,0,2,0,0,1,0,14,5,0,1,0,1,1,0,16659,0,0,0,0,0,0,0,0,0,0,0,0,0,1,0,0,0,2,0,0,0,0,0,0,2,4,0,1,0,0,87,0,0,0,1,0,0,0,1,0,17,0,0,0,0,0,0,1,4,0,2
"100","B1841","LOS2-late disease",0,0,0,0,0,0,0,0,0,0,0,0,0,0,33,0,0,0,0,1,30,0,0,0,0,0,0,2,0,0,0,0,0,0,0,51,0,0,0,0,1243,0,0,0,0,0,2,0,0,0,0,0,0,0,0,0,1,0,0,0,0,1,0,0,0,3,0,0,0,0,0,0,0,0,0,1,0,0,0,0,0,1,0,184,0,0,0,0,0,0,0,0,0,0,0,0,0,0,0,17908,0,1,0,0,0,3,0,0,0,0,0,0,0,0,16,0,0,2,0,0,0,0,4,0,0,212,0,0,0,0,0,0,0,1,0,0,0,0,4,2,0,0,0,0,3,13,0,0,0,6,0,0,0,2,0,0,0,0,0,0,0,0,0,0,0,0,18,3178,0,2,0,0,0,0,0,0,0,0,0,0,0,0,0,0,0,0,0,1,0,0,0,0,0,0,0,0,0,0,6,0,0,1,0,0,0,0,1,0,0,0,0,0,7,0,0,0,1,0,7,0,404,43,3,0,0,0,0,0,0,0,0,0,0,0,0,4,1,0,0,0,0,0,0,0,0,0,0,0,0,0,1,0,0,0,0,1,0,0,4,0,0,0,0,1,0,0,0,0,10,3,0,0,0,0,0,0,3614,0,0,0,0,0,0,0,0,0,0,0,0,0,43,0,0,0,7,0,0,0,0,0,0,0,4,0,1,0,0,885,0,0,0,0,0,1,1,2,0,4,0,0,0,0,0,0,0,5,0,0
"101","B1849","LOS2-post disease",0,0,0,0,0,0,0,0,0,0,0,0,0,0,3,0,0,0,0,0,5,0,0,0,0,0,0,1,0,0,0,0,0,0,0,6,0,0,0,0,0,0,0,0,0,0,0,0,0,0,0,0,0,0,0,0,0,0,0,0,0,0,0,0,0,1,0,0,0,0,0,0,0,0,0,0,0,0,0,0,0,0,0,0,0,0,1,0,0,0,0,0,0,0,0,0,0,0,0,11086,0,1,0,0,0,8,0,0,0,0,0,0,0,0,0,0,0,0,0,0,0,0,1,0,0,0,0,0,0,0,0,0,0,0,0,0,0,0,2,0,0,0,0,0,4,0,0,0,0,13,0,0,0,0,0,0,0,0,0,0,0,0,0,0,0,0,5,4827,0,0,0,0,0,0,0,0,0,0,0,0,0,0,0,0,0,0,0,0,0,0,0,0,0,0,0,0,0,0,1,0,0,0,0,0,0,0,0,0,0,0,0,0,0,0,0,0,0,0,18,0,953,19,12,0,0,0,0,0,0,0,0,0,0,0,0,1,0,0,0,0,0,0,0,0,0,0,0,0,0,0,0,0,0,0,0,0,0,0,0,0,0,0,0,1,0,0,0,0,1,0,0,0,0,0,0,0,8781,0,0,0,0,0,0,0,0,0,0,0,0,0,96,0,0,0,4,1,0,0,0,0,0,0,1,0,0,0,0,2139,0,0,0,0,0,0,0,0,0,1,0,0,0,0,0,0,0,1,0,0
"102","B1853","LOS2-post disease",0,0,0,0,0,0,0,0,0,0,0,0,2,0,1,0,0,0,0,0,11,0,0,0,0,0,0,0,0,0,1,0,0,0,0,15,0,78,0,0,0,0,0,1681,0,0,0,0,0,0,0,0,0,0,0,0,0,0,0,0,0,0,0,0,0,0,0,0,0,0,0,0,0,0,0,0,0,0,0,0,0,0,0,0,0,0,0,0,0,0,0,0,0,0,0,0,0,88,0,7,0,0,0,0,1,5,0,0,0,0,0,0,0,0,0,0,0,0,0,0,0,0,1,0,0,0,0,0,0,0,0,0,0,0,0,0,0,0,0,0,0,5,0,0,417,3,0,0,0,0,0,0,0,1,0,0,0,0,0,0,0,0,0,0,0,0,1,128,0,0,0,0,0,0,0,0,0,0,0,0,0,0,0,0,0,0,0,1,0,76,0,0,0,0,0,0,0,0,0,0,0,0,0,0,0,0,0,0,0,0,0,0,0,0,0,0,0,0,1,0,849,0,0,0,4887,0,0,0,0,0,0,0,0,0,0,0,0,0,0,0,0,0,0,9,0,0,0,81,0,0,0,0,0,0,0,0,0,0,0,0,0,0,0,0,0,0,11855,0,1,0,5,0,0,0,0,0,7770,0,0,0,0,0,0,0,0,0,0,0,0,0,0,1,0,0,0,0,0,0,0,0,0,0,0,0,0,0,0,10,0,0,0,0,0,0,0,0,0,0,0,0,0,0,0,0,0,2,0,0
"103","B1859","LOS2-post disease",0,0,0,0,0,1,0,0,0,0,0,0,1,0,0,0,0,0,0,0,200,0,0,0,0,0,0,0,0,0,2,0,0,0,0,60,0,20,0,0,0,0,0,147,0,0,0,0,0,0,0,0,0,0,0,0,0,0,0,3,0,0,0,0,0,0,0,0,0,0,0,0,0,0,0,0,0,0,0,0,0,0,0,0,0,0,0,0,4,0,0,0,0,0,0,0,0,101,0,68,0,0,0,0,0,6,0,0,0,0,0,0,0,0,0,0,0,0,0,0,0,0,1,0,0,0,0,0,0,0,0,0,0,0,0,0,0,0,0,0,0,6,0,0,33,0,0,0,0,0,0,0,0,1,0,0,0,0,0,0,0,0,0,0,0,0,0,12,0,0,0,0,0,0,0,0,0,0,0,0,0,0,0,0,0,0,0,0,0,103,0,0,0,0,0,0,0,0,0,0,0,0,0,0,0,0,0,0,0,0,0,0,0,0,0,0,0,0,0,0,73,0,1,0,4798,0,0,0,0,0,0,0,0,0,0,0,0,0,0,0,0,0,0,0,0,0,0,13,0,0,0,0,0,0,0,0,0,0,1,0,0,0,0,0,0,0,21902,0,0,0,15,0,0,0,0,0,414,0,0,0,0,0,0,0,0,0,0,0,0,0,0,0,0,0,0,0,0,0,0,0,0,0,0,0,0,0,2,3,0,0,0,0,0,0,0,0,0,0,0,0,0,0,0,0,0,3,0,0
"104","B1866","LOS2-post disease",0,0,0,0,0,1,0,0,0,0,0,0,3,0,6,0,0,0,0,0,0,1,0,0,0,0,0,0,0,0,0,0,0,0,0,120,0,244,0,0,0,0,0,1269,0,0,0,0,0,0,0,0,0,0,0,0,1,0,0,173,0,1,0,0,0,0,0,0,0,0,0,0,0,0,0,0,0,0,0,0,0,1,0,0,0,0,1,0,12,0,0,0,0,0,0,0,0,54,0,1744,0,4,0,0,4,28,0,0,0,0,0,0,0,0,0,0,0,0,0,0,0,0,3,0,0,0,0,0,0,0,0,0,0,152,0,0,0,0,2,0,0,16,0,0,273,0,0,0,0,0,0,0,0,2,0,0,0,0,0,0,0,0,0,0,0,0,8,273,0,1,0,0,1,0,0,0,0,0,0,0,0,0,8,0,0,0,0,0,0,83,0,0,0,0,1,0,0,0,18,0,0,0,0,0,0,0,0,0,20,0,0,0,1,0,0,0,0,0,3,0,556,0,16,0,13135,0,0,0,0,0,1837,0,0,0,0,2,0,0,0,0,0,0,0,18,0,0,0,14,0,0,0,0,0,0,0,0,0,0,1,0,0,0,0,0,0,0,5164,0,5,0,1,0,0,1,0,0,2547,0,0,0,0,0,0,0,0,0,0,0,0,0,1,0,0,0,1,0,0,0,0,0,18,0,1,0,0,0,3,58,0,0,0,0,0,0,0,0,0,17,66,0,0,0,0,0,0,0,0,0
"105","B1869","LOS2-post disease",0,0,0,0,0,0,0,0,0,0,0,0,7,0,8,0,0,0,0,0,0,0,0,0,0,0,0,0,0,0,0,0,0,0,0,174,0,221,0,0,2,0,0,1362,1,0,0,0,0,0,0,0,0,0,0,0,1,0,0,98,0,0,0,0,0,0,0,0,0,0,0,0,0,0,0,0,0,0,0,0,0,0,0,0,0,0,0,0,11,0,0,0,0,0,0,0,0,25,0,808,0,3,0,0,23,48,0,0,0,0,0,0,0,1,0,0,0,0,0,0,0,0,1,0,0,0,0,0,0,0,0,0,0,775,0,1,0,0,4,0,0,18,0,0,266,0,0,0,0,3,0,0,0,1,0,0,0,0,0,0,0,0,0,0,0,0,5,532,0,0,0,0,0,0,0,0,0,0,0,0,0,0,12,0,0,0,0,0,0,62,0,0,0,0,0,0,0,0,32,0,0,0,0,0,0,0,0,0,13,0,0,0,3,0,0,0,0,0,3,0,429,0,10,0,13683,0,0,0,0,0,4689,0,0,0,0,5,0,0,0,0,0,0,0,78,0,0,0,7,0,0,0,0,0,0,0,0,5,0,0,0,0,0,0,0,0,0,2412,0,5,0,1,0,0,0,0,0,2054,0,0,0,0,0,0,0,0,0,0,0,0,1,0,0,0,0,0,0,1,0,0,0,22,0,1,0,1,0,3,9,2,0,1,0,0,0,0,0,0,43,8,0,0,0,0,0,0,0,0,0
"115","B2401","LOS3-early post partum",1,0,2,0,1,55,0,1,3,0,0,22,0,3,4799,2,0,0,0,3,1,29,2,0,0,4,5,324,2,126,0,2,11,0,0,38,1,5,0,2,15,0,1,53,0,7,303,0,3,77,0,0,1,1,0,5,209,0,1,19,1,201,2,5,0,18,5,36,12,3,8,2,0,0,2,0,1,77,1,0,0,917,2,0,0,8,347,13,0,35,0,1,1,0,10,3,1,1,0,101,0,0,0,1,1,8,55,0,1,0,0,13,2,0,0,4,0,0,0,0,9,0,1319,39,36,1,23,10,2,0,0,3,2,370,7,6,2,0,1556,0,1,8,5,0,12,42,187,0,0,0,2,0,11,268,0,244,1,7,2,8,3,2,1,11,6,6,3219,114,8,6,0,0,0,6,0,2,45,0,1,0,0,1,1,0,0,2,5,4,0,0,0,0,2,0,0,0,1,7,1,10,6,71,24,1,0,1,0,4,0,16,16,19,763,0,34,0,0,0,0,1,141,38,0,0,2125,0,0,2,3,0,520,0,0,15,0,779,347,6,16,0,2,0,1,14,0,5,0,0,0,0,0,1,0,0,26,183,3,0,381,1,2,0,0,265,0,0,491,1,3277,360,0,55,2,58,5,0,705,0,14,15,0,1,0,0,0,0,5,5,0,64,0,0,0,1,0,2,0,17,2,3,0,42,639,4,130,0,0,10,223,1,122,0,0,134,43,0,11,1,3,4,0,0,1,0,0,19,7,0
"116","B2403","LOS3-early post partum",0,0,0,0,0,2,0,0,0,0,0,1,0,0,54,0,0,0,0,1,0,0,1,0,0,0,0,5,0,4,0,0,0,0,0,2,0,0,0,0,0,0,0,0,0,0,0,0,0,0,0,0,0,0,0,0,0,0,0,0,1,4,0,0,0,0,0,0,0,0,1,0,0,0,0,0,0,0,0,0,0,5,0,0,0,0,2,0,0,2,0,0,0,0,0,0,0,0,0,4241,0,0,0,0,0,0,2,0,0,0,0,0,0,0,0,0,0,0,0,0,0,0,8,0,1,0,0,0,0,0,0,0,0,0,0,1,0,0,9,0,0,0,0,0,0,0,3,0,0,0,0,0,2,4,0,1,1,0,0,0,0,0,0,1,1,0,26,23358,0,0,0,0,0,0,0,0,1,0,0,0,0,0,0,0,0,0,0,0,1,0,0,0,0,0,0,0,0,0,0,0,0,1,0,0,0,0,0,0,1,1,1,0,8,0,0,0,0,0,0,1,15,1,0,0,1,0,0,0,0,0,0,0,0,0,0,6,4,0,0,0,0,0,0,0,0,0,0,0,0,0,0,0,0,0,0,3,0,0,1,0,0,0,0,4,0,0,0,0,26,5,0,1,0,0,0,0,155,0,0,0,0,0,0,0,0,0,0,0,0,1,0,0,0,0,0,0,0,0,0,0,0,0,3,0,2,0,0,0,5,0,1,0,0,1,0,0,0,0,0,0,0,0,0,0,0,0,0,0
"117","B2404","LOS3-early pre-onset",0,0,0,0,0,0,0,0,0,0,0,0,0,0,12,0,0,0,0,0,0,1,0,0,0,0,0,3,0,0,0,0,0,0,0,3,0,0,0,0,0,0,0,0,0,0,2,0,0,0,0,0,0,0,0,0,1,0,0,0,0,0,0,0,0,0,0,0,0,0,0,0,0,0,0,0,0,0,0,0,0,0,0,0,0,0,0,0,0,0,0,0,0,0,0,0,0,0,0,15964,0,0,0,0,0,1,0,0,0,0,0,0,0,0,0,0,0,0,0,0,0,0,3,0,0,0,0,0,0,0,0,0,0,0,0,0,0,0,6,0,0,0,0,0,0,0,0,0,0,1,0,0,0,0,0,0,0,0,0,0,0,0,0,0,0,0,13,11858,0,0,0,0,0,0,0,0,0,0,0,0,0,0,0,0,0,0,0,0,0,0,0,0,0,0,0,0,0,0,0,0,0,0,0,0,0,0,0,0,0,0,0,0,1,0,0,0,0,0,1,0,17,0,2,0,0,0,0,0,0,0,0,0,0,0,0,0,1,0,0,0,0,0,0,0,0,0,0,0,0,0,0,0,0,0,0,1,0,0,1,0,0,0,0,0,0,0,0,0,10,0,0,0,0,0,0,0,87,0,0,0,0,0,0,0,0,0,0,0,0,0,0,0,0,0,0,0,0,0,0,0,0,0,3,0,0,0,0,0,1,0,0,0,0,0,1,0,0,0,0,0,0,0,0,0,0,0,0,0
"118","B2407","LOS3-early pre-onset",1,0,1,0,2,37,0,0,3,1,0,17,0,7,3354,1,0,0,0,11,14,13,2,0,0,0,0,251,3,107,0,0,17,0,1,7,1,1,0,0,46,0,1,1,0,2,205,0,1,37,0,0,0,0,0,2,231,1,0,1,1,149,4,9,0,2,2,18,6,1,9,4,0,0,2,0,0,26,0,0,0,714,3,6,1,2,253,17,0,42,0,1,0,0,8,5,0,1,0,1111,0,0,2,1,0,3,31,0,0,0,2,19,1,0,0,7,0,0,0,0,4,11,927,30,26,2,31,8,0,0,0,2,1,167,3,4,1,0,1046,0,6,0,1,0,2,25,150,0,0,0,0,0,13,305,0,212,0,21,2,5,3,1,1,2,4,7,2451,7383,3,5,0,0,0,4,0,3,23,1,0,0,0,0,2,0,0,4,5,0,0,2,0,0,2,0,0,0,0,1,0,20,7,68,15,1,2,0,0,0,0,11,23,20,452,0,16,0,0,0,0,1,202,32,1,0,208,1,2,2,2,1,0,0,2,10,0,576,309,3,6,0,11,1,1,2,0,0,0,0,0,0,0,2,0,0,31,187,0,2,279,0,0,0,0,189,0,0,57,0,2354,296,0,19,3,50,8,1,1608,0,13,10,0,1,0,0,0,0,7,5,0,26,2,0,0,1,0,1,0,13,1,6,0,35,448,9,121,0,1,2,168,2,112,0,0,140,1,0,6,1,0,8,0,0,0,0,0,1,4,0
"119","B2410","LOS3-late pre-onset",0,0,0,0,1,0,0,0,0,0,0,1,0,0,74,0,0,0,0,0,0,0,0,0,0,0,0,0,0,1,0,0,0,0,0,206,0,18,0,0,72,0,0,420,0,0,1,0,0,1,0,0,0,0,0,0,2,0,0,0,0,2,0,0,0,0,0,0,0,0,0,0,0,0,0,0,0,3,0,0,0,4,0,0,0,0,2,0,0,0,0,0,0,0,0,0,0,0,0,30,0,0,0,0,11,7,0,0,0,0,0,0,0,0,0,0,0,0,0,0,0,0,20,3,0,0,0,0,0,0,0,0,0,127,0,0,0,0,16,0,0,0,0,0,169,0,4,0,0,2,0,0,0,5,0,4,0,0,0,0,0,0,0,0,0,0,40,323,0,0,0,0,0,0,0,0,0,0,1,0,0,0,0,0,0,0,0,0,0,0,0,0,0,0,0,0,0,0,2,1,0,1,0,0,0,0,0,0,0,0,0,2,10,0,2,0,0,0,4,0,2472,0,1,0,634,0,0,0,0,0,0,0,0,0,0,9,2,0,0,0,0,0,0,9,0,0,0,0,0,0,0,0,0,0,1,3,0,0,4,0,0,0,1,5,0,0,3,0,49,5,0,1,0,1,0,0,23162,0,1,0,0,0,0,0,0,0,0,0,0,1,0,0,0,0,1,0,0,0,0,0,0,0,10,0,4,0,3,3,4,0,2,0,0,2,0,0,0,9,0,0,0,0,0,0,0,0,0,0
"120","B2414","LOS3-late pre-onset",0,0,0,0,0,0,0,0,0,0,0,0,4,0,0,0,0,0,0,0,0,0,0,0,0,0,0,0,0,0,0,0,0,0,0,10,0,56,0,0,1,0,0,1402,0,0,0,0,0,0,0,0,0,0,0,0,0,0,0,0,0,0,0,0,0,0,0,0,0,0,0,0,0,0,0,0,0,0,0,0,0,0,0,0,0,0,0,0,0,0,0,0,0,0,0,0,0,0,0,133,0,0,0,0,0,3,0,0,0,0,0,0,0,0,0,0,0,0,0,0,0,0,1,0,0,0,0,0,0,0,0,0,0,0,0,0,0,0,0,0,0,0,1,0,259,7,0,0,0,0,0,0,0,0,0,0,0,0,0,0,0,0,0,0,0,0,0,0,0,0,0,0,0,0,0,0,0,0,0,0,0,0,0,0,0,0,0,1,0,0,0,0,0,0,0,0,0,0,0,1,0,0,0,0,0,0,0,0,0,0,0,0,0,0,0,0,0,0,0,0,111,0,0,0,24778,0,0,0,0,0,0,0,0,0,0,0,0,0,0,0,0,0,0,0,0,0,0,0,0,0,0,0,0,0,0,0,0,0,0,0,0,0,0,0,0,0,1,0,0,0,0,0,0,0,0,0,1199,0,0,0,0,0,0,0,0,0,0,0,0,0,4,0,0,0,0,0,0,0,0,0,0,0,0,0,0,0,0,21,0,0,1,0,0,0,0,0,0,0,0,0,0,0,0,0,0,0,0,0
"121","B2418","LOS3-early disease",0,0,0,0,0,0,0,0,0,0,0,0,6,0,3,0,0,0,0,0,0,0,0,0,0,0,0,0,0,0,0,0,0,0,0,4,0,43,0,0,0,0,0,940,0,0,0,0,0,0,0,0,0,0,0,0,0,0,0,0,0,0,0,0,0,0,0,0,0,0,0,0,0,1,0,0,0,0,0,0,0,0,0,0,0,0,0,0,0,0,0,0,0,0,0,0,0,0,0,688,0,0,0,0,0,0,0,0,0,0,0,0,0,0,0,0,0,0,0,0,0,0,0,0,0,0,0,0,0,0,0,0,0,2,0,0,0,0,1,0,0,0,0,0,141,13,0,0,0,1,0,0,0,0,0,0,0,0,0,0,0,0,0,0,0,0,0,6,0,0,0,0,0,0,0,0,0,0,0,0,0,0,0,0,0,1,0,0,0,0,0,0,0,0,0,0,0,0,0,0,0,0,0,0,0,0,0,0,0,0,0,0,1,0,0,0,0,0,0,0,55,0,2,0,25044,0,0,0,0,0,0,0,0,0,0,0,0,0,0,0,0,0,0,1,0,0,0,0,0,0,0,0,0,0,0,0,0,0,0,0,0,0,0,0,0,0,0,0,1,0,0,0,0,0,0,0,997,0,0,0,0,0,0,0,0,0,0,0,1,0,1,0,0,0,0,0,0,0,0,0,0,0,0,0,0,0,0,40,0,0,0,0,0,1,0,0,0,0,0,0,0,0,0,0,0,0,0,0
"122","B2421","LOS3-early disease",0,0,0,0,0,0,0,0,0,0,0,0,0,0,13,0,0,0,0,0,0,0,0,0,0,0,0,0,0,2,0,0,0,0,0,2,0,1,0,0,102,0,0,0,0,0,1,0,0,0,0,0,0,0,0,0,0,0,0,0,0,2,0,0,0,1,0,0,0,0,0,0,0,0,0,0,0,0,0,0,0,1,0,0,0,0,2,0,0,0,0,0,0,0,0,0,0,0,0,1,0,0,0,0,0,0,0,0,0,0,0,0,0,0,0,0,0,0,1,0,0,0,2,0,0,17,0,1,0,0,0,0,0,1,0,0,0,0,4,2,0,0,0,0,10,0,1,0,0,0,0,0,0,1,0,1,0,0,0,0,0,0,0,0,0,0,18,0,0,0,0,0,0,1,0,0,0,0,0,0,0,0,1,0,0,0,0,0,0,0,0,0,0,0,0,0,0,0,0,0,0,0,0,0,0,0,0,0,0,0,1,0,4,0,0,1,0,0,0,0,6730,1,0,0,3,0,0,0,0,0,0,0,0,0,0,2,1,0,0,0,0,0,0,0,0,0,0,0,0,0,0,0,0,0,1,0,0,0,1,0,0,0,0,1,0,0,0,0,16,0,0,0,0,1,0,0,21028,0,0,0,0,0,0,0,0,0,1,0,0,0,0,0,0,0,0,0,0,0,0,0,0,0,4,0,0,0,0,5,0,0,0,0,0,1,1,0,0,0,0,0,0,0,0,0,0,2,0,0
"123","B2424","LOS3-middle disease",0,0,0,0,0,0,0,0,0,0,0,0,0,0,15,0,0,0,0,0,0,0,0,0,0,0,0,1,0,0,0,0,0,0,0,31,0,0,0,0,19,0,0,5,0,0,2,0,0,0,0,0,0,0,0,0,2,0,0,0,0,0,0,0,0,1,0,0,0,0,0,0,0,0,0,0,0,0,0,0,0,0,0,0,0,0,0,0,0,1,0,0,0,0,0,0,0,0,0,208,0,0,0,0,4,0,0,0,0,0,0,0,0,0,0,0,0,0,0,0,0,0,1,0,0,3,0,0,0,0,0,0,0,4,0,1,0,0,4,0,0,0,0,0,18,0,0,0,0,20,0,0,0,2,0,1,0,0,0,0,0,0,0,0,0,0,8,9915,0,0,0,0,0,0,0,0,0,0,0,0,0,0,0,0,0,0,0,0,0,0,0,0,0,0,0,0,0,0,0,0,0,0,0,0,0,0,0,0,0,1,0,0,2,0,0,0,0,0,10,0,4441,0,12,0,2,0,0,0,0,0,0,0,0,0,0,1,0,0,0,0,0,0,0,0,0,0,0,0,0,0,0,0,0,0,0,0,0,0,0,0,0,0,0,0,0,0,1,0,9,0,0,0,0,0,0,0,13240,0,0,0,0,0,0,0,0,0,0,0,0,0,0,0,0,0,2,0,0,0,0,0,0,0,0,0,0,0,0,0,0,0,3,0,0,0,0,0,0,4,0,0,0,0,0,0,0,0,0,0
"124","B2428","LOS3-late disease",0,0,0,0,0,0,0,0,0,0,0,0,0,0,5,0,0,0,0,0,16,0,0,0,0,0,0,0,0,0,0,0,0,0,0,1,0,1,0,0,42,0,0,1,0,0,0,0,0,0,0,0,0,0,0,0,0,0,0,0,0,0,0,0,0,0,0,0,0,0,0,0,0,0,0,0,0,0,0,0,0,1,0,0,0,0,0,0,0,1,0,0,0,0,0,0,0,0,0,312,0,0,0,0,0,0,0,0,0,0,0,0,0,0,0,0,0,0,0,0,0,0,0,0,0,0,0,0,0,0,0,0,0,0,0,0,0,0,0,0,0,0,0,0,1,0,0,0,0,8,0,0,0,0,0,0,0,0,0,0,0,0,0,0,0,0,2,26030,0,0,0,0,0,0,0,0,0,0,0,0,0,0,0,0,0,0,0,0,0,0,0,0,0,0,0,0,0,0,0,0,0,0,0,0,0,0,0,0,0,0,0,0,0,0,0,1,0,0,4,0,419,0,1,0,6,0,0,0,0,0,0,0,0,0,0,0,0,0,0,0,0,0,0,0,0,0,0,0,0,0,0,0,0,0,0,0,0,0,0,0,0,0,0,0,0,0,0,0,0,0,0,0,0,0,0,0,1131,0,0,0,0,0,0,0,0,0,0,0,0,0,0,0,0,0,8,0,0,0,0,0,0,0,0,0,2,0,0,0,0,0,0,0,0,0,0,0,0,0,0,0,0,0,0,0,0,1,0,0
"125","B2434","LOS3-post disease",0,0,0,0,0,0,0,0,0,0,0,0,4,0,8,0,0,0,0,0,5791,0,0,0,0,0,0,0,0,0,22,0,0,0,0,54,0,116,0,0,41,0,0,1408,0,2,1,10,0,0,0,0,0,0,0,0,0,0,0,0,0,0,0,0,0,1,0,0,0,0,0,0,0,0,0,0,0,0,0,0,0,0,0,0,0,0,0,0,0,0,0,0,0,0,0,0,0,0,0,1709,14,0,0,0,1,3,0,0,0,0,0,0,0,0,1,0,0,0,0,0,0,0,1,0,0,6,0,0,1,0,0,0,0,0,0,0,0,0,1,1,0,0,0,0,234,0,0,0,0,2,0,0,0,0,0,0,0,0,0,0,0,0,0,0,0,0,4,74,0,0,0,0,0,0,0,0,1,0,0,0,0,0,0,0,0,0,0,0,0,0,0,0,0,0,0,0,0,0,2,0,0,0,0,0,0,0,0,0,0,0,0,0,0,0,0,0,0,0,0,0,205,0,6,0,12278,0,0,0,0,0,0,0,0,0,0,3,0,0,0,0,0,0,0,0,0,0,2,0,0,0,0,0,0,0,0,0,0,0,2,0,1,0,0,1,0,0,0,0,2,1,0,1,0,0,0,0,5036,0,0,0,0,0,0,0,9,0,0,0,0,0,313,0,0,0,0,0,0,0,0,0,0,0,2,0,1,0,2,375,0,0,1,0,0,0,0,0,0,1,0,0,0,0,0,0,0,239,0,0
"126","B2438","LOS3-post disease",0,0,10,0,0,0,0,0,0,0,0,0,0,0,5,0,0,0,0,0,1186,0,0,0,0,0,0,0,0,0,0,0,0,0,0,342,1,0,0,0,2,0,0,1,0,0,1,0,0,0,0,0,0,0,0,0,0,0,0,0,0,0,0,0,0,0,0,0,0,0,0,0,0,0,0,0,0,0,0,0,0,1,0,0,0,0,0,0,0,0,1,0,0,0,0,0,0,0,0,10406,0,2,0,0,18,145,0,0,0,0,0,0,0,0,0,0,0,0,0,0,0,9685,1,0,0,0,0,0,0,0,0,0,0,0,0,0,0,0,0,0,0,0,0,0,1,0,0,0,0,0,0,0,0,1,0,0,0,0,0,0,0,0,0,0,0,0,1,4936,0,0,0,0,0,0,0,0,0,0,0,0,344,0,0,0,0,1,0,0,0,0,0,0,0,99,0,0,0,0,29,0,0,0,0,0,0,0,0,0,0,0,0,0,0,0,0,0,0,0,1,0,11,0,73,128,14,0,0,0,0,436,0,0,0,0,0,0,0,0,0,0,0,0,0,0,0,0,0,0,0,0,0,0,0,0,0,0,1,0,0,0,0,0,0,1,0,0,0,0,5,1,0,0,0,0,0,0,81,0,0,0,0,0,0,0,2,0,0,0,0,0,0,0,0,0,0,0,0,0,0,0,0,0,0,0,0,0,2,0,0,0,0,0,0,1,0,0,0,17,0,0,0,0,0,0,0,1,0,0
"127","B2442","LOS3-post disease",0,0,2,0,0,0,0,0,0,0,0,0,6,0,4,0,0,0,0,0,9,0,0,0,0,0,0,0,0,0,3,0,0,0,0,9,0,79,0,0,0,0,0,737,0,0,0,0,0,0,0,0,0,0,0,0,1,0,0,0,0,0,0,0,0,0,0,1,0,0,0,0,212,0,0,0,0,0,0,0,0,0,0,0,0,0,1,0,1,0,58,0,0,0,0,0,0,50,0,93,0,0,0,0,1,47,0,0,0,0,0,0,0,0,0,0,0,0,0,0,0,3601,1,0,0,0,0,0,0,0,0,0,0,13,0,0,0,0,1,0,0,2,0,0,99,0,0,0,0,0,0,0,0,0,0,0,0,0,0,0,0,0,0,0,0,0,1,370,0,0,0,0,0,0,0,0,0,0,0,0,5,0,2,0,0,0,0,0,0,120,0,0,0,6,0,0,0,0,0,0,0,0,0,0,0,0,0,0,0,0,0,0,0,0,0,0,0,0,0,0,24,0,7,6,17238,0,0,0,0,162,0,0,0,0,0,0,0,0,0,0,0,0,0,0,0,0,0,10,8,0,0,0,0,0,0,0,0,0,0,0,0,0,0,0,0,0,3839,0,2,0,3,0,0,0,0,0,611,0,0,0,0,0,0,0,0,0,0,0,0,0,224,0,0,0,1,0,0,0,0,0,0,0,0,0,0,0,0,324,0,0,0,0,0,0,0,0,0,0,0,0,0,0,0,0,0,0,0,0
"157","B3802","NEC3-early post partum",1,0,0,0,4,16,0,2,0,0,0,39,0,9,4819,2,0,0,0,16,4,26,1,0,0,10,2,247,4,136,0,0,22,2,4,116,0,0,0,2,26,0,1,4,0,0,316,0,2,0,1,0,2,0,0,1,278,2,0,0,1,193,3,8,1,25,4,37,14,1,3,4,0,0,4,0,0,3,0,0,0,993,7,1,1,5,379,16,0,66,0,3,1,0,3,4,0,0,0,260,0,0,3,0,1,0,30,2,0,0,0,20,1,4,1,5,0,0,0,1,8,0,1256,46,37,2,40,18,2,0,0,0,1,187,6,60,6,0,1543,0,0,0,10,0,9,24,197,1,0,0,1,0,11,372,1,303,2,15,6,11,4,3,3,10,8,2,3165,8,2,18,0,3,0,5,0,2,47,3,2,0,0,1,1,3,0,7,6,0,0,0,0,1,1,0,2,0,0,4,0,6,6,86,23,2,1,0,3,0,0,14,23,19,657,0,24,0,0,0,0,0,333,56,1,0,20,1,1,4,2,0,0,0,0,15,0,893,387,2,11,0,0,1,0,1,0,2,0,0,0,2,0,26,0,0,12,237,2,1,363,0,1,0,0,264,0,0,14,0,3238,471,0,0,0,57,5,0,3310,0,23,19,0,0,0,0,1,0,10,2,0,98,0,1,0,0,0,2,0,74,0,3,0,38,579,6,168,0,1,3,294,1,135,0,1,160,12,0,10,0,0,7,0,1,2,0,0,25,10,0
"158","B3804","NEC3-early pre-onset",0,0,0,0,2,30,0,0,9,0,0,27,0,10,5328,2,1,0,0,13,4,23,5,0,0,5,8,402,1,187,0,1,19,2,3,6,0,0,0,0,20,0,4,0,0,0,411,0,6,0,0,0,1,0,0,5,385,0,1,0,2,249,6,9,0,0,3,37,22,3,1,4,0,4,0,0,0,0,1,0,0,496,1,1,0,6,393,14,0,48,0,6,0,0,8,3,4,0,1,25,0,0,4,2,0,0,51,0,0,0,9,26,1,1,0,4,0,0,0,2,23,1,1178,53,42,1,51,9,0,0,2,0,1,165,7,84,0,0,1718,0,1,0,9,0,9,21,197,0,0,0,0,0,6,377,0,425,5,6,5,5,6,8,0,5,5,7,4025,16,7,7,0,0,8,3,0,0,50,0,2,1,0,0,0,0,13,4,4,0,0,0,4,0,3,0,2,0,1,1,0,9,7,122,23,3,2,0,0,0,0,25,23,33,725,3,21,0,0,0,0,0,101,29,0,0,435,8,7,2,2,0,0,0,0,7,1,966,545,1,14,0,0,0,0,0,1,0,0,0,0,2,0,9,0,0,17,324,0,0,203,2,7,0,2,376,0,0,13,3,3711,489,0,0,0,73,5,0,864,1,41,15,0,0,1,0,0,0,14,2,6,81,0,0,2,6,0,1,0,21,3,3,0,52,668,6,203,0,0,0,339,2,155,0,0,175,1,0,15,0,0,10,0,0,1,0,3,1,0,0
"159","B3807","NEC3-early pre-onset",0,0,0,0,0,0,0,0,0,0,0,1,0,0,266,1,0,0,33,1,0,0,0,1,0,0,0,14,0,2,0,0,2,0,0,0,0,0,0,0,22131,10,0,0,0,0,16,0,0,0,0,0,0,0,0,0,16,0,0,0,0,13,0,0,0,0,0,1,2,1,0,0,0,0,1,3,0,0,0,10,0,53,1,0,0,0,14,0,0,6,0,0,0,0,0,0,0,0,0,1,0,0,0,0,0,0,1,0,0,0,0,3,0,0,75,0,0,11,20,0,0,0,55,2,0,4271,0,0,0,0,0,0,0,7,0,1,0,0,75,2,0,0,0,0,0,6,12,0,0,0,0,0,6,16,0,18,0,1,1,0,1,0,0,1,0,1,145,1,0,0,0,0,0,0,0,0,3,2,0,0,0,0,0,0,0,0,0,0,1,0,0,0,1,0,0,0,0,1,0,0,1,3,0,0,0,0,0,0,0,0,2,3,49,0,1,58,7,18,0,0,1,0,0,0,1,0,0,0,0,0,0,0,0,0,0,32,19,0,0,0,0,0,0,0,0,1,0,0,0,0,0,1,0,0,0,13,0,0,23,0,0,0,0,43,0,0,1,0,156,21,0,0,0,2,1,0,10,0,2,0,0,0,0,0,0,0,1,0,0,5,0,0,0,0,0,1,0,2,0,0,0,3,42,0,11,8,0,0,15,0,13,5,0,7,2,39,1,0,0,0,21,0,0,0,0,0,0,9
"160","B3810","NEC3-late pre-onset",1,0,0,0,0,1,0,0,0,0,6,2,0,0,494,0,0,0,27,1,0,5,0,3,0,0,1,40,0,6,0,0,2,1,0,13,0,0,0,0,20435,8,0,0,0,1,22,0,1,0,0,0,0,0,0,0,20,0,0,0,0,16,0,2,0,0,0,5,2,0,1,0,0,0,8,3,0,1,0,11,0,64,2,0,0,0,51,0,0,4,0,0,0,0,0,0,0,0,0,0,0,0,0,0,0,0,7,0,3,0,0,2,0,0,68,0,0,13,22,1,0,0,121,3,3,4632,2,1,0,0,5,0,0,11,0,11,0,1,170,1,0,0,2,0,5,4,16,0,0,0,0,0,1,44,0,35,4,0,0,1,0,4,0,0,2,0,408,22,1,2,0,0,16,0,0,0,2,5,1,0,0,0,0,0,20,0,0,0,5,0,8,0,0,0,0,0,2,0,0,1,0,9,1,0,0,0,0,0,0,5,2,6,80,10,3,50,3,19,0,0,0,11,0,0,2,0,0,0,1,0,0,0,0,1,0,82,30,0,0,0,0,0,0,0,0,0,5,0,0,0,0,3,0,0,2,14,1,0,31,5,6,0,0,32,0,0,0,0,296,38,0,0,0,2,0,0,9,0,6,2,0,0,0,0,0,0,0,0,4,0,0,0,1,0,0,0,0,6,0,1,0,6,74,0,19,9,0,0,23,0,17,2,0,19,2,47,6,0,0,0,12,0,0,0,22,0,0,9
"161","B3813","NEC3-late pre-onset",0,0,0,0,0,0,0,0,0,0,0,0,0,0,16,0,0,0,33,0,0,0,0,2,0,0,0,1,0,0,0,0,0,0,0,22,0,0,0,0,23332,7,0,0,0,0,0,0,0,0,0,0,0,0,0,0,1,0,0,0,0,0,0,1,0,0,0,0,0,0,0,0,0,0,0,9,0,0,0,13,0,4,0,0,0,0,1,0,0,0,0,0,0,0,0,0,0,0,0,0,0,0,0,0,0,0,0,0,0,0,0,0,0,0,48,0,0,5,14,0,0,0,2,0,0,4285,0,0,0,0,0,0,0,0,0,0,0,0,3,0,0,0,0,0,0,0,0,0,0,0,0,0,0,1,0,0,0,0,0,0,0,0,0,0,0,0,8,0,0,0,0,0,0,0,0,0,0,0,0,0,0,0,0,0,0,0,0,0,0,0,0,0,0,0,0,0,0,0,0,0,0,0,0,0,0,0,0,0,0,0,0,0,2,0,0,57,17,7,0,0,1,0,0,0,0,0,0,0,0,0,0,0,0,0,0,1,1,0,0,0,0,0,0,0,0,0,0,0,0,0,0,0,0,0,0,3,0,0,2,0,0,0,0,1,0,0,0,0,10,1,0,0,0,0,0,0,2,0,0,0,0,0,0,0,0,0,0,0,0,0,0,0,0,0,0,0,0,0,0,0,0,0,0,0,0,16,0,0,1,0,0,7,0,0,0,30,0,0,0,0,20,0,0,0,0,0,0,7
"162","B3815","NEC3-late pre-onset",0,0,0,0,0,0,0,0,0,0,0,0,0,0,2,0,0,0,0,0,1,0,0,0,0,0,0,1,0,0,0,0,0,0,0,25,0,74,0,0,0,0,0,2699,0,0,0,0,0,0,0,0,0,0,0,0,0,0,0,0,0,0,0,0,0,1,0,0,0,0,0,0,0,0,0,0,0,0,0,0,0,0,0,0,0,0,0,0,0,0,0,0,0,0,0,0,0,0,0,0,0,0,0,0,0,3,0,0,0,0,0,0,0,0,0,0,0,0,0,0,0,0,2,0,0,0,0,0,0,0,0,0,0,1,0,0,0,0,1,0,0,0,0,0,724,1,0,0,0,0,0,0,0,0,0,1,0,0,0,0,0,0,0,0,0,0,0,0,0,0,0,0,0,0,0,0,0,0,0,0,0,0,0,0,0,0,0,2,0,0,0,0,0,0,0,0,0,0,0,0,0,0,0,0,0,0,0,0,0,0,0,0,0,0,0,0,0,0,0,0,1506,0,0,0,7724,0,0,0,0,0,0,0,0,0,0,0,0,0,0,0,0,0,0,0,0,0,0,0,0,0,0,0,0,0,0,0,0,0,0,0,0,0,0,0,0,0,0,0,0,0,0,0,0,0,0,0,15214,0,0,0,0,0,0,0,0,0,0,1,0,0,0,0,0,0,0,0,0,0,0,0,0,0,0,0,0,0,0,10,0,0,0,0,0,0,0,0,0,0,0,0,0,0,0,0,0,1,0,0
"163","B3818","NEC3-early disease",0,0,0,0,0,0.5,0,0,0,0,0,0,0,0.5,13,0,0,0,2.5,0,0.5,0,0,0.5,0,0,0,2,0,0.5,0,0,0,0,0,567,0,37,0,0,12838,1,0,1349.5,0,0,0,0,0,0,0,0,0,0,0,0,0,0,0,0,0,0,0,0,0,0.5,0,0,0,0,0,0,0,0,0,0.5,0,0,0,0.5,0,0,0,0,0,0,0.5,0,0,0,0,0,0,0,0,0,0,0,0,0.5,0,1.5,0,0,0,39,0,0,0,0,0,0,0,0,6,0,0,1,4,0,0,0,2,0,0,449.5,0,0,0,0,0,0,0,1.5,0,0.5,0,0,3,0.5,0,0,0,0,362.5,0.5,0.5,0,0,0,0,0,0,0.5,0,1,0,0,0.5,0,0,0,0,0,0,0.5,8,0.5,0,0.5,0,0,0,0,0,0,0,0,0,0,0,0,0,0,0,0,0,1,0,0,0,0,0,0,0,0,0,0,0,0,0,0.5,0,0,0,0,0,0,0,0,0,0,4,0.5,0.5,5,0.5,2,0,0,753,0,0,0.5,3862,0,0,0,0,0,0,0,0,0,0,2,1,0,0,0,0,0,0,0.5,0,0,0,0,0,0,0,0,0,0,0,0,3.5,0,0.5,0,0,0,0,0.5,0,0.5,0,0,13,0.5,0,0,0,0,0,0,7608,0,0,0,0,0,0,0,0,1.5,0,0.5,0,1.5,0,2.5,0,0,0,0,0,0,0,0,0,0,2.5,0,0,3.5,0,5,0,0,0.5,3.5,0,0,0.5,10.5,0,0,0,0,2.5,0,0,0,0,0.5,0,1
"164","B3821","NEC3-middle disease",0,0,0,0,0,1,0,0,0,0,0,0,0,1,24,0,0,0,5,0,0,0,0,1,0,0,0,3,0,1,0,0,0,0,0,1109,0,0,0,0,25676,2,0,0,0,0,0,0,0,0,0,0,0,0,0,0,0,0,0,0,0,0,0,0,0,0,0,0,0,0,0,0,0,0,0,1,0,0,0,1,0,0,0,0,0,0,1,0,0,0,0,0,0,0,0,0,0,0,0,1,0,3,0,0,0,75,0,0,0,0,0,0,0,0,12,0,0,2,8,0,0,0,2,0,0,899,0,0,0,0,0,0,0,2,0,1,0,0,5,1,0,0,0,0,1,0,1,0,0,0,0,0,0,1,0,1,0,0,1,0,0,0,0,0,0,1,16,1,0,1,0,0,0,0,0,0,0,0,0,0,0,0,0,0,0,0,0,0,0,0,0,0,0,0,0,0,0,0,0,0,0,1,0,0,0,0,0,0,0,0,0,0,8,1,1,10,1,4,0,0,0,0,0,1,0,0,0,0,0,0,0,0,0,0,0,4,2,0,0,0,0,0,0,1,0,0,0,0,0,0,0,0,0,0,0,0,7,0,1,0,0,0,0,1,0,1,0,0,26,1,0,0,0,0,0,0,2,0,0,0,0,0,0,0,0,3,0,0,0,3,0,5,0,0,0,0,0,0,0,0,0,0,5,0,0,7,0,0,0,0,1,7,0,0,1,21,0,0,0,0,5,0,0,0,0,0,0,2
"165","B3828","NEC3-late disease",0,0,0,0,0,0,0,0,0,0,0,0,0,0,22,0,0,0,0,0,34,0,0,0,0,0,0,1,0,0,0,0,0,0,0,12,0,23,0,0,1,0,0,836,0,0,1,2,0,0,0,0,0,0,0,0,2,0,0,0,0,1,0,0,0,4,0,0,0,0,0,0,0,0,0,0,0,0,0,0,0,7,0,0,0,0,1,0,0,0,0,0,0,0,0,0,0,0,0,332,0,0,0,0,0,38,1,0,0,0,0,0,0,0,0,0,0,0,0,0,0,0,10,0,0,0,0,0,1,0,0,0,0,1,0,0,0,0,10,0,0,0,0,0,252,0,1,0,0,5,0,0,0,1,0,0,0,0,0,0,0,0,0,0,0,0,20,1,0,0,0,0,0,0,0,0,0,0,0,0,0,0,0,0,0,0,0,0,0,0,0,0,0,0,0,0,0,0,0,0,0,0,0,0,0,0,0,0,0,0,0,0,4,0,0,0,0,0,6,0,2380,0,2,0,1791,0,0,0,0,0,0,0,0,0,0,8,0,0,0,0,0,0,0,0,0,0,0,0,0,0,0,0,0,0,0,0,0,0,3,0,0,0,0,0,0,0,0,0,17,6,0,0,0,0,0,0,22129,0,0,0,0,0,0,0,0,0,0,0,0,1,0,1,0,0,0,0,0,0,0,0,0,0,4,0,1,0,2,2,0,0,1,0,1,1,0,0,0,0,0,0,0,0,0,0,0,14,0,0
"166","B3835","NEC3-post disease",0,0,0,0,0,0,0,0,0,0,0,0,11,0,1,0,0,0,0,0,213,0,0,0,0,0,0,0,0,0,8,0,0,0,0,36,0,35,0,0,0,0,0,1627,0,0,0,14,0,0,0,0,0,0,0,0,0,0,0,0,0,0,0,0,0,0,0,0,0,0,0,0,0,0,0,0,0,0,0,0,0,0,0,0,0,0,0,0,0,0,0,0,0,0,0,0,0,0,0,10080,3,0,0,0,0,3,0,0,0,0,0,0,0,0,0,0,0,0,0,0,0,0,0,0,0,0,0,0,0,0,0,0,0,88,0,0,0,0,1,0,0,0,0,0,441,0,0,0,0,20,0,0,0,0,0,0,0,0,0,0,0,0,0,0,0,0,0,22,0,0,0,0,0,0,0,0,0,0,0,0,0,0,0,0,0,0,0,0,0,0,0,0,0,0,0,0,0,0,52,0,0,0,0,0,0,0,0,0,0,0,0,0,0,0,0,0,0,0,27,0,1130,0,33,0,3559,0,0,0,0,0,0,0,0,0,0,0,0,0,0,0,0,0,0,27,0,0,0,0,0,0,0,0,0,0,0,0,0,0,0,0,0,0,0,0,0,0,0,0,0,0,0,0,0,0,0,0,10454,0,0,0,0,0,0,0,0,0,0,0,0,0,0,0,0,0,12,0,0,0,0,0,0,0,0,0,1,0,0,5,0,0,0,0,0,0,0,0,0,34,0,0,0,0,0,0,0,57,0,0
"167","B3839","NEC3-post disease",0,0,0,0,0,0,0,0,0,0,0,0,0,0,0,0,0,0,0,0,5,0,0,0,0,0,0,0,0,0,0,0,0,0,0,46,0,5,0,0,0,0,0,330,0,0,0,0,0,0,0,0,0,0,0,0,0,0,0,0,0,0,0,0,0,0,0,0,0,0,0,0,0,0,0,0,0,0,0,0,0,0,0,0,0,0,0,0,0,0,0,0,0,0,0,0,0,0,0,6583,0,0,0,0,0,11,0,0,0,0,0,0,0,0,0,0,0,0,0,0,0,0,0,0,0,0,0,0,0,0,0,0,0,0,0,0,0,0,0,0,0,0,0,0,116,0,0,0,0,38,0,0,0,0,0,0,0,0,0,0,0,0,0,0,0,0,0,12,0,0,0,0,0,0,0,0,0,0,0,0,0,0,0,0,0,0,0,0,0,0,0,0,0,0,0,0,0,0,10,0,0,0,0,0,0,0,0,0,0,0,0,0,0,0,0,0,0,0,46,0,2117,0,28,0,347,0,0,0,0,0,0,0,0,0,0,0,0,0,0,0,0,0,0,0,0,0,0,0,0,1,0,0,0,0,0,0,0,0,0,0,0,0,0,0,0,0,0,0,0,0,0,0,0,0,0,0,18285,0,0,0,0,0,0,0,0,0,0,0,0,0,0,0,0,0,8,0,0,0,0,0,0,0,0,0,0,0,0,0,0,0,0,0,0,0,0,0,0,4,0,0,0,0,0,0,0,2,0,0
"168","B3842","NEC3-post disease",0,0,0,0,0,1,0,0,0,0,0,1,0,0,247,0,0,0,0,2,26,0,0,0,0,0,0,8,0,4,0,0,2,0,0,417,0,0,0,0,4,0,0,3,0,0,8,0,0,0,0,0,0,0,0,1,9,0,0,0,0,10,0,0,0,8,0,4,0,0,1,0,0,0,0,0,0,0,0,0,0,13,0,0,0,0,21,0,0,0,0,0,0,0,0,0,0,0,0,109,0,1,0,0,2,129,4,0,1,1,0,0,0,0,0,0,0,0,0,0,0,0,56,2,1,0,0,0,4,0,3,1,0,19,0,3,0,0,66,0,0,0,1,0,10,1,8,0,0,4,0,0,2,14,2,10,0,0,0,2,0,3,0,0,0,0,141,3464,1,0,0,0,0,0,0,1,2,0,1,0,0,0,0,0,0,0,0,0,0,0,0,0,0,0,0,0,0,0,0,0,0,2,1,0,0,0,0,0,0,0,0,0,25,0,0,0,0,0,0,0,2350,3,2,0,19,0,0,0,1,0,0,0,0,0,0,29,10,0,0,0,0,0,0,2,0,0,0,0,0,0,0,0,0,0,0,10,1,0,7,1,1,0,0,10,0,0,0,0,138,12,0,0,0,2,0,0,20430,0,1,0,0,0,0,0,0,0,0,0,0,0,0,3,1,0,0,0,0,0,0,1,0,0,37,0,13,0,0,1,4,0,2,0,0,6,1,0,0,2,0,1,0,0,0,0,0,6,0,0
"169","B3849","NEC3-post disease",0,0,0,0,0,0,0,0,0,0,0,0,1,0,10,0,0,0,0,0,127,0,0,0,0,0,0,3,0,0,0,0,0,0,0,2306,0,42,0,0,1,0,0,557,0,0,0,6,0,0,0,0,0,0,0,0,1,0,0,0,0,3,0,0,0,3,0,0,0,0,0,0,0,0,0,0,0,0,0,0,0,4,0,0,0,0,1,0,0,0,0,0,0,0,0,0,0,0,0,49,0,1,0,0,180,122,0,0,0,0,0,0,0,0,0,0,0,0,0,2,0,0,2,0,0,1,0,0,0,0,0,0,0,12,0,0,0,0,6,0,0,0,0,0,153,0,1,0,0,15,0,0,0,0,0,0,0,0,0,0,0,0,0,0,0,0,11,4830,0,0,0,0,0,0,0,0,0,0,0,0,0,0,0,0,0,0,0,0,0,0,0,0,0,0,0,0,0,0,1,0,0,0,0,0,0,0,0,0,0,0,0,0,2,0,0,0,0,0,14,0,2695,0,6,0,933,0,0,0,0,0,0,0,0,0,0,0,1,0,0,0,0,0,0,164,0,0,0,0,0,2,0,0,0,0,0,0,7,0,1,0,0,0,0,0,0,2,0,0,7,0,0,0,0,0,0,0,15522,0,0,0,0,0,0,0,0,0,0,0,0,0,0,2,0,0,2,0,0,0,0,0,0,0,0,0,0,0,31,1,0,0,0,0,0,0,0,0,0,99,0,0,0,0,0,0,0,52,0,0
"170","B4002","NEC4-early post partum",0,0,0,0,6,69,0,2,4,0,0,31,0,9,5508,1,0,0,0,12,2,32,3,0,2,7,0,293,5,117,0,0,55,2,2,2,1,0,0,3,24,0,3,37,0,32,315,0,2,55,1,0,0,0,0,0,256,0,1,10,6,197,8,10,1,5,7,57,24,2,6,2,0,19,2,0,0,55,0,0,0,562,6,0,1,8,379,30,0,45,0,6,2,0,3,2,1,0,0,33,0,0,2,3,0,3,56,1,3,0,0,22,0,2,0,3,0,0,0,0,5,79,1433,38,45,4,36,17,0,0,2,6,6,237,6,15,6,0,1755,0,6,0,12,0,12,32,205,0,0,0,1,0,8,401,1,315,2,4,7,6,0,6,1,1,7,3,3702,17,8,2,0,2,0,8,1,2,62,2,0,1,0,0,2,0,0,0,7,1,0,0,0,1,2,0,1,0,1,5,0,7,2,112,33,3,2,0,1,7,0,22,21,16,752,0,29,0,0,0,0,7,45,63,0,0,1148,0,0,0,5,6,0,0,0,20,0,802,551,8,5,0,1,2,3,1,0,3,0,0,0,8,0,3,0,0,35,279,2,0,200,3,2,0,10,338,1,0,116,1,3575,449,8,37,1,67,5,0,374,1,28,11,0,1,0,0,0,0,7,3,0,68,0,0,1,1,0,49,0,9,1,4,0,65,668,3,131,0,0,3,306,1,116,0,62,177,20,0,14,0,0,13,0,0,0,0,0,5,10,0
"171","B4004","NEC4-early pre-onset",0,0,0,0,0,0,0,0,0,0,0,0,0,0,9,0,0,0,0,0,0,0,0,0,0,0,0,0,0,0,0,0,0,0,0,0,0,13,0,0,0,0,0,366,0,0,0,0,0,0,0,0,0,0,0,0,0,0,0,0,0,0,0,0,0,1,0,0,0,0,0,0,0,0,0,0,0,0,0,0,0,1,0,0,0,0,0,0,0,0,0,0,0,0,0,0,0,0,0,7,0,0,0,0,0,0,0,0,0,0,0,0,0,0,0,0,0,0,0,0,0,0,3,0,0,0,0,0,0,0,0,0,0,1,0,0,0,0,2,0,0,0,0,0,129,0,0,0,0,1,0,0,0,0,0,0,0,0,0,0,0,0,0,0,0,0,0,1,0,0,0,0,0,0,0,0,0,0,0,0,0,0,0,0,0,0,0,0,0,0,0,0,0,0,0,0,0,0,0,0,0,0,0,0,0,0,0,0,0,0,0,0,0,0,0,0,0,0,0,0,2486,1,0,0,568,0,0,0,0,0,0,0,0,0,0,0,0,0,0,0,0,0,0,0,0,0,0,0,0,0,0,0,0,0,0,0,0,0,0,0,0,0,0,1,0,0,0,0,1,0,0,0,0,0,0,0,24394,0,1,0,0,0,0,0,0,0,0,0,0,0,0,0,0,0,0,0,0,0,0,0,0,0,1,0,0,0,0,6,0,0,0,0,0,1,0,0,0,0,0,0,0,0,0,0,0,0,0,0
"172","B4007","NEC4-early pre-onset",0,0,6,0,0,0,0,0,0,0,0,0,0,0,55,0,0,0,0,1,0,0,0,0,0,0,0,1,0,2,0,0,0,0,0,0,0,35,0,0,1,0,0,752,0,0,2,0,0,1,0,0,0,0,0,0,2,0,0,0,0,2,1,0,0,0,0,0,1,0,0,0,0,0,0,0,0,0,0,0,0,8,0,0,0,0,0,1,0,1,55,0,0,0,0,0,0,0,0,1,0,0,0,0,0,0,0,0,0,0,0,0,0,0,0,0,0,0,0,0,0,8122,20,2,0,0,1,1,0,0,0,0,0,3,0,1,0,0,13,0,0,0,0,0,121,1,0,0,0,0,0,0,0,0,0,0,0,0,0,1,0,0,0,0,0,0,3,2,0,0,0,0,0,0,0,0,0,0,0,0,1,0,0,0,0,0,0,0,0,0,0,0,0,0,0,0,0,0,0,0,1,0,1,0,0,0,0,0,0,0,0,0,1,0,0,0,0,0,0,0,273,0,0,1,14962,0,0,0,0,396,0,0,0,0,0,2,9,0,0,0,0,0,0,0,0,0,0,0,1,0,0,0,0,0,0,1,0,0,4,0,0,0,0,4,0,0,0,0,3,8,0,0,0,0,0,0,3083,0,0,0,0,1,0,0,0,0,0,0,0,0,0,0,0,0,0,0,0,1,0,0,0,0,11,0,1,0,0,0,8,0,2,0,0,0,0,0,0,0,0,0,0,0,0,0,0,0,0,0
"173","B4014","NEC4-late pre-onset",0,0,0,0,0,0,0,0,0,0,0,0,4,0,21,0,0,0,0,0,7,0,0,0,0,0,0,0,0,1,0,0,0,0,0,129,0,55,0,0,9,0,0,2583,0,0,3,0,0,1,0,0,0,0,0,0,2,0,0,0,0,3,0,0,0,0,0,0,0,1,0,0,0,2,0,0,0,2,0,0,0,2,0,0,0,0,0,0,0,0,1,0,0,0,0,0,0,0,0,634,0,0,0,0,0,3,1,0,0,0,0,0,0,0,0,0,0,0,0,0,0,52,5,0,0,0,0,0,0,0,0,0,0,3,0,0,0,0,5,0,0,0,0,0,509,0,0,0,0,4,0,0,0,0,0,0,0,0,0,0,0,0,0,0,0,0,2,2,0,0,0,0,0,0,0,0,0,0,0,0,1,0,10,0,0,0,0,0,0,0,0,0,0,0,0,0,0,0,0,0,0,0,0,0,0,0,0,0,0,0,0,1,0,0,0,0,0,0,1,0,441,1,4,0,18463,0,0,0,0,3,0,0,0,0,0,0,1,0,0,0,0,0,0,1,0,0,0,0,1,0,0,0,0,0,0,1,2,0,0,0,0,0,0,3,0,0,2,0,0,1,0,0,0,0,0,0,4995,0,0,0,0,0,0,0,0,0,0,0,0,0,0,0,0,0,0,0,0,0,0,0,0,0,5,0,1,0,0,8,0,0,0,0,0,1,0,0,0,0,0,0,0,1,0,0,0,0,0,0
"174","B4021","NEC4-early disease",0,0,0,0,0,0,0,0,0,0,0,0,0,0,1,0,0,0,0,0,14,0,0,0,0,0,0,0,0,0,1,0,0,0,0,5,0,13,0,0,10,0,0,516,0,0,0,5,0,0,0,0,0,0,0,0,0,0,0,0,0,0,0,0,0,0,0,0,0,0,0,0,0,0,0,0,0,0,0,0,0,0,0,0,0,0,1,0,0,0,5,0,0,0,0,0,0,0,0,241,0,0,0,0,0,4,0,0,0,0,0,0,0,0,0,0,0,0,0,0,0,342,0,0,0,0,0,0,0,0,0,0,0,0,0,0,0,0,0,0,0,0,0,0,174,0,0,0,0,11,0,0,0,0,0,0,0,0,0,0,0,0,0,0,0,0,1,362,0,0,0,0,0,0,0,0,0,0,0,0,7,0,0,0,0,0,0,0,0,0,0,0,0,1,0,0,0,0,0,0,0,0,0,0,0,0,0,0,0,0,0,0,0,0,0,0,0,0,8,0,2466,0,2,3,722,0,0,0,0,18,0,0,0,0,0,0,0,0,0,0,0,0,0,0,0,0,0,0,0,0,0,0,0,0,0,0,0,0,0,0,0,0,0,0,0,0,0,0,2,0,0,0,0,0,0,0,23029,0,0,0,0,0,0,0,0,0,0,0,0,0,0,0,0,0,1,0,0,0,0,0,0,0,0,0,0,0,0,4,0,0,0,0,0,0,0,0,0,0,0,0,0,0,0,0,0,25,0,0
"175","B4025","NEC4-middle disease",0,0,0,0,0,0,0,0,0,0,0,0,2.857143,0,1,0,0,0,0,0,35.14286,0,0,0,0,0,0,0.5714286,0,0,0.4285714,0,0,0,0,4.428571,0,50.71429,0,0,4.285714,0,0,1694.857,0,0,0,4.428571,0,0,0,0,0,0,0,0,0,0,0,6.285714,0,0,0,0,0,0,0,0,0,0,0,0,0.5714286,5.714286,0,0,0,0,0,0,0,0,0,0,0,0,0.4285714,0,0,0,2.142857,0,0,0,0,0,0,0,0,117,0,0,0,0,0,1.714286,0,0,0,0,0,0,0,0,0,0,0,0,0,0,0,154.5714,0,0,0,0,0,0,0,0,0,0,0,0,0,0,0,0,0,0,0,0,0,0,405.4286,0,0,0,0,13.28571,0,0,0,0,0,0,0,0,0,0,0,0,0,0,0,0,1,1606.571,0,0,0,0,0,0,0,0,0,0,0,0,3,0,0,0,0,0,0,0,0,0,0,0,0,0.4285714,0,0,0,0,0,0,0,0,0,0,0,0,0,0,0,0,0,0,0,0,0,0,0,0,10.85714,0,1734.571,0,7.714286,1.285714,4868.857,0,0,0,0,7.714286,0,0,0,0,0,0,0,0,0,0,0,0,0,0,0,0,0,0.5714286,0,0,0,0,0,0,0,0,0,0,0,0,0,0,0,0,0,0,11.42857,0,1.428571,0,0,0,0,0,0,0,17195.86,0,0,0,0,0,0,0,0,0,0,0,0,0,0,0,0,0,1.571429,0,0,0,0,0,0,0,0,0,0.5714286,0,0,6.285714,0,0,0,0,0,0,0,0,0,0,0,0,0,0,0,0,0,28.42857,0,0
"176","B4028","NEC4-late disease",0,0,0,0,0,0,0,0,0,0,0,0,5,0,1,0,0,0,0,0,51,0,0,0,0,0,0,1,0,0,0,0,0,0,0,4,0,79,0,0,0,0,0,2579,0,0,0,4,0,0,0,0,0,0,0,0,0,0,0,11,0,0,0,0,0,0,0,0,0,0,0,0,1,10,0,0,0,0,0,0,0,0,0,0,0,0,0,0,0,0,0,0,0,0,0,0,0,0,0,24,0,0,0,0,0,0,0,0,0,0,0,0,0,0,0,0,0,0,0,0,0,14,0,0,0,0,0,0,0,0,0,0,0,0,0,0,0,0,0,0,0,0,0,0,579,0,0,0,0,15,0,0,0,0,0,0,0,0,0,0,0,0,0,0,0,0,1,2540,0,0,0,0,0,0,0,0,0,0,0,0,0,0,0,0,0,0,0,0,0,0,0,0,0,0,0,0,0,0,0,0,0,0,0,0,0,0,0,0,0,0,0,0,0,0,0,0,0,0,13,0,1186,0,12,0,7979,0,0,0,0,0,0,0,0,0,0,0,0,0,0,0,0,0,0,0,0,0,0,1,0,0,0,0,0,0,0,0,0,0,0,0,0,0,0,0,0,0,20,0,1,0,0,0,0,0,0,0,12821,0,0,0,0,0,0,0,0,0,0,0,0,0,0,0,0,0,2,0,0,0,0,0,0,0,0,0,1,0,0,8,0,0,0,0,0,0,0,0,0,0,0,0,0,0,0,0,0,31,0,0
