"","time","OTU54","OTU295","OTU865","OTU42","OTU31","OTU317","OTU24","OTU190","OTU1094","OTU18","OTU357","OTU57","OTU790","OTU979","OTU30","OTU138","OTU850","OTU72","OTU435","OTU211","OTU738","OTU142","OTU256","OTU458","OTU236","OTU315","OTU354","OTU736","OTU1073","OTU128","OTU1242","OTU53","OTU322","OTU785","OTU302","OTU25","OTU721","OTU129","OTU374","OTU914","OTU861","OTU516","OTU281","OTU1243","OTU508","OTU1002","OTU1026","OTU703","OTU527","OTU1111","OTU1075","OTU690","OTU807","OTU64","OTU1117","OTU744","OTU46","OTU32","OTU655","OTU537","OTU159","OTU729","OTU149","OTU384","OTU382","OTU875","OTU38","OTU1028","OTU777","OTU59","OTU695","OTU309","OTU766","OTU521","OTU398","OTU488","OTU373","OTU932","OTU245","OTU418","OTU1","OTU234","OTU745","OTU708","OTU871","OTU395","OTU730","OTU1088","OTU68","OTU85","OTU764","OTU381","OTU80","OTU76","OTU830","OTU1101","OTU33","OTU523","OTU1015","OTU48","OTU1225","OTU706","OTU825","OTU184","OTU50","OTU19","OTU1041","OTU827","OTU751","OTU420","OTU495","OTU525","OTU772","OTU771","OTU487","OTU1014","OTU204","OTU449","OTU446","OTU630","OTU1235","OTU718","OTU1069","OTU870","OTU288","OTU444","OTU84","OTU821","OTU396","OTU75","OTU329","OTU346","OTU978","OTU714","OTU590","OTU108","OTU868","OTU45","OTU325","OTU415","OTU1234","OTU765","OTU720","OTU945","OTU51","OTU1105","OTU734","OTU270","OTU136","OTU705","OTU36","OTU463","OTU750","OTU728","OTU379","OTU731","OTU833","OTU78","OTU228","OTU616","OTU404","OTU803","OTU801","OTU112","OTU246","OTU47","OTU401","OTU724","OTU878","OTU1184","OTU691","OTU1110","OTU836","OTU1078","OTU529","OTU343","OTU1113","OTU798","OTU1232","OTU260","OTU65","OTU41","OTU710","OTU1074","OTU146","OTU21","OTU333","OTU685","OTU4","OTU709","OTU352","OTU873","OTU908","OTU788","OTU297","OTU1077","OTU815","OTU532","OTU6","OTU450","OTU524","OTU125","OTU1021","OTU63","OTU1229","OTU390","OTU610","OTU1100","OTU67","OTU319","OTU274","OTU802","OTU752","OTU837","OTU225","OTU505","OTU436","OTU437","OTU864","OTU717","OTU862","OTU533","OTU389","OTU689","OTU789","OTU156","OTU832","OTU753","OTU209","OTU740","OTU711","OTU79","OTU1239","OTU202","OTU383","OTU743","OTU86","OTU704","OTU732","OTU1237","OTU956","OTU5","OTU1139","OTU692","OTU1135","OTU723","OTU151","OTU522","OTU768","OTU770","OTU1192","OTU338","OTU1207","OTU3","OTU867","OTU885","OTU819","OTU55","OTU122","OTU447","OTU716","OTU1233","OTU698","OTU34","OTU1082","OTU534","OTU769","OTU387","OTU89","OTU889","OTU767","OTU905","OTU263","OTU261","OTU1018","OTU426","OTU29","OTU786","OTU82","OTU386","OTU376","OTU943","OTU179","OTU7","OTU312","OTU481","OTU737","OTU20","OTU320","OTU774","OTU626","OTU434","OTU605","OTU456","OTU863","OTU893","OTU70","OTU1236","OTU1090","OTU952","OTU69","OTU37","OTU999","OTU872","OTU810","OTU496","OTU1104","OTU707","OTU1001","OTU1031","OTU795","OTU466","OTU866","OTU427","OTU279","OTU469","OTU792","OTU49","OTU712","OTU1093","OTU460","OTU272","OTU874","OTU375","OTU345","OTU869","OTU797","OTU509"
"1","control1-early disease",2,1,1,2,1,1,2,1,1,2,2,1,1,1,10,1,2,2,1,1,1,1,1,2,2,1,2,1,1,1,2,2,1,2,1,55,2,1,1,1,3,2,1,3,3,1,1,3,1,1,2,1,2,2,2,2,1,1,2,1,1,3,1,1,2,3,1,1,1,1,1,1,1,1,1,2,2,1,2,2,1,4,1,1,2,1,3,1,1,1,1,1,1,2,1,1,1,1,2,1,1,1,2,2,1,2,1,2,1,1,2,1,1,1,1,1,2,2,1,1,1,1,3,1,3,1,1,1,1,2,1,1,1,2,1,1,1,2,4,3,2,1,1,2,10,1,1,2,2,1,1,2,1,3,2,1,1,1,1,1,1,1,1,1,1,1,4,3,1,1,2,2,2,1,2,2,3,1,1,1,1,2,1,2,2,1,1,1,2,1,2,2,1,1,1,2,2,1,1,1,1,3,1,1,2,2,1,1,1,1,1,1,3,2,1,1,1,1,1,2,139,1,1,1,2,2,2,2,1,1,1,1,2,1,2,2,1,1,1,2,1,1,2,1,1,2,2,1,2,1,1,1,2,1,1,1,1,2,3,1,1,2,1,1,2,2,1,1,5,1,1,1,2,1,1,1,168,2,1,1,2,1,2,2,1,1,1,1,2,1,1,1,1,2,2,1,2,1,1,1,1,1,2,1,1,2,4,3,1,2,1,2,1,4,1,1,1,1,1,1,1,1,1,2,2,1,1,2
"2","control1-early post partum",6.5,3,11.5,8,12.5,31.5,7,8.5,17.5,8.5,8,31.5,11,15,100,8,5,6,9,24.5,34,29,10.5,7,6,13.5,7.5,40.5,11.5,36,9,5,26.5,7,8.5,63,9.5,13.5,7,9.5,54,10,9,27,9,16,45,10,14,24,8,7,7.5,8,8,5,44,8.5,6,6,9,43.5,21.5,17,7,20,16,31,30,11.5,16,12,5.5,7,15,7,7,32,8,8,7,54,12.5,8.5,8.5,12,39,25.5,10,35.5,9,7,8.5,8,11.5,7,9,8,6,84,7,11,6.5,7.5,10,26.5,32.5,8.5,10.5,9,8.5,25.5,9.5,8.5,12,15.5,7,9,8,8,21.5,49,64.5,31.5,31.5,19,27,20,7,7.5,12.5,8.5,9.5,60.5,16,19.5,8,9,76,10,7,11,14,6.5,35.5,32,44.5,8,4,12,6,10,23,47,9.5,33.5,11,13,20.5,17.5,8,19,9,12.5,16,13.5,71.5,82.5,20,12,8,7.5,7,15,7.5,8,33.5,8.5,8,8.5,9,8,12.5,6,7,13,22.5,9.5,8,10,7,5.5,9.5,11,8,7,7,13,13.5,21,14,30.5,18,14,7,6,6,9.5,7,24,24.5,27.5,55.5,7.5,27.5,10,10,8,12,11,116.5,41,13,11.5,99,6,7.5,7.5,8.5,18,7.5,7,6,12.5,5,50,52.5,8,16,6,13.5,9,7,19.5,5.5,7,7,9,11,9,8,9.5,6,7,26,46,12,9,40,9,12,8,10,52,8,8,37.5,8.5,64,51,7.5,27,8,28.5,14,3,137,6,26,19,7,8,7.5,7,10.5,9,15.5,10.5,7,22,15,8,6.5,6.5,10,13,7,16,8.5,11,4,40.5,60.5,12.5,37.5,10,13,39,43.5,9,42.5,9,9,43.5,23,7,23,11,7,9.5,9,7,8,8,7.5,21,17,8
"3","control1-early pre-onset",4,2,5.5,5,7,17,4.5,5.5,7.5,5,5,16.5,6,9,65.5,5.5,3.5,4,7.5,11,17,13.5,6,4.5,4,6.5,5,25.5,6,16.5,5.5,3.5,17,4,4,34,7,5.5,4,5,79,7.5,6,7,5,10.5,26.5,5.5,7,20,5,4,4.5,5,5,3.5,25.5,5,4,4,6.5,21.5,10.5,12.5,4.5,7,10.5,14.5,14,9,8,6,3,4,7,5.5,4.5,19,4.5,5,4,32.5,5,5,4,8,28,14,5.5,21.5,5,6,4.5,5,6.5,4,4,4.5,4,39.5,4,6,4,5,5.5,12.5,20,6,7,5,5.5,11,5.5,5,8,8,4.5,6,5,7,13,20.5,38,17.5,14,25,16.5,15.5,4,4.5,7,6,5.5,36,8.5,11,7.5,5.5,43,5.5,5.5,6,9.5,4,13,21,26,5.5,3,6.5,3.5,6,13,26.5,5.5,24.5,6.5,8.5,11,9.5,5,10.5,5,7.5,6.5,6.5,47.5,44.5,10.5,8.5,5,4.5,4.5,7.5,5,6,15,5,4,4.5,5,5,7.5,3.5,4.5,6,5,5,4.5,5.5,4.5,3.5,4.5,6,5,4.5,4.5,8.5,5.5,13.5,6,20,17,5.5,5.5,4,3.5,5.5,4,13,13.5,15.5,32,4,15,5.5,5.5,4.5,6.5,4,36,20,7,6,50.5,4.5,4,4,5.5,6.5,6.5,4,4,14,3.5,30.5,31.5,4.5,8.5,5,8.5,5,5,20.5,3,4.5,5,5,6.5,4,4.5,8,4,4,16.5,21.5,6.5,6,26.5,5,9,5,8,28.5,5,5,19,4.5,44,28,4,17.5,6,16,6,2,48.5,4,15,12,4.5,4.5,4.5,4.5,5.5,5,6.5,7.5,4.5,21.5,6.5,4.5,4,5,6,6.5,4.5,13,4.5,6.5,2.5,18.5,32.5,10,27,6.5,7,15.5,26,5.5,25.5,5.5,5,20.5,8,8,11,6,4,7.5,5,4,6,5,4.5,6,7,5.5
"4","control1-late pre-onset",2,1,1,2,1,1,2,1,1,2,2,1,1,1,2.5,1,2,2,4.5,1,1,1,1,3,2,1,2,1,1,1,2,2,1,2,1,3,2,1,1,1,57,4,1,1,1,1,1,1,1,1,2,1,2,2,2,2,1,1,2,1,1,2,1,1,2,1,1,1,1,1,1,1,1,1,1,2,2,1,2,4,1,2,1,1,2,1,1,1,1,1,1,1,1,2,1,1,1,1,2,4,1,1,2,2,1,1,1,2,1,1,2,2,1,1,4,1,2,2.5,2.5,1,1,1,1,1,1,23.5,1,1,1,2,1,1,1,1,1,1,1,2,1.5,7.5,2,1,1,2,7,1,1,2,2,1,1,2,1,1,2,1,1,1,1,1,1,1,1,1,1,1,2.5,2,1,2,2,2,2,1,2,2,1,1,1,1,1,2,1,2,2,1,1,1,2,1,2,2,1,1,1,2,2,1,1,1,1,1,1,1,2,2,1,1,1,1,1,1,3,2,2,5,2,3,1,2,94.5,1,1,1,2,2,2,2,1,1,2,1,2,1,2,1,1,1,1,2,1,1,2,1,1,2,2,1,2,1,1,1,2,1,1,1,1,2,1,1,1,2,1,1,2,2,2,1,1.5,1,1,1,2,1,1,1,128,2,1,1,2,1,2,2,1,1,1,1,2,1,1,1,1,2,2,1,2,1,1,1,1,1,1,1,1,2,1,2,1,2,1,2.5,1,1,1,6.5,1,1,1,1,3.5,1,1,2,2,2,1,2.5
"5","control10-early disease",6,3,14,8,8,8,7,8,10,8,8,9,11,11,62,6,5,6,9,10,12,10,10,7,5,8,6,9,9,11,9,5,8,6,7,54,6,10,7,9,9,10,7,10,9,9,11,10,10,8,8,11,6,8,8,5,12,8,6,6,7,9,9,8,7,13,9,9,8,8,6,10,18,32,9,7,7,8,7,8,7,12,7,8,6,7,9,10,10,10,24,6,7,8,8,6,7,8,6,86,7,11,6,7,24,60,9,7,9,9,8,11,6,7,12,9,7,9,8,8,8,74,31,8,9,10,10,10,8,7,9,7,7,90,9,8,5,9,30,10,5,11,7,6,79,21,9,7,4,12,6,10,10,11,8,10,9,8,8,10,5,10,8,8,7,9,12,102,10,9,8,6,7,8,6,6,9,8,7,8,15,8,8,5,7,10,8,9,7,10,7,5,8,15,7,7,6,9,17,8,8,11,9,9,6,5,5,7,7,9,8,9,11,6,9,10,10,8,12,6,146,11,23,23,11,6,6,6,8,33,6,7,6,10,5,11,12,6,6,5,7,9,7,43,5,6,7,23,11,6,8,8,6,7,9,12,13,8,11,8,10,8,6,19,8,9,8,8,11,12,22,8,6,9,11,3,179,6,8,10,7,8,7,7,10,9,7,8,7,9,18,8,6,6,10,7,7,10,8,7,4,9,24,9,9,10,13,50,12,6,11,9,9,16,9,7,11,30,7,6,9,7,8,8,7,11,10,8
"6","control10-early post partum",4,1,3,5,10,14,4,5,7,5,2,17,1,9,81,1,2,2,1,11,1,1,6,2,4,6,2,1,6,21,2,2,13,2,1,2,2,2,5,6,2,2,1,1,1,4,34,1,3,1,4,1,2,2,5,2,29,5,2,3,3,22,12,17,2,1,4,19,7,10,1,5,1,1,4,2,4,1,2,2,9,13,1,1,4,1,1,8,1,12,1,9,5,5,6,3,3,1,2,67,1,1,4,5,3,1,17,2,6,1,2,19,5,3,1,7,6,2,1,1,16,5,40,17,14,1,21,9,3,4,1,1,1,20,3,3,1,6,44,1,4,1,1,2,4,18,3,2,2,1,8,2,9,1,4,1,3,14,15,3,1,7,5,4,1,4,6,119,3,1,2,4,2,3,2,2,14,3,1,10,1,5,1,2,2,9,11,1,2,1,2,2,1,3,5,2,2,1,1,6,3,21,18,12,4,2,1,1,1,14,14,18,4,2,7,1,1,1,1,2,2,25,1,1,22,2,2,2,5,1,1,1,2,1,4,5,41,1,1,2,1,7,5,1,1,4,2,1,2,1,1,3,2,8,10,26,1,5,12,1,4,2,3,39,6,2,1,13,1,31,4,1,2,18,4,1,15,4,12,11,2,1,2,5,1,1,1,5,2,1,1,1,1,2,2,3,2,1,4,1,1,24,34,7,19,2,1,5,31,2,30,2,1,28,12,1,7,1,1,1,1,1,1,4,2,1,4,2
"7","control10-early pre-onset",2,1,1,2,1,1,2,1,1,2,2,4,1,1,45,1,2,2,1,3,1,1,1,2,2,1,2,1,1,3,2,2,1,2,1,116,2,1,1,1,26,2,1,1,5,1,16,1,1,1,2,1,2,2,2,2,13,1,2,1,1,6,3,4,2,1,1,3,1,3,1,1,1,1,1,2,2,1,2,2,1,3,1,1,2,1,1,1,1,1,1,1,1,2,1,1,1,1,2,77,1,9,2,2,28,53,3,2,1,1,2,1,1,1,5,1,2,2,1,3,3,3,10,3,1,17,6,1,1,2,1,1,1,4,1,1,1,2,18,1,2,1,1,2,1,3,1,2,2,1,1,4,1,1,2,1,1,3,3,1,1,1,1,1,1,1,1,120,1,6,2,2,2,1,2,2,4,1,1,3,1,4,1,2,2,1,3,1,2,1,2,2,1,1,1,2,2,1,1,1,1,4,3,1,2,2,1,1,1,1,1,1,1,2,1,1,1,1,1,2,3,3,3,1,2,2,2,2,1,1,1,1,2,1,2,1,25,1,1,2,1,1,2,24,1,2,2,1,2,1,4,1,2,3,3,10,15,2,1,1,1,2,1,20,2,7,1,4,1,10,3,1,2,6,1,1,3,2,1,1,2,1,2,2,1,4,1,1,2,1,1,12,1,2,2,1,2,1,1,1,1,8,5,1,4,2,3,1,8,2,8,2,1,11,3,1,1,29,1,1,1,1,3,2,2,1,1,2
"8","control10-late pre-onset",6,3,14,8,9,8,7,8,10,8,8,9,11,11,61,6,5,6,9,10,12,10,10,7,5,8,6,9,9,11,9,5,8,6,7,89,6,10,7,9,24,10,7,9,9,9,12,10,11,8,8,7,6,8,8,5,12,8,6,6,7,9,9,9,7,13,9,9,8,8,6,10,5,6,9,7,7,8,7,8,7,12,7,8,6,7,9,10,10,10,26,6,7,8,8,6,7,8,6,101,7,12,6,7,30,58,10,7,9,9,8,11,6,7,12,9,7,9,8,8,9,75,12,8,9,19,10,10,7,7,9,7,7,88,9,8,5,9,20,11,5,11,7,6,80,55,9,7,4,12,6,10,11,11,8,10,9,8,8,10,5,10,9,8,7,9,12,127,10,10,8,6,7,8,6,6,9,8,7,8,23,8,8,5,7,12,8,14,7,10,7,5,8,20,7,7,6,9,10,8,8,10,9,9,6,5,5,7,7,9,8,9,11,6,9,10,10,8,12,6,51,11,32,25,18,6,6,6,8,38,6,7,6,10,5,11,20,6,6,5,7,9,7,47,5,6,7,9,11,6,8,8,6,7,9,13,13,8,11,8,10,8,6,29,8,8,8,8,11,11,7,8,6,9,11,3,178,6,7,9,7,8,7,7,10,9,7,19,7,9,7,8,6,6,11,7,7,10,8,7,4,13,12,9,10,10,13,45,19,6,10,9,9,20,9,7,11,34,7,6,9,7,8,8,7,12,10,8
"9","control11-early disease",2,1,1,2,1,5,2,1,1,2,2,1,1,1,10,1,2,2,1,1,1,1,1,2,2,1,2,1,1,1,2,2,1,2,1,48,2,9,1,1,1,2,1,3,1,1,3,1,1,1,2,1,2,2,2,2,3,1,2,1,1,1,1,1,2,1,1,1,1,1,1,1,1,1,1,2,2,1,2,2,1,1,1,1,2,1,1,1,1,1,1,1,1,2,1,1,1,1,2,64,1,1,2,2,6,18,1,2,1,1,2,1,1,1,1,1,2,2,1,1,1,10,1,1,1,1,1,1,1,2,1,1,1,1,1,1,1,2,3,1,2,1,1,2,35,1,1,4,2,4,1,2,1,1,2,1,1,1,1,1,1,1,1,1,1,1,1,90,1,1,2,2,2,1,2,2,3,1,1,1,1,2,1,2,2,1,1,1,2,1,2,2,1,1,1,2,2,1,1,1,1,3,1,1,2,2,1,1,1,1,1,1,1,2,1,1,1,1,3,2,74,1,1,1,8,2,2,2,1,1,1,1,2,1,2,1,6,1,1,2,1,1,2,19,1,2,2,1,2,1,1,1,2,1,1,1,1,2,1,1,1,2,1,3,2,2,1,1,1,1,1,1,2,3,1,1,114,2,1,1,2,1,2,2,1,1,1,1,2,1,10,1,1,2,2,1,2,1,1,1,1,1,1,1,1,2,1,49,4,2,1,2,1,1,1,1,1,4,1,1,1,1,1,2,2,1,1,2
"10","control11-early post partum",9,3,10,11,25,52,9,10,15,11,8,49,11,25,115,8,5,7,9,22,12,10,14,7,8,21,6,9,13,46,9,5,36,6,7,130,6,10,14,15,24,10,7,9,14,10,73,10,13,8,13,7,6,8,16,5,67,16,7,6,10,34,24,38,12,13,19,41,20,22,6,14,5,6,12,7,12,8,9,8,13,33,8,10,6,7,9,26,10,23,9,15,13,9,9,7,12,8,6,37,7,11,6,9,10,11,45,11,16,15,11,44,8,8,12,21,11,9,8,8,37,12,50,51,33,10,53,21,7,8,11,8,10,37,17,17,5,16,61,10,5,11,7,6,28,27,10,8,4,12,23,12,19,19,10,10,9,36,39,16,5,28,14,8,7,16,34,50,17,9,8,7,7,9,6,9,44,8,7,20,9,16,8,5,7,22,32,9,7,10,7,5,18,11,9,7,7,9,10,20,18,56,48,21,7,6,5,7,7,41,38,47,12,6,17,10,10,8,12,6,8,59,13,11,49,6,6,7,10,8,6,8,6,10,6,27,85,6,7,5,7,16,9,15,10,6,7,9,11,6,8,8,6,17,27,68,26,11,24,14,12,9,7,80,9,8,8,28,12,67,7,8,6,56,16,3,39,11,42,35,8,8,7,9,11,15,7,14,7,9,7,25,6,7,10,9,7,10,19,7,4,60,48,16,30,10,21,34,72,6,68,9,9,65,30,7,21,11,7,6,9,7,11,12,7,11,14,8
"11","control11-early pre-onset",2,1,3,2,1,1,2,1,1,2,2,3,1,1,29,1,2,2,1,1,1,1,1,2,2,1,2,1,1,3,2,2,1,2,1,105,2,1,1,1,1,2,1,3,1,1,5,1,1,1,2,1,2,2,2,2,1,1,2,1,1,1,3,3,2,7,1,3,1,1,1,1,1,1,1,2,2,1,2,2,1,1,1,1,2,1,1,1,1,1,1,1,1,2,1,1,1,1,2,40,1,1,2,2,1,1,3,2,1,1,2,1,1,1,1,1,2,2,1,1,1,3,5,1,1,1,1,1,1,2,1,1,1,2,1,1,1,2,6,1,2,1,1,2,21,1,1,2,2,4,1,2,1,1,2,1,1,1,1,1,1,1,1,1,1,1,1,4,1,1,2,2,2,1,2,2,1,1,1,1,1,2,3,2,2,1,1,1,2,1,2,2,1,1,1,2,2,1,14,1,1,1,3,1,2,2,1,1,1,1,1,3,1,2,1,1,1,1,1,2,105,1,3,1,6,2,2,2,1,1,1,1,2,1,2,1,7,1,1,2,1,1,2,1,1,2,2,1,2,1,1,1,2,1,1,1,16,2,1,1,1,2,1,5,2,2,1,1,1,1,4,1,2,1,1,1,156,2,3,1,2,1,2,2,1,2,1,1,2,1,1,5,1,2,2,1,2,1,1,1,1,1,6,3,3,2,12,6,1,2,4,2,1,3,3,1,1,4,1,1,1,1,1,2,2,7,1,2
"12","control11-late pre-onset",2,1,1,2,1,1,2,1,1,2,2,1,1,1,7,1,2,2,1,1,1,1,1,2,2,1,2,1,1,1,2,2,3,2,1,8,2,1,1,1,1,2,1,4,1,1,1,1,3,3,2,1,2,2,2,2,1,1,2,1,1,1,1,1,2,1,1,1,1,1,1,1,1,1,1,2,2,1,2,2,1,1,1,1,2,1,1,1,1,1,1,1,1,2,1,1,1,1,2,91,1,1,2,2,1,1,3,2,1,1,2,1,1,1,1,1,2,2,1,1,1,3,1,1,1,1,1,1,1,2,1,1,1,1,1,1,1,2,2,1,2,1,1,2,23,5,1,2,2,9,1,2,1,1,2,1,1,1,1,1,1,1,1,1,1,1,1,7,1,1,2,2,2,1,2,2,1,1,1,1,1,2,1,2,2,1,1,7,2,1,2,2,1,1,1,2,2,1,1,1,1,1,1,1,2,2,1,1,1,1,1,1,1,2,1,1,1,1,3,2,113,1,5,1,7,2,2,2,1,1,1,1,2,1,2,1,1,1,1,2,1,1,2,1,1,2,2,1,2,1,1,1,2,1,1,1,1,2,1,1,1,2,8,3,2,2,1,1,1,1,1,1,2,1,1,1,159,2,1,1,2,1,2,2,1,1,1,1,2,1,1,1,1,2,2,1,2,1,1,1,1,4,2,1,1,2,1,11,3,2,1,2,1,1,1,1,1,1,1,1,1,1,1,2,2,1,1,2
"13","control12-early disease",2,1,3,2,1,1,2,1,1,2,2,3,1,1,23,1,2,2,1,1,5,1,1,2,2,1,2,1,1,3,2,2,1,2,1,88,2,1,1,1,1,2,1,1,1,1,1,1,1,1,2,6,2,2,2,2,3,1,2,1,1,1,1,1,2,4,1,3,1,1,1,1,20,27,1,2,2,1,2,2,1,8,1,1,2,1,1,1,8,1,11,1,1,2,1,1,1,10,2,43,1,9,2,2,8,48,1,2,1,1,2,1,1,1,1,1,2,2,1,1,1,59,7,1,3,1,1,1,1,2,1,1,1,9,3,1,1,2,9,1,2,17,1,2,5,1,1,2,2,1,1,2,1,1,2,1,1,1,1,1,1,1,1,1,1,1,1,80,1,1,6,2,2,1,2,2,1,1,1,1,6,2,34,2,2,1,1,2,2,4,2,2,1,10,1,2,2,1,4,1,1,1,1,1,2,2,1,1,5,1,1,1,3,2,1,1,1,1,3,2,49,3,8,9,2,2,2,2,3,25,5,1,2,1,2,1,2,1,1,2,1,1,2,32,1,2,2,17,2,18,1,1,2,1,1,1,4,2,3,1,1,2,1,4,2,2,57,1,1,3,11,1,2,3,1,1,68,2,1,1,2,1,2,2,1,1,1,1,2,1,1,1,1,2,4,1,6,1,1,1,8,4,3,1,3,2,12,1,4,2,1,2,1,4,1,1,1,5,1,1,1,1,1,2,2,6,1,2
"14","control12-early post partum",11,3,9,8,19,29,8,11,15,8,8,47,11,23,129,8,5,6,9,34,12,18,13,7,8,16,13,29,16,62,9,5,49,7,7,20,7,10,7,12,40,10,11,15,9,16,69,10,17,27,8,7,7,8,8,6,61,10,6,6,10,66,26,33,7,17,17,49,37,20,8,17,5,7,10,7,7,21,8,8,7,79,16,13,7,10,29,39,10,55,9,12,10,8,8,7,7,8,7,35,7,11,7,7,10,11,45,9,10,9,8,43,10,10,12,26,7,9,8,8,29,21,91,42,47,16,44,31,7,7,10,9,10,76,15,26,5,11,98,10,5,11,7,6,12,44,28,11,4,12,6,10,30,33,9,11,10,31,34,18,7,21,9,21,9,13,54,63,26,13,8,7,7,21,8,8,36,11,9,8,9,11,17,5,7,15,27,10,9,10,7,6,17,11,14,7,7,11,10,24,16,58,39,15,6,9,6,9,7,34,36,36,44,6,34,10,10,8,12,6,38,62,13,11,62,6,6,8,10,8,6,11,8,16,7,42,74,7,6,6,9,15,9,10,11,6,7,9,11,7,12,15,6,7,26,77,12,9,65,10,12,15,16,69,9,8,16,18,53,74,7,19,7,46,22,3,59,8,43,32,8,20,7,7,11,9,9,13,7,12,7,8,6,8,10,12,7,33,15,12,4,58,84,18,62,10,13,19,67,11,61,9,9,59,31,7,27,11,7,7,9,7,12,8,7,16,20,8
"15","control12-early pre-onset",3,1,4.5,2,4,4,2,1,3,2,2,6,1,4.5,43,3,2,2,1,5,5,2,2.5,2,2,2,2,7,1,10,2,2,6.5,2,3.5,89,2,1,1,1,49.5,2,3.5,3,5.5,4,15,1,1,9,2,2,2,2,2,2,11.5,2,3,1,1,10.5,3,5.5,2,9,4,7.5,6,3.5,1,3.5,2.5,7.5,2,2,2,8.5,2,2,1,23,2,2,2,1,8.5,7,1,7.5,1,1,1,3,1,1,3,1,2,15.5,1,5.5,2,3,3.5,52.5,8.5,2,2,6,2,4.5,2,3,2,4,2,2,1,1,4,15.5,22.5,6.5,6,7.5,6.5,2.5,1,2,2,1,2,18.5,3,5.5,1,3,24.5,1,2,5,1,3,6.5,6,4.5,2,2,1,1,3.5,5,8,2,1.5,1,6,5.5,4,2,3,1,2.5,2,1,15,11.5,3.5,2,2,3,2,3.5,2,3,8,2,1,1,1,2,16,2,2,3,2.5,1.5,3,1,2,2,2,1,2,2,3,4,2,1,2.5,9.5,4.5,3,2,3,1,3.5,1,6,4,6.5,13.5,2,6,1.5,2,1,1,2,81,11.5,1,3.5,14.5,2,3.5,2,3,3.5,2,3,2,2.5,2,13,18,3,1,2,1,1,2,14.5,1,3,2,2,2,6.5,1,3.5,2,1,4,13,12.5,3,12,1,1,3.5,2.5,17.5,2,6,15,3,16,16,1,6.5,3,7.5,2,1,97.5,2,5,4,2,5,2,2,1,6.5,1,1,2,1.5,1,9,1,2,2,2,2,7,2.5,2.5,1,8.5,18.5,2.5,11,2,8,2.5,13,3,11.5,2,1,12,6.5,1,3,3,1,2,1,3.5,4,2,2,5.5,4.5,2
"16","control12-late pre-onset",2,1,1,2,1,1,2,1,1,2,2,1,1,1,32,1,2,2,1,1,30,1,1,2,2,1,2,1,1,1,2,2,1,2,1,59,2,1,1,1,1,2,1,1,1,1,1,1,1,1,2,8,2,2,2,2,3,1,2,17,1,4,1,1,2,8,1,1,1,1,1,1,10,29,1,2,2,1,2,2,1,7,1,1,2,1,1,1,6,1,10,1,1,2,1,1,1,7,2,80,1,1,2,2,6,14,1,2,1,1,2,1,1,1,1,3,2,2,1,1,1,53,11,1,1,1,1,1,1,2,1,1,1,1,1,1,1,2,6,1,2,4,1,2,17,1,1,2,2,10,1,2,1,1,2,1,1,1,1,1,1,1,1,1,1,1,1,64,1,1,5,2,2,1,2,2,1,1,1,1,10,2,1,2,2,1,1,1,2,1,2,2,1,6,1,2,2,1,7,1,1,1,1,1,2,2,1,1,1,3,1,1,1,2,3,1,1,1,4,2,99,1,11,7,2,2,2,2,1,18,1,1,2,1,2,1,2,1,1,2,1,1,2,17,1,2,2,18,2,14,1,1,2,1,1,3,1,2,3,1,1,2,1,1,2,2,46,1,1,1,9,1,2,1,1,1,127,2,1,1,2,1,2,2,1,1,1,1,2,1,1,1,1,2,2,1,2,1,1,1,1,1,9,1,4,2,9,1,1,2,4,2,1,5,3,1,1,5,1,1,1,1,1,2,2,13,1,2
"17","control13-early disease",2,1,4,2,1,1,2,1,1,2,2,1,1,1,14,1,2,2,1,1,1,1,1,2,2,1,2,1,1,3,2,2,1,2,1,6,2,1,1,1,2,2,1,1,1,1,3,1,1,1,2,12,2,2,2,2,3,1,2,1,1,3,1,3,2,3,1,1,1,1,1,1,12,28,1,2,2,1,2,2,1,6,1,1,2,1,3,1,15,3,13,1,1,2,1,1,1,7,2,118,1,1,2,2,1,40,4,2,1,1,2,1,1,1,1,1,2,2,1,1,1,57,3,3,3,1,1,1,1,2,1,1,1,10,1,1,1,2,8,1,2,12,1,2,3,1,1,2,2,14,1,2,1,1,2,1,1,1,1,1,1,1,1,1,1,1,1,75,1,1,9,2,2,1,2,2,1,1,1,1,20,2,1,2,2,1,1,1,2,5,2,2,1,10,1,2,2,1,5,1,1,1,1,1,2,2,1,1,1,1,1,1,1,2,1,1,1,1,18,2,80,1,30,17,1,2,2,2,1,24,3,1,2,1,2,1,6,1,1,2,1,1,2,4,1,2,2,17,2,23,1,1,2,1,1,1,1,2,3,1,1,2,1,1,2,2,40,1,1,1,14,1,2,1,1,1,97,2,1,1,2,1,2,2,1,1,1,1,2,1,3,1,1,2,7,1,2,1,1,1,1,1,2,1,3,2,1,4,1,2,1,2,1,3,1,1,1,1,1,1,1,1,1,2,2,4,1,2
"18","control13-early post partum",4,4.5,5,5,4.5,6.5,4.5,4.5,5.5,5,6.5,8.5,6,6.5,77.5,3.5,3.5,4,12,7,11.5,5.5,5.5,5.5,3.5,6,5,11.5,5,18.5,5.5,3.5,11,4,4,24,4,5.5,4,5,83.5,8.5,4,7,5,7.5,27,5.5,5.5,12,5,4,4,5,5,3.5,21,5,6,3.5,4,19.5,6,8.5,4.5,6.5,5,15,10.5,4.5,4.5,6.5,3,3.5,6,7.5,4.5,12.5,4.5,9,4,33.5,5,4.5,4,4,11,11,5.5,14,5,3.5,5,5,4.5,4.5,4,4.5,4,7,4,6,4,4.5,5.5,6,14,4.5,6,5,5,9,3.5,4,18.5,6,4.5,10.5,7.5,10,6,7,39,6.5,11,42.5,10.5,5.5,4,4.5,5,5,4,25.5,6,15,3,5.5,44.5,6.5,4,6,4,4,8,9,7,5,3,6.5,3.5,6,11,12,6,5.5,5,8,10,6,4,5.5,4.5,4.5,4,5,21.5,10,6,18,5,4,6,7.5,4,4,9.5,4.5,4,4.5,5,5,15.5,3.5,5,6,4.5,5.5,5.5,5.5,4.5,3.5,4.5,6,4.5,4.5,5,6,5.5,5,4.5,15.5,6.5,5,4,3.5,10,4,4,5,5,8,23,4,8,15,9.5,8.5,6.5,4,6,18.5,7,6,15,4,4,5,4.5,4.5,3.5,4,4,5.5,3.5,18,33.5,3.5,3.5,3.5,4,5,4.5,6.5,3,4,4.5,5,6.5,3.5,12,17.5,4,4,8.5,24.5,7.5,5,14.5,5.5,5.5,6,3.5,27.5,5,5,5.5,4.5,22.5,26.5,4,7,4,10,6.5,5,17,4,10.5,6,4.5,8.5,4.5,4.5,7.5,5,4,4.5,4.5,16,5,5,8.5,4,6,5,4.5,9,4.5,4,2.5,13.5,33.5,5,19.5,11,7,11,23,4,19.5,10,5,17,7.5,11.5,7,6,4,4,11.5,4,4.5,5,4.5,6,6.5,8.5
"19","control13-early pre-onset",4,3,11,5,7,9.5,4.5,4.5,5.5,5,5,5.5,6,6,54,3.5,3.5,4,6.5,8.5,10.5,6.5,6,4.5,3.5,5,4,10,5,13,5.5,3.5,7.5,4.5,4.5,80,4,5.5,4,5,53.5,7,5,7.5,7.5,5,18.5,5.5,6,12.5,5,4,4,5,5,3.5,17,4.5,4,3.5,4,15.5,7,12,4.5,10,5,14,5,5,3.5,5.5,3,5.5,5.5,4.5,4.5,11,4.5,7,4,26.5,4,4.5,4,4.5,12.5,8,5.5,11,5,6,4.5,5,5,4,4,4.5,4,35,4,6,4,4.5,6,15,12,4.5,5,9.5,5,10.5,3.5,5.5,14,8,4.5,7.5,5,4.5,6.5,10.5,28.5,11,8.5,27.5,9.5,6,4.5,4.5,6.5,4,4.5,49,6,12,3,5.5,31,7.5,3.5,6,4,4,10.5,33,8.5,5,3,7.5,3.5,7.5,9.5,13.5,5,5.5,5.5,6,7.5,5.5,3,7.5,4.5,5.5,4,5.5,23,16,5.5,7.5,5,5.5,4.5,5,4.5,4,6,4.5,4.5,4.5,5,5,10.5,3.5,5.5,15.5,7.5,7.5,4.5,5.5,4.5,3.5,4.5,6,4,4.5,4.5,5,7.5,7.5,4.5,14,9,5.5,4.5,4,3.5,4.5,4,5.5,6,9,18.5,4,8.5,8,7.5,6.5,8,4,105,15,8,6,32,4,4.5,4,4.5,4.5,3.5,4,4,5.5,4,16.5,22,3.5,3.5,3.5,4,5.5,4.5,24.5,3,4,4.5,5,6.5,3.5,4.5,5.5,4,4,9,17.5,12,7,18.5,4.5,5.5,5,4,20.5,5,5,5,4.5,21,20.5,4,9,4,12,6,3.5,128.5,4,10,10,4.5,7.5,4.5,4.5,5.5,10.5,4.5,5,4.5,8,4,13.5,3.5,4.5,6,4.5,4.5,10,6,4,2.5,12,22,5.5,14.5,9,7.5,6.5,17.5,4.5,15,6,5,16,10,10,8,6,4,4.5,8.5,4,7.5,5,4.5,6.5,5.5,6.5
"20","control13-late pre-onset",2,1,3,2,1,1,2,1,1,2,2,3,1,1,18,1,2,2,1,1,1,1,1,2,2,1,2,1,1,1,2,2,3,2,1,86,2,1,1,1,3,2,1,1,1,1,1,1,1,1,2,9,2,2,2,2,1,1,2,1,1,1,1,1,2,1,1,3,1,1,1,1,8,19,1,2,2,1,2,2,1,3,1,1,2,1,1,1,6,1,8,1,1,2,1,1,1,5,2,107,1,1,2,2,14,33,1,2,1,1,2,1,1,1,1,1,2,2,1,1,3,45,2,1,3,1,1,1,1,2,1,1,1,4,1,1,1,2,8,1,2,9,1,2,16,1,1,2,2,14,1,2,1,1,2,1,1,3,1,1,1,1,1,1,1,1,1,95,1,1,7,2,2,1,2,2,1,1,1,1,13,2,3,2,2,1,1,1,2,3,2,2,1,3,1,2,2,1,23,1,1,1,1,1,2,2,1,1,1,1,1,1,2,2,1,1,1,1,20,2,106,1,21,13,1,2,2,2,1,11,1,1,2,1,2,1,1,1,1,2,1,1,2,34,1,2,2,13,2,21,1,1,2,1,1,1,2,2,1,1,1,2,3,1,2,2,32,1,3,3,4,1,2,1,1,1,129,2,1,1,2,1,2,2,1,1,1,1,2,1,1,1,1,2,4,1,2,1,1,1,1,1,2,1,1,2,6,3,3,2,1,2,1,1,1,1,1,20,1,1,1,1,1,2,2,4,1,2
"21","control14-early post partum",7,3,9,10,24,53,12,9,16,13,8,54,11,28,120,7,5,7,9,20,12,10,21,7,6,18,6,16,16,53,9,7,43,6,7,33,6,10,16,12,9,10,15,13,9,9,78,10,14,8,12,7,6,8,14,5,73,11,8,6,13,55,33,44,8,12,21,46,22,29,6,13,5,6,12,7,10,19,12,8,20,35,7,9,7,7,9,21,10,34,9,18,12,9,11,6,13,8,6,28,7,11,6,7,10,11,58,9,13,9,8,48,10,8,12,31,13,9,8,8,43,16,92,54,46,10,57,29,8,7,9,10,8,45,16,14,5,17,67,10,5,11,8,6,33,44,18,8,4,12,17,10,34,11,9,10,11,42,43,17,5,24,16,9,7,16,33,46,20,9,8,8,7,18,7,6,43,8,7,22,9,12,9,5,7,27,33,9,7,10,7,5,19,11,14,11,7,10,10,29,20,68,52,25,8,5,5,7,7,43,43,49,28,6,29,10,10,8,12,6,22,68,13,12,42,6,6,6,10,8,6,14,8,11,5,27,89,6,6,5,7,15,7,15,9,6,7,9,11,6,8,9,6,19,28,71,12,13,30,11,12,8,9,82,11,8,8,29,19,81,7,8,6,58,19,3,57,13,50,38,11,8,7,9,16,9,7,20,7,9,8,8,6,7,10,8,7,10,15,8,4,64,70,25,39,10,13,34,75,6,71,9,9,70,21,7,20,11,7,6,9,7,8,13,7,11,10,8
"22","control14-early pre-onset",2,1,1,2,1,3,2,1,1,2,2,1,1,1,45,1,2,2,1,1,1,1,1,2,2,1,2,1,1,3,2,2,4,2,1,100,2,1,1,1,5,2,1,1,3,1,14,1,1,1,2,1,2,2,2,2,10,1,2,1,1,1,1,1,2,1,1,3,3,1,1,1,1,1,1,2,2,1,2,2,1,1,1,1,2,1,1,1,1,1,1,1,1,2,1,1,1,1,2,63,1,2,2,2,9,59,1,2,1,1,2,3,1,1,1,1,2,2,1,1,3,1,14,1,1,1,4,1,1,4,1,1,1,15,1,1,1,2,11,1,2,1,1,2,1,3,1,2,2,1,1,2,1,1,2,1,1,3,1,1,1,1,1,1,1,1,1,124,1,3,2,2,2,1,2,2,1,1,1,1,1,2,1,2,2,1,1,1,2,1,2,2,1,1,1,2,2,1,1,1,3,7,5,4,2,2,1,1,1,3,1,3,1,2,1,1,1,1,1,2,2,5,1,1,1,2,2,2,1,1,1,3,2,1,2,1,21,1,1,2,1,1,2,3,1,2,2,1,2,1,1,1,2,1,1,7,2,2,1,1,1,4,1,18,2,2,1,3,1,5,1,1,2,3,1,1,3,2,3,1,2,1,2,2,1,2,1,1,2,1,1,2,1,2,2,1,2,1,1,1,1,1,9,1,4,2,3,1,16,2,9,2,1,4,4,1,1,6,1,1,1,1,3,2,2,1,1,2
"23","control14-late pre-onset",2,1,2,2,1,1,2,1,1,2,2,1,2,1,16.5,1,2,2,1,1,1,1,1,2,2,1,2,1,1,2,2,2,2,2,1,3,2,28.5,1,1,2,2,1,49,1,1,2,1,1,1,2,1,2,2,2,2,2,1,2,1,1,3,1,1,2,3,1,1,1,1,1,1,1,2,1,2,2,1,2,2,1,1,1,1,2,1,1,1,1,1,8.5,1,1,2,1,1,1,1,2,5.5,1,1,2,2,9,11,2,2,1,1,2,2,1,1,1,1,2,2,1,1,1,46,2,1,1,1,2,1,1,2,1,1,1,32.5,1,1,1,2,4,1,2,1,1,2,54.5,2,1,2,2,1,1,2,1,1,2,1,1,1,2,1,1,1,1,1,1,1,1,61.5,1,1,2,2,2,1,2,2,1,1,1,1,3.5,2,1,2,2,1,1,1,2,1,2,2,1,7.5,1,2,2,1,1,1,1,1,1,2,2,2,1,1,1,1,1,1,1,2,1,1,1,1,1,2,35,3,3.5,4.5,100.5,2,2,2,1,8,1,1,2,1,2,1,5.5,1,1,2,1,1,2,8,1,2,2,2,5.5,1,1,1,2,1,1,1,2.5,3,1,1,1,2,1,3,2,2,1,3.5,1,2,2,1,2,1,1,1,87,2,1,1,2,1,2,2,1,1,1,1,2,1,1,1,1,2,2,1,2,1,1,1,1,3.5,3.5,2,1,2,1,18.5,2,2,3,2,1,2.5,2,1,1,8.5,1,1,1,1,1,2,2,1,1,2
"24","control15-early disease",2,1,1,2,1,1,2,1,1,2,2,1,1,1,7.66666666666667,1,2,2,1,1,1,1,1,2,2,1,2,1,1,1.66666666666667,2,2,1,2,1,62,2,1,1,1,2.66666666666667,2,1,1.33333333333333,1,1,1,1,1,1,2,1,2,2,2,2,1,1,2,1,1,1,1,1,2,1,1,1,1,1,1,1,1,1,1,2,2,1,2,2,1,3,1,1,2,1,1,1,1,1,1,1,1,2,1,1,1,1,2,42.3333333333333,1,3.33333333333333,2,2,1,31.6666666666667,1,2,1,1,2,1.66666666666667,1,1,1,1,2,2,1,1,1,1,3.33333333333333,1,1,1.33333333333333,1,1,1.66666666666667,2,1,1,1,3,1,1,1,2,3.66666666666667,1,2,1,1,2,11.3333333333333,1,1,2,2,7.66666666666667,1,2,1,1.66666666666667,2,2,1,1,1,1,1,1,1,1,1,1,6.33333333333333,6.66666666666667,1,1,2,2,2,1,2,2,1,1,1,1,1,2,1,2,2,1,1,1,2,1,2,2,1,1,1,2,2,1,5.66666666666667,1,1,1,1,1,2,2,1,1,1,1,1,1,2.33333333333333,2,1,1,1,1,8,2,112.666666666667,1,8.66666666666667,1,1.33333333333333,2,2,2,1,1,1,1,2,1,2,2,1,1,1,2,1,1,2,1.66666666666667,1,2,2,1,2,1,1,1,2,1,1,2,3,2,2,1,1,2,1,1.66666666666667,2,2.66666666666667,1.66666666666667,1,3.33333333333333,2.33333333333333,1,1.66666666666667,2,1.66666666666667,1,1,147.666666666667,2,1.66666666666667,1,2,1,2,2,1,2,1,1,2,1,1,1.66666666666667,1.66666666666667,2,4.33333333333333,1,2,1,1,1,1,1,2.66666666666667,1,1,2,2,8.66666666666667,1,2,1,2,1,1.66666666666667,1,1,1,3.66666666666667,1,1,1,1,1,2,2,1,1,2
"25","control15-early post partum",10,3,9,13,30,51,11,16,23,12,8,50,11,30,131,9,5,7,9,37,12,10,19,7,7,23,6,9,17,51,9,9,54,6,7,10,6,11,11,14,27,10,7,10,9,10,79,10,14,8,12,7,6,8,16,5,72,16,7,6,7,61,31,45,9,12,17,50,26,32,6,15,5,6,12,7,11,34,10,8,16,41,9,11,6,7,9,31,10,38,9,17,10,14,10,6,15,8,6,44,7,11,6,7,10,11,59,9,13,9,8,50,8,9,12,18,9,9,8,8,44,16,53,53,55,10,56,25,11,11,10,9,8,46,11,9,5,12,62,10,5,11,7,6,28,48,19,8,4,12,16,10,42,12,9,24,9,43,41,19,5,19,12,12,7,15,37,44,20,14,8,7,7,13,7,8,45,8,7,18,9,15,8,5,7,28,31,9,8,10,7,5,19,11,10,12,6,9,10,22,20,65,50,28,7,6,5,7,7,49,42,49,31,6,19,10,10,8,12,6,55,72,13,11,56,6,6,7,10,8,6,18,6,10,7,27,88,6,6,5,7,19,12,15,13,7,7,9,11,6,8,8,6,15,23,58,12,12,28,12,10,9,7,84,13,8,8,26,19,65,7,9,6,57,16,3,74,10,48,40,9,8,8,10,10,9,7,22,7,9,7,8,6,7,10,7,7,11,17,7,4,67,59,29,60,10,13,36,74,6,72,9,9,72,22,7,21,11,7,6,9,7,8,12,7,12,15,8
"26","control15-late pre-onset",2,1,2.5,2,2.5,6.5,3.5,2,4,3.5,2,7.5,1,2.5,39.5,1,2,2,1,2.5,1,1,4,2,3,2.5,2,1,2.5,9,2,2,6,2,1,95,2,1,3.5,1,1.5,2,2,1,2,1,17,1,2.5,1,2,1,2,2,2,3,14.5,2,3,1,2,11,4.5,8,3.5,8.5,2,8,3.5,6.5,1,2,1,1,2,2,3,1,2,2,3.5,9.5,1,2.5,2,1,1,3.5,1,7,1,2,3,2,3.5,1,2,1,2,3,1,3.5,2,2,1,18.5,8.5,4,3.5,1,2,9,3,2,1,4,3.5,2,1,3,7,4,19.5,8.5,6.5,1,10.5,3.5,1,4,2,1,1,8.5,2.5,1,1,3.5,23,1,2,1,1,2,15.5,9,2,2,2,1,5,3,6.5,1,2,1,1,7.5,7,7,1,2.5,3,2.5,1,4,1.5,3,2,6.5,2,2,2,2,2,3,6.5,1,1,4,1,3.5,1,2,2,5,5.5,1.5,2,1,2,2,3,1,2,2,2,2,1,3,2.5,10,8.5,6,2,2,1,1,1,6.5,7,8,2.5,2,3,1,1,1,1,2,89.5,12,2,1,7,2,2,2,2,1,1,2,3,1,2,3.5,20,1,2,2,1,4,2,2.5,2,2,2,1,2,2.5,5.5,2,2,5,4.5,12.5,6.5,2,5.5,1,1,2,1,20,3,2,1,7.5,1.5,15,1,1,2,9,1,1,144.5,3.5,7.5,7,3,1,2,2,2,4,1,8,2,1,1,7,3,3,2,2,2,1,3.5,1,1,11.5,16.5,4.5,9,2,5,3,15,3,14,2,1,14,3,1,4.5,1,1,1,1,1,3.5,4,2,7.5,2.5,2
"27","control16-early disease",2,1,5.5,2,1,1,2,1,1,2,2,1,9.5,1,3.5,1,2,2,1,1,10.5,1,1,2,2,1,2,1,1,1,2,2,1,2,1,8,2,7,1,1,4.5,2,1,22,1,1,1,1,1,1,2,3,2,2,2,2,1,1,2,1,1,1,1,1,2,1,1,1,1,1,1,1,13.5,13,1,2,2,1,2,2,1,1,1,1,2,1,2,1,8,1,18.5,1,1,2,1,1,1,15.5,2,78.5,1,1.5,2,2,1,36,1,2,1,1,2,1,1,1,1,1,2,2,1,1,1,53.5,2,1,1,2.5,1,1,1,2,1,1,1,13.5,1,1,1,2,2,1,2,6.5,1,2,22.5,1,1,2,2,1,1,2,1,1,2,1,1,1,1,1,1,1,1,1,1,1,2,28,1,1,3.5,2,2,1,2,2,1,1,1,1,11.5,2,1,2,2,1,1,1,2,14,2,2,1,3.5,1,2,2,1,3,1,1,1,2,1,2,2,1,1,1,1,1,1,1,2,1,1,1,1,1,2,16.5,1,12,8,107.5,2,2,2,1,22,1,1,2,1,2,1,1,1,1,2,1,1,2,4,1,2,2,5.5,7.5,11.5,1,1,2,1,1,1,1,2,1,1,1,2,1,1,2,2,42.5,1,2,1,10,1,2,1,1,1,29.5,2,1,1,2,1,2,2,1,1,1,2,2,1,1,1,1,2,2,1,2,1,1,1,1,1,1,1,2,2,1,1,1,2,1,2,1,1,1,1,1,3.5,1,1,1,1,1,2,2,6,1,2
"28","control16-early post partum",8,3,10,8,10,36.5,7,8,12,9.5,8,31.5,11,18.5,101.5,7,6,6,9,24.5,33,22,17,7,5.5,12.5,7,45.5,11.5,39.5,9,5.5,38,6.5,11,58,10.5,10,7,9.5,61,10,7,12,9,16.5,50,10.5,13,37.5,8.5,7,6,8,9,6.5,48,8.5,8,6.5,11,48,20,20.5,7,14.5,18,31.5,31.5,15,13,12,5,8,14.5,7,7,41.5,7,8,7,61.5,16,9,7.5,17,43,20,10,41.5,9,7,8,8,12.5,9.5,7,8,6,97,7.5,11.5,8.5,9.5,10,12,35.5,9,12,9,11,30,7.5,8.5,12,13,7,9,8.5,8.5,20,26.5,65.5,32,26,21,36,19,7,7,10,8,10.5,66,11.5,26.5,10,9.5,76,10,5.5,11,10.5,6,27,41.5,42.5,7,4,12,9.5,10,31,50.5,9,41,10,22.5,19,16,7.5,19.5,8.5,15,13.5,13,77,59,19,15,8,7.5,8.5,13,6,7.5,29,9,9,8.5,9,8.5,24,7,7,15,20.5,9,10.5,10,7,6.5,11.5,11,7.5,7,6.5,15.5,10,28,14.5,39.5,24,14,7,5,5.5,11,7,25.5,22,27,56,6,26.5,10,10.5,8,12,9,86.5,47.5,13,11,73.5,7,6,8,10.5,9,7.5,7,6.5,17.5,5.5,56.5,59.5,13,16,8,14.5,11,7,29.5,5.5,9,7,9,11,6.5,10,18,6,7,26.5,46.5,12.5,8.5,49,8.5,13,8,16,61.5,8.5,8,27,10,65,46,7,32,9,26.5,14.5,3,111.5,6,27,23,8,8,7.5,7,13.5,9,16,16,7.5,34.5,7,8,7,7,10,11.5,7,20.5,11,11,4,32.5,62.5,13.5,48,10,13,21,49.5,7.5,46.5,9,9,49.5,18,7,19.5,11,7,17.5,9,7.5,9.5,8,7,18,18.5,8
"29","control16-early pre-onset",2,1,2,2,2,6,3.5,1,1,2,4,6.5,1,4.5,68.5,2,2,2,1,4,13.5,6,1,2,2,2.5,3,13,3,11,2,3,8,2,5,8,3.5,18,1,4,24,2,1,34,1,4.5,17.5,1,3.5,7,2,1,2,2,3.5,2,14.5,1,2,1,2,18,2.5,5,2,7,3,9,8.5,2.5,3,3,1,1,4,2,2,9.5,2,2,1,32,3.5,1,2,3,15,4,1,11.5,9.5,2,1,2,3,2,2,1,2,8.5,1,1,3.5,2,1,2,8,2,2,1,3.5,4.5,2,1,1,3,2,2,1,3,3.5,32.5,33,8,6.5,2.5,8.5,4,1,2,3,3,3,28,3,7.5,2.5,2,39.5,1,3,1,3.5,2,41,9.5,12.5,4,2,1,1,2,5.5,18,3,13,3,4,5.5,3.5,1,3,3,3.5,3.5,3.5,35.5,15,3,2,2,2,3.5,2.5,2,2,8.5,3,3.5,1,1,2,7.5,2,2,2.5,4,1.5,2,1,2,2,3,1,3,2,2,3.5,1,6,2.5,11.5,5.5,3.5,3,3,2,1,1,4.5,3.5,6,20.5,3.5,4.5,1,1,1,1,3.5,75.5,11,1,2.5,61,2,3,3.5,3.5,15,2,1,2,5,2,22,25,1,3,3,4.5,1,3,15,2,3,2,1,3.5,1,1,4.5,2,1,7,17,1,2,19,3,3.5,2,10,18,3,2,6,1,30,17.5,1,6,3.5,8.5,4.5,1,100.5,2,8,3,3,1,2,2,2,1,3.5,3,4,7,1,1,2,2,2,2,2,5,1,2,1,8.5,27.5,2,15.5,2,1,6.5,18.5,3.5,13,2,2,17.5,4.5,1,5.5,1,1,3,1,1,1,2,4,5.5,3,2
"30","control16-late pre-onset",2,1,3.5,2,1,1,2,1,1,2,2,1,3,1,18.5,1,2,2,1,2,1,1,1,2,2,1,2,1,1,2,2,2,2,2,1,8.5,2,16,1,1,26.5,2,1,41.5,1,1,3,1,1,1,2,1,2,2,2,2,2,1,2,1,1,2,1,1,2,1,1,1,1,1,1,1,9,1,1,2,2,1,2,2,1,1,1,1,2,1,1,1,7.5,1,24,1,1,2,1,1,1,7.5,2,56,1,1,2,2,1,14.5,2,2,1,1,2,1,1,2,2,2,2,2,1,2,1,62.5,4.5,1,1,8,1,1,1,2,1,1,1,4,1,1,1,2,7.5,2,2,4.5,1,2,38,1,1,2,2,1,1,2,1,1,2,1,1,1,1,1,1,1,1,1,1,1,2.5,22.5,1,3.5,2,2,2,1,2,2,1,1,1,1,11,2,1,2,3,1,1,1,2,8,2,2,1,4,1,2,2,1,1,1,1,1,1,1,2,2,2.5,1,1,1,1,1,1.5,2,1,1,1,1,1,2,26.5,2,10,7.5,102,2,2,2,1,29,1,1,2,1,2,1,2.5,1,1,2,1,1,2,1,1,2,2,2,8,1,2,1,2,1,1,2,1,2,2,1,1,2,1,4,2,2,24.5,1,2.5,2,1,1,2,1,1,1,46,2,1,1,2,1,2,2,1,1,1,1,2,1,1,1,1,2,2,3,2,1,1,1,1,1,4,1,2.5,2,2,3,2,2,2,2,1,1,1,1,1,1,1,1,1,1,1,2,2,1,1,2
"31","control17-early disease",2,1,4,2,1,3,2,1,1,2,2,1,1,1,21,1,2,2,1,1,1,1,1,2,2,1,2,1,1,3,2,2,1,2,1,6,2,1,1,1,2,2,1,1,1,1,3,1,1,1,2,1,2,2,2,2,1,1,2,1,1,5,1,1,2,7,1,4,1,1,1,1,1,1,1,2,2,1,2,2,1,1,1,1,2,1,1,1,1,1,19,1,1,2,1,1,1,1,2,81,1,1,2,2,26,5,1,2,1,1,2,1,1,1,1,1,2,2,1,1,1,66,2,1,1,1,3,1,1,2,1,1,1,80,1,1,1,2,7,1,2,1,1,2,77,1,1,2,2,10,1,2,1,1,2,1,1,1,1,1,1,1,1,1,1,1,1,96,1,1,2,2,2,1,2,2,1,1,1,1,17,2,1,2,2,1,1,1,2,1,2,2,1,16,1,2,2,1,25,1,1,1,1,1,2,2,1,1,1,1,1,1,1,2,1,1,1,1,1,2,59,3,15,19,1,2,2,2,1,23,1,1,2,1,2,1,4,1,1,2,1,1,2,38,1,2,2,1,2,1,1,1,2,1,3,1,2,2,1,1,1,2,1,1,2,2,1,3,1,3,1,1,2,1,1,1,106,2,3,1,2,1,2,2,1,1,1,1,2,1,1,1,1,2,2,1,2,1,1,1,1,1,1,1,1,2,1,10,4,2,1,2,1,3,1,1,1,32,1,1,1,1,1,2,2,8,1,2
"32","control17-early post partum",5,1,4,6,14,19,6,6,9,6,2,21,1,13,87,3,4,5,1,17,1,1,9,2,2,11,2,1,6,22,2,2,19,2,1,48,2,1,9,7,16,2,1,1,1,4,38,1,9,1,6,1,2,2,6,2,32,7,5,1,6,27,15,26,6,1,12,18,12,14,1,9,1,1,6,2,6,6,6,2,11,27,1,7,2,1,1,14,1,17,1,8,6,7,7,3,9,1,4,7,1,1,2,4,1,28,22,2,8,1,2,27,3,5,1,3,6,2,1,1,22,3,39,19,19,7,22,12,1,5,5,1,6,23,7,3,1,8,49,1,2,1,1,5,2,22,3,4,2,1,12,2,15,1,2,1,6,23,22,12,1,9,3,4,3,3,13,8,8,1,2,4,2,4,2,2,19,1,1,11,1,7,1,2,2,13,15,1,2,1,2,2,6,1,3,6,2,8,1,13,7,25,29,14,5,2,1,1,1,17,16,20,4,2,12,1,1,1,1,2,9,30,1,1,19,2,2,2,5,1,1,6,4,1,2,7,45,1,3,2,1,11,6,3,7,2,2,1,2,1,3,4,2,11,11,32,2,6,18,6,1,2,4,44,5,2,1,21,1,35,1,3,2,20,7,1,25,5,17,15,6,1,6,6,6,2,1,11,2,1,1,1,1,2,2,3,2,4,7,1,1,41,39,11,23,2,1,17,36,2,31,2,1,33,8,1,13,1,3,1,1,1,3,7,2,3,7,2
"33","control17-early pre-onset",2,1,1,2,1,3,4,1,1,2,2,1,1,1,54,3,2,2,1,1,1,1,1,2,2,3,2,1,3,1,2,2,1,2,1,112,2,1,1,1,3,2,1,1,1,1,19,1,3,1,2,1,2,2,2,2,11,1,2,1,1,1,1,3,2,1,1,1,1,3,1,1,1,1,3,2,2,1,2,2,3,1,1,1,2,1,1,1,1,1,1,1,1,2,1,1,1,1,2,104,1,4,2,2,23,49,1,2,1,1,2,5,1,1,1,1,2,2,1,1,4,1,5,4,1,1,7,1,1,2,3,1,1,13,1,1,1,2,16,1,2,1,1,2,1,1,1,2,2,1,3,2,4,1,2,1,1,3,1,1,1,1,1,1,1,1,1,121,1,1,2,2,2,3,2,2,1,1,1,1,1,2,1,2,2,1,3,1,2,1,2,2,1,1,1,2,2,1,5,3,1,3,4,5,4,2,1,1,1,1,1,5,1,2,1,1,1,1,1,2,1,5,4,1,2,2,2,2,1,1,1,1,4,1,2,1,26,1,1,2,1,1,2,45,1,2,2,1,2,1,1,1,2,1,1,11,8,2,3,1,3,2,1,23,2,2,1,1,1,15,1,1,2,6,1,1,2,2,1,1,2,1,2,4,1,1,1,1,2,1,1,1,1,2,2,1,2,1,3,1,1,8,7,1,4,2,10,1,13,2,13,2,1,9,3,1,1,28,1,1,1,1,1,2,2,1,1,2
"34","control17-late pre-onset",2,1,1,2,3,1,2,1,1,2,2,1,1,1,22,1,2,2,1,1,1,1,1,2,2,1,2,1,1,3,2,2,1,2,1,72,2,1,1,1,68,2,1,1,1,1,4,1,1,1,2,1,2,2,2,2,3,1,2,1,1,4,1,1,2,1,1,3,1,1,1,1,1,1,1,2,2,1,2,5,1,1,1,1,2,1,1,1,1,1,1,1,1,2,1,1,1,1,2,112,1,2,2,2,29,16,1,2,1,1,2,1,1,1,19,1,2,3,1,1,1,1,1,1,1,37,1,1,1,2,1,1,1,84,1,1,1,2,2,1,2,1,1,2,1,1,1,2,2,1,1,2,1,1,2,1,1,1,1,1,1,1,1,1,1,1,1,114,1,1,2,2,2,1,2,2,1,1,1,1,1,2,1,2,2,1,1,1,2,1,2,2,3,1,1,2,2,1,29,1,1,3,1,1,2,2,1,1,1,1,1,4,1,2,1,1,1,1,1,2,2,3,1,1,3,2,2,2,1,1,1,1,2,1,2,1,10,1,1,2,1,1,2,44,1,2,2,1,2,1,1,1,2,1,1,3,7,2,1,1,1,2,1,10,2,2,1,1,1,4,1,1,2,1,1,1,12,2,1,1,2,1,2,2,1,1,1,1,2,1,1,1,1,2,4,1,2,1,1,1,1,3,2,3,3,2,1,1,6,2,7,3,1,5,1,2,1,33,1,1,1,1,1,2,2,1,1,3
"35","control2-early disease",2,1,1,2,1,5,2,1,6,4,2,7,1,4,64,1,2,2,1,1,1,1,1,2,2,1,2,1,3,12,2,2,5,2,1,62,2,1,1,1,3,2,1,3,1,1,24,1,1,1,4,1,2,2,2,2,16,1,2,1,1,11,3,5,2,3,1,7,3,3,1,1,1,1,1,2,2,1,2,2,3,3,1,1,2,1,1,3,1,4,1,1,1,2,1,1,1,1,2,1,1,1,2,2,1,1,5,2,1,1,2,10,1,1,1,5,2,2,1,1,5,1,24,6,6,1,11,1,1,2,1,1,1,4,1,1,1,2,27,1,2,1,1,2,15,3,1,2,2,1,1,2,5,1,2,1,1,6,3,3,1,1,1,1,1,1,2,5,1,3,2,2,2,1,2,2,4,1,1,3,1,2,1,2,2,3,3,2,2,1,2,2,1,1,1,2,2,1,1,1,1,9,7,4,2,2,1,1,1,1,7,4,1,2,1,1,1,1,1,2,104,12,1,1,1,2,2,2,1,1,1,1,2,1,2,1,31,1,1,2,1,3,2,1,1,2,2,1,2,3,1,1,2,4,1,15,1,2,3,1,1,2,1,25,2,2,1,4,1,19,1,1,2,8,1,1,166,2,4,3,2,1,4,2,3,1,1,1,2,1,1,1,1,2,2,1,2,1,3,1,1,12,17,4,6,2,1,4,21,2,16,2,1,19,1,1,1,1,1,1,1,1,1,2,2,1,1,2
"36","control2-early post partum",8,1,1,7,15,17,4,7,12,7,2,20,1,6,86,1,2,8,1,12,1,1,8,2,4,10,2,1,7,23,2,4,17,2,1,3,2,1,8,8,10,2,1,2,1,1,39,1,8,1,7,1,2,2,7,4,33,6,2,1,5,28,16,25,4,1,11,17,13,16,1,7,1,1,6,2,9,7,5,2,12,32,3,6,5,1,3,9,1,20,1,10,6,6,3,1,6,1,4,10,1,1,2,2,1,1,21,2,7,1,6,25,5,6,1,7,5,2,1,1,20,3,42,20,20,2,25,12,1,5,3,6,1,24,5,5,1,7,50,1,2,1,1,2,3,20,4,2,2,1,10,2,16,5,7,5,3,30,23,8,1,13,7,6,1,7,5,18,9,4,2,2,2,7,4,2,20,1,1,14,1,6,1,2,2,16,15,1,2,1,2,2,10,1,6,6,2,4,1,12,9,26,28,16,5,4,1,1,1,19,17,19,3,2,7,1,1,1,1,2,1,31,1,1,9,2,2,2,7,1,1,5,5,1,2,10,44,1,1,2,1,8,4,4,8,2,2,1,2,3,3,5,2,10,10,31,1,7,19,6,1,7,4,43,7,2,1,19,6,34,1,1,2,22,10,1,17,5,18,17,5,1,5,6,3,1,1,10,2,1,1,1,1,4,2,4,2,1,10,3,1,42,38,13,25,2,1,18,35,2,32,2,1,32,13,1,9,1,1,1,1,3,3,5,2,1,5,2
"37","control2-early pre-onset",13,3,14,11,23,49,7,12,17,14,8,48,11,23,116,7,5,6,9,18,13,10,17,7,6,15,6,10,14,28,9,5,45,6,7,129,8,10,10,16,30,10,8,10,17,9,72,10,11,9,9,7,6,8,15,5,68,16,6,6,8,48,27,40,7,12,17,36,24,26,8,15,5,6,10,7,13,20,9,8,19,42,8,12,6,7,9,20,10,27,9,15,7,10,9,6,16,8,6,37,7,11,6,7,11,11,54,7,16,17,9,46,9,9,12,18,8,9,8,10,38,11,52,49,44,10,52,19,7,9,13,11,9,38,16,14,5,14,55,10,7,11,7,6,22,47,9,8,4,12,20,11,35,19,11,10,13,45,37,31,5,24,9,11,9,13,30,17,15,22,8,7,7,13,6,8,47,8,7,19,9,14,8,5,7,26,29,9,11,10,7,5,17,11,14,10,6,14,10,19,22,57,49,27,8,7,5,7,7,47,32,45,23,6,22,10,10,8,12,6,8,64,13,11,10,6,6,6,9,8,6,19,6,10,5,23,83,6,6,5,7,14,9,10,10,6,7,9,11,6,12,10,6,12,23,50,22,14,32,12,18,9,11,81,9,8,8,25,11,66,7,8,6,49,16,3,29,10,45,38,7,8,10,11,11,18,7,21,7,9,7,19,6,6,10,7,7,10,16,8,4,61,46,27,37,10,24,19,71,6,70,9,9,66,20,7,20,11,7,6,9,7,9,11,7,11,13,8
"38","control2-late pre-onset",7,3,9,9,27,37,7,15,22,9,8,52,11,26,121,8,5,6,9,19,12,10,16,7,6,20,6,10,11,30,9,7,44,6,7,128,6,10,13,17,52,10,11,10,14,9,71,10,18,11,9,7,6,8,10,5,69,12,6,7,10,50,28,39,12,13,19,40,19,28,6,11,5,6,11,7,10,9,7,8,14,34,8,8,8,7,9,15,10,22,9,14,14,10,8,6,12,8,6,20,7,11,6,7,10,11,50,7,13,15,9,47,9,10,12,27,9,9,8,9,41,11,79,40,54,19,49,30,7,8,10,7,7,41,14,20,5,15,59,10,5,11,7,6,11,23,20,8,4,12,21,12,34,19,13,10,9,38,40,26,5,27,10,8,7,13,33,27,14,14,8,7,7,13,6,8,41,8,7,21,9,15,8,5,7,18,30,9,7,10,7,5,16,11,11,9,7,9,10,21,17,64,46,22,7,6,5,7,7,40,40,46,28,6,15,10,10,8,12,6,18,69,13,11,24,7,6,8,9,8,6,9,6,10,5,22,84,7,6,6,7,18,7,9,15,6,8,9,11,7,11,8,6,18,21,51,25,8,20,11,12,8,10,78,13,8,8,23,12,71,7,13,6,55,13,3,32,8,44,37,10,8,7,11,13,10,7,14,7,9,7,18,7,7,10,7,7,10,16,7,4,63,51,17,35,10,20,26,70,6,69,9,9,64,28,7,23,11,7,6,9,7,11,13,7,11,15,8
"39","control3-early disease",2,1,1,2,1,1,2,1,1,2,2,1,1,1,6,1,2,2,1,1,14,1,1,2,2,1,2,1,1,1,2,2,1,2,1,97,2,1,1,1,8,2,1,1,1,1,1,1,1,1,2,1,2,2,2,2,1,1,2,1,1,1,1,1,2,1,1,1,1,1,1,1,1,1,1,2,2,1,2,2,1,3,1,1,2,1,1,1,3,1,1,1,1,2,1,1,1,1,2,65,1,1,2,2,1,1,1,2,1,1,2,1,1,1,2,1,2,2,1,1,1,8,1,1,1,1,1,1,1,2,1,1,1,1,1,1,1,2,3,1,2,1,1,2,2,60,1,2,2,1,1,2,1,1,2,1,1,1,1,1,1,1,1,1,1,1,1,8,1,1,2,2,2,1,2,2,1,1,1,1,1,2,1,2,2,3,1,1,2,1,2,2,1,1,1,2,2,1,8,1,1,1,1,1,2,2,1,1,1,1,1,1,1,2,1,1,1,1,1,2,9,1,1,1,1,2,2,2,1,1,1,1,2,3,2,1,2,1,1,2,3,1,2,1,1,2,2,1,2,4,1,1,2,1,1,1,1,4,1,1,1,2,25,1,2,2,10,1,2,1,1,1,2,1,1,1,22,2,1,1,2,1,2,2,1,2,1,12,2,1,1,3,1,2,2,1,2,1,1,1,1,1,2,1,1,2,6,1,1,2,1,2,1,1,1,1,1,7,1,1,1,1,1,2,2,1,1,2
"40","control3-early post partum",6,6,13,8,13.5,43,7,9.5,13,10,8,32,11,22,111,9,6,6,10.5,27.5,25,25,15.5,7,7.5,12,10,31.5,15,43,9,5,42.5,8.5,7.5,40,10.5,11,7,10,47,10,8.5,18,9,17.5,51.5,10,13.5,35,8.5,7,7,8,9,5,46,9,9,8.5,8.5,55,27,24.5,7,16.5,17,40,24,18,11.5,14.5,5,12,13,7,7,41.5,7.5,8,8.5,67.5,10.5,8,6.5,12,35,30.5,10,44,9,8.5,11,11,11.5,10,10.5,8.5,8.5,59,7,11,7,7,10,21.5,42,7.5,9.5,9,9.5,29,8,8.5,12,20.5,7.5,9,8,9.5,28,24.5,80.5,27,36.5,16,32,22,7,7,11,9.5,10.5,63.5,15.5,38,6,10,80.5,10,7.5,11,9,8,48,37,30,7,5,12,7,10,27.5,35.5,9,30,14.5,24.5,27.5,24,7,16.5,11,17,11.5,11.5,59.5,89.5,22.5,14.5,8,6.5,10,11.5,6.5,7.5,23,10,10.5,11,9,10,16,6.5,7,16,13.5,9.5,10,10,7,6.5,13,11,11.5,7.5,8,15,10,23,12,52,38,12.5,8.5,6.5,5,14.5,7,29,32.5,32.5,44,7,33,10,10,8,12,6.5,76.5,46,13,11.5,61.5,8,6.5,6.5,14,10,6,8.5,9,23.5,6,44,61,12,12,7,12,12,8,21.5,5,6,7,9,11,8.5,8,17,7,7,39,48.5,12.5,8,51,9.5,15.5,8,11,59.5,10,8,24,18,56,51.5,12.5,32,9.5,35.5,15.5,7,88,6,38,27.5,7,15.5,7,7,12,9,12.5,10.5,7,35.5,8.5,8,7.5,6.5,10,18.5,7,23,13,12,4,38.5,64,16,50.5,10,13,24,52.5,9,46,9,11.5,47.5,20,7,20,11,7.5,14.5,9,9,10.5,8,7,20,19.5,8
"41","control3-early pre-onset",6.5,3,9.5,8,9,48,7,9.5,13.5,8,8,21,11,14.5,94.5,9,5.5,6,9,25,27,29.5,12.5,7,5,13,7,48.5,11.5,41.5,9,5.5,30,8,11.5,80,7.5,10,7,9,66,10,11,13,9,17.5,42,10,15,38.5,8,7,7.5,8,8.5,5,34,9,7.5,6.5,9.5,40,17.5,18.5,7,15,16.5,33,25,12.5,12.5,13,5,6.5,14.5,7,7,44,7.5,8,7,74,10.5,9,6.5,14,46,21,10,37.5,9,6.5,7,8,12.5,14.5,7,8,6,75.5,7,11,9.5,8,10,20.5,31.5,7.5,10,9,8,22,9.5,10,12,14,7,9,8,9,15,40,63,25,27.5,27.5,30,16.5,7,7,12,8.5,9.5,62,16.5,29,10,9,69,10,5.5,11,13.5,6.5,16.5,56.5,39,7,4,12,9,10,20,51.5,9,48,11,18.5,13,19.5,8.5,12.5,8,17,15.5,17.5,67.5,77,18,15.5,8,6.5,7,12,8,8.5,26,9,7.5,8.5,9,8,12.5,6,7,14,13.5,9.5,7.5,10,7,5.5,10,11,8.5,7,8.5,14,10,15,12,35.5,35.5,11,6.5,7,5.5,15,7,23,21,23,48.5,6,18.5,10,10,8,12,7,85.5,39,13,11,94,6,8,6.5,10.5,12.5,7,7,6,18,5,52.5,53,12.5,15,6.5,7,10.5,8,24,5.5,11.5,7,9,11,6,8,17.5,6,7,41,46.5,12,8.5,63.5,9.5,11.5,8,22,45.5,8,8,19,13,71,41.5,11.5,34,6,26,16.5,3,110.5,6,31.5,16,7,8,7.5,7,10.5,9.5,17,17,7,39,8.5,8,6,7,10,7.5,7,26.5,10,13,4,25,58,14.5,45.5,10,13,28.5,40.5,7.5,35,9,13.5,49,21,7.5,18,11,7,15.5,9,7.5,13,8.5,7,16,15,8
"42","control3-late pre-onset",2,1,1,2,1,1,2,1,1,2,2,1,1,1,16,1,2,2,2,1,3,1,1,2,2,1,2,1,1,1,2,2,1,2,3,102,2,1,1,1,67,2,1,1,5,1,1,1,1,3,2,1,2,2,2,2,1,1,2,1,1,3,1,1,2,1,1,1,1,1,1,1,1,1,1,2,2,3,2,2,1,5,1,1,2,1,6,1,1,1,1,1,1,2,1,1,1,1,2,6,1,1,2,2,1,1,1,2,1,1,2,1,1,1,7,1,2,5,2,1,1,1,3,3,4,35,1,1,1,2,1,1,1,2,1,1,1,2,12,5,2,1,1,2,1,61,3,2,2,1,1,2,1,3,2,4,1,1,1,1,1,1,1,1,1,1,22,1,1,1,2,2,2,1,2,2,3,1,1,1,1,2,1,2,2,5,1,5,2,1,2,2,1,1,1,2,2,1,1,1,1,1,1,1,2,2,1,1,1,1,1,1,8,2,1,3,1,1,1,2,14,1,1,1,4,2,2,2,1,1,1,1,2,1,2,6,2,1,1,2,1,1,2,1,1,2,2,1,2,1,1,1,2,1,3,1,8,2,3,1,1,2,4,5,2,2,3,1,17,5,1,6,2,1,1,1,27,2,1,1,2,1,2,2,1,5,1,1,2,1,1,6,1,2,2,1,2,1,1,1,1,1,5,1,1,14,10,1,4,2,1,2,1,3,1,5,1,1,1,1,2,1,1,2,2,1,1,2
"43","control4-early disease",2,1,1,2,1,2,2,1,1,2,2,1,5,2,31,2,2,2,1,1,50,1,1,2,2,2.5,2,2,1,4,11,2,2,2,1,1.5,2,33.5,1,1,1,2,1,54.5,1,2,5,7.5,1,2,2,1,2,2,2,2,5,1,2,1,1,5,1,1,2,1,1,2,2.5,1,1,1,1,1,1,2,2,1,2,2,1,10,1,1,2,1,2,2,1,1,1,1,1,2,1,1,1,1,2,55,4.5,1,2,2,1,1,2.5,2,1,1,2,1,1,1,1,2,2,2,1,1,2,7,12,1,3.5,1,2.5,2,1,2,1,1,1,2.5,1,2,1,2,15,1,2,1,1,2,55.5,1,2,2,2,1,1,2,1,2.5,2,1,1,1,1,1,2,1,1,1,1,1,1,7.5,2.5,1,2,2,2,1,2,2,2,1,1,1,1,2,3,2,2,1,1,1,2,1,2,2,1,1,1,2,2,1,1,1,1,3.5,2,2,2,2,1,1,1,2,1,2,2.5,2,2,1,1,1,1,2,46,3.5,4.5,1,106.5,2,2,2,1,2,1,1,2,1,2,3,6,1,1,2,1,1,2,1,1,2,2,1,2,2,1,1,2,1,1,3.5,1,2,6.5,1,1,2,1,5.5,2,2,1,1,1.5,8,1,1,2,3,1,1,72,2,1,2,2,2,2,2,4,1,1,1,2,1,1,1,1,2,2,1,2,1,1,1,1,3,7.5,2,4,2,1,7,4,2,2.5,2,1,2.5,2,1,1,1,1,1,1,1,1,2,2,26,1,2
"44","control4-early post partum",9,3,9,8,11,47,9,9,13,9,8,35,11,21,117,6,6,6,9,35,43,16,20,7,6,13,6,31,20,44,9,5,36,6,11,26,11,10,7,11,82,10,11,9,9,19,58,10,19,30,8,7,10,8,8,5,43,8,12,7,9,71,17,27,7,12,10,42,24,19,17,13,5,10,19,7,7,32,7,8,7,83,8,14,7,7,34,32,10,41,9,13,8,9,17,13,8,8,12,32,7,11,6,8,10,11,44,11,14,9,11,36,8,7,13,23,7,9,8,16,27,18,83,37,49,40,50,17,7,7,13,8,7,82,17,35,6,12,93,10,7,11,7,7,11,29,33,11,4,12,7,10,28,37,9,20,9,31,37,24,10,17,9,24,8,15,60,91,19,28,8,9,7,13,9,9,22,14,10,12,9,9,28,5,7,18,22,9,10,10,7,5,15,11,9,7,7,23,10,24,23,52,45,13,9,10,14,14,7,48,30,31,45,6,36,10,10,8,12,6,42,49,13,11,60,6,6,10,10,9,6,9,12,30,9,44,70,12,6,8,11,13,10,9,5,8,7,9,11,7,16,18,6,7,38,63,12,10,72,14,19,16,22,63,8,8,8,22,55,58,7,19,7,37,15,3,62,7,46,26,8,15,7,7,10,9,10,18,7,19,7,8,12,8,10,11,7,37,20,14,4,47,76,10,71,10,13,13,57,8,52,9,11,69,19,7,18,11,7,15,9,7,8,8,7,11,17,8
"45","control4-early pre-onset",2,1,1,2,1,3.5,2,3,2,2,2,3.5,1,1,39.5,1,2,2,6,3.5,3.5,3,1,3,2,2,2,3,1,8.5,2,2,4,3,1,2,2,1,1,1,53,2.5,1,3,1,2.5,14,1,1,2.5,2,1,3,2,2,2,11,1,2,1,2,10,2.5,4,2,2,1,6.5,3.5,2,2,1,1,2.5,1,3.5,2,2.5,3,4.5,1,18,2,1,2,1,6.5,6,1,5,2,2,2,2,1,1,1,1,2,3,1,1,3,3,1,1,7,2,1,1,3,5,1,1,10.5,3.5,2,5,1.5,9.5,2,21,21.5,3,6,25,5,2.5,1,2,2,1,1,12,2,2,1,2,24.5,7,2,1,1,2,4.5,3.5,3.5,2,2,1,1,2,2.5,5.5,2,1,1,2.5,3,2,2,1,1,1,1,1,12.5,21.5,1,18,2,2,2,1,2,2,4,1,1,2,2,3,3.5,2,2,1,2.5,1,2,1,2,2,1,2,2,2,2,1,1,2,1,8.5,3.5,1,2,2,7.5,1,1,4,5.5,3.5,14,2,4.5,7,2,1,2,2,66,8.5,1,2,8,2,2,2,2,3,1,1,2,2.5,2,10.5,17.5,2,1,2,1,1,2,2,2,2,2,1,2,2,9.5,1,2,1,3.5,12,1,2,8,1,1,2,2,16.5,2,2,4,1,13,13,1,2.5,2,6,2,1,86,2,5.5,2.5,2,3,2,2,2,1,1,1,2,4,1,1,6,3,2,5.5,2,3,2,2,1,5.5,17.5,1,9.5,4,1,2.5,12.5,2,11,2,3.5,11,7.5,3.5,2,2,1,1,3.5,1,1,2,2,2,1,2.5
"46","control4-late pre-onset",2,1,1,2,1,1,2,1,1,2,2,1,1,1,2,1,2,2,1,1,53,1,1,2,2,1,2,1,1,1,7,2,1,2,1,59,2,2,1,1,1,2,1,16,1,1,1,17,1,1,2,1,2,2,2,2,1,1,2,1,1,1,1,1,2,1,1,1,1,1,1,1,1,1,1,2,2,1,2,2,1,3,1,1,2,1,1,1,1,1,1,1,1,2,1,1,1,1,2,9,11,1,2,2,1,1,1,2,1,1,2,1,1,1,1,1,2,2,1,1,1,5,1,1,1,1,1,1,1,2,1,1,1,1,1,1,1,2,3,1,2,1,1,2,18,1,1,2,2,1,1,2,1,1,2,1,1,1,1,1,1,1,1,1,1,1,1,1,1,1,2,2,2,1,2,2,1,1,1,1,1,2,1,2,2,1,1,1,2,1,2,2,1,1,1,2,4,1,1,1,1,1,1,1,2,2,1,1,1,1,1,1,1,2,1,1,1,1,1,2,114,1,1,1,29,2,2,2,1,3,1,1,2,1,2,1,1,1,1,2,1,1,2,1,1,2,2,1,2,1,1,1,2,1,1,1,2,2,1,3,1,2,4,1,2,2,3,1,1,1,1,1,2,1,1,1,139,2,1,1,2,1,2,2,6,2,1,1,2,1,1,1,1,2,2,1,2,1,1,1,1,1,2,1,1,2,6,2,1,2,1,2,7,1,1,1,1,1,1,1,1,1,1,2,2,38,1,2
"47","control5-early disease",2,1,3,2,1,1,2,1,1,2,2,1,1,1,31,1,2,2,1,1,52,3,1,2,2,1,2,1,1,1,2,2,3,2,1,15,2,1,1,1,12,2,1,6,1,1,5,13,1,1,2,1,2,2,2,2,1,1,2,1,1,1,3,1,2,1,1,3,3,1,1,3,1,1,1,2,2,1,2,2,1,9,1,1,2,1,3,1,1,1,1,1,1,2,1,1,1,1,2,17,6,1,2,2,1,1,1,2,1,1,2,1,1,1,1,1,2,2,1,5,3,1,11,1,3,1,1,1,1,2,1,1,3,1,1,3,1,2,9,1,2,1,1,2,4,1,1,2,2,3,1,2,1,1,2,1,1,1,3,1,1,1,1,1,1,1,2,3,1,4,2,2,2,1,2,2,1,1,1,1,1,2,1,2,2,1,1,1,2,1,2,2,1,1,1,2,2,1,1,1,1,1,1,1,2,2,3,1,1,1,3,1,2,2,1,1,1,1,3,2,60,5,1,1,2,2,2,2,1,1,1,1,2,1,2,2,6,1,1,2,1,1,2,1,1,2,2,1,2,1,5,1,2,1,1,1,1,2,3,1,1,2,27,1,2,2,1,3,6,5,1,1,2,1,1,1,85,2,1,1,2,3,2,2,1,1,1,1,2,1,1,1,3,2,2,1,2,1,1,1,1,4,6,1,4,2,1,1,5,4,1,2,3,3,1,1,1,1,1,1,1,1,1,2,2,35,1,2
"48","control5-early post partum",6,3,14,8,9,42,7,12,18,9,8,41,11,20,103,7,5,6,9,29,20,34,16,7,6,14,6,46,14,47,9,5,37,7,12,26,11,10,7,10,36,10,10,17,9,14,51,10,14,40,8,7,7,8,8,5,42,8,8,11,11,53,21,23,7,17,19,38,30,9,18,14,5,12,14,7,7,47,7,8,7,68,13,9,7,14,53,29,10,54,9,7,9,8,10,14,7,8,6,61,7,11,11,9,10,12,35,7,14,9,8,28,9,8,12,18,7,9,8,13,26,46,80,33,35,10,37,17,7,7,13,9,10,60,11,20,11,9,84,10,6,11,15,6,22,49,43,7,4,12,6,10,24,53,8,30,10,25,14,18,10,15,9,23,14,12,81,48,18,16,8,6,7,16,6,7,33,9,8,12,9,8,19,5,7,15,18,10,9,10,7,6,11,11,10,7,7,15,10,17,16,47,34,9,7,8,9,15,7,22,32,28,56,6,22,10,10,8,12,10,44,47,13,12,78,6,6,9,14,21,7,7,6,16,5,63,59,12,15,7,9,9,7,15,6,10,7,9,11,9,14,11,6,7,31,56,12,9,54,9,10,8,16,51,8,8,28,9,70,50,13,36,6,36,16,3,67,6,32,22,10,8,7,7,11,9,15,17,7,38,7,8,8,7,10,14,7,24,8,8,4,40,72,14,48,10,13,26,48,8,42,9,16,42,17,7,26,11,7,21,9,7,12,8,7,20,23,8
"49","control5-early pre-onset",6.5,5,12.5,8,10,24.5,7,9.5,10.5,8,8,19.5,11,13.5,92.5,7,5,6,9,21,16,21.5,12.5,7,5,10,6,28,12.5,31,9,5,27,6,8.5,46.5,6.5,10,7,9,59,10,9.5,11.5,9,12,40,10,11,27,8,7,7,8,8,5,32.5,8.5,6,6,8,37.5,14.5,16,7,12,13.5,25.5,20,12,8,11,5,11,13,7,7,31.5,7,8,7,49.5,8.5,8.5,7,10,31.5,22,10,32.5,9,6.5,7,8,9,6.5,7,8,6.5,43.5,7,11,7,8,10,11.5,22.5,7.5,10,9,9.5,17,6,9,12,12.5,7,9,8,18.5,15.5,31.5,59,22,23.5,24.5,19,12.5,7,7,10,7.5,10,44,11,12.5,6,10.5,66.5,10,5.5,11,9.5,6.5,11,39,26,7,4.5,12,6.5,10,15.5,31,8,23,11.5,16,16,13.5,5,13,9.5,12.5,12,11,57.5,58.5,19.5,30.5,8,7,9,10,6,6,17.5,8,7.5,8,9,8,11,5,7,11.5,11,9,7.5,10,7,5,8,11,7.5,7,6.5,14,10,16,12.5,28.5,24.5,14,6,6,16.5,10,7,21,22,17.5,42.5,6,24,10,10,8,12,6,31.5,34,13,11,53,6,7,6.5,8.5,8.5,7,7.5,7,13,5.5,46,48,9,11.5,6,10,9,9,9.5,7.5,6.5,7,9,11,8.5,19,9.5,6,7,25.5,38,12,8,37,9,13.5,8,15.5,42.5,8,8,16,8,51.5,36.5,7.5,22,7,23.5,15,5.5,46,6.5,17.5,16,7,10,7.5,7,10.5,9,11.5,8,7,35.5,7,8,15.5,6.5,10,13.5,7,15,8,9.5,4,26,56,9.5,39,10,13,12,38.5,6.5,30,9,9,40,20,7.5,18,11,7.5,9,9,7,9,8,7,11.5,14,8
"50","control5-late pre-onset",2,1,1,2,1,1,2,1,1,2,2,3,1,1,49,1,2,2,2,1,56,1,1,2,2,1,2,2,1,3,5,2,1,2,1,108,2,1,1,1,53,2,1,12,6,8,4,17,1,3,2,1,2,2,2,2,3,1,2,1,1,5,1,1,2,3,1,3,3,1,1,1,1,1,1,2,2,3,2,2,1,10,1,1,2,1,3,1,1,4,1,1,1,2,1,1,1,1,2,1,12,1,2,2,1,2,4,2,1,3,2,3,1,1,1,1,2,2,1,5,1,1,14,1,3,20,5,1,1,2,1,1,1,5,1,1,1,2,23,5,2,1,1,2,6,4,1,2,2,1,1,4,4,1,2,1,1,3,1,1,1,3,1,3,1,1,2,1,1,4,2,4,2,3,2,2,4,1,1,1,1,2,1,2,2,1,1,1,2,1,2,2,1,1,1,2,2,1,1,3,1,6,1,3,2,2,1,1,1,1,1,1,2,2,3,1,7,1,1,2,91,1,1,1,1,2,2,2,1,1,1,1,2,1,2,2,2,1,1,2,1,1,2,1,1,2,2,1,2,1,3,1,2,1,3,7,10,2,8,1,1,2,1,5,2,2,1,1,1,5,1,1,2,3,1,1,117,2,3,1,2,1,2,2,12,5,1,1,2,1,1,7,1,2,2,1,2,1,1,1,1,4,13,1,4,2,16,1,4,2,5,2,8,4,1,1,1,1,1,1,1,1,1,2,2,39,1,2
"51","control6-early disease",2,1,3.5,2,1,1,2,1,1,2,2,1,1,1,30,1,2,2,1,1,21,1,1,2,2,1,2,1,1,2,3,2,1,2,1,35,2,20.5,1,1,1,2,1,47.5,2,1,3,5,2,1,2,1,2,2,2,2,2,1,2,1,1,3,1,1,2,4,1,2,1,2,1,1,1,1,1,2,2,1,2,2,1,5,1,1,2,1,2,1,1,2,13,1,1,2,1,1,1,1,2,12,1,1,2,2,3.5,5.5,1,2,1,1,2,1,1,1,1,2,2,2,1,1,1,53,5,1,1,1,3,1,1,2,1,1,1,3.5,1,1,1,2,10.5,1,2,1,1,2,53.5,1,2,2,2,8,1,2,1,2,2,1,1,1,1,1,1,1,1,1,1,1,1.5,67.5,1,1,2,2,2,1,2,2,2,1,1,1,8.5,2,1,2,2,1,1,1,2,1,2,2,1,9,1,2,2,1,1,1,1,2,1,1,2,2,1,1,1,1,1,2,1.5,2,1,1,1,1,7.5,2,84,3,9.5,9.5,73,2,2,2,1,21,1,1,2,1,2,1.5,3.5,1,1,2,1,1,2,3,1,2,2,1,3,1,1,1,2,1,1,3,1.5,2,2,1,1,2,1,2.5,2,2,1,1,1,3,1,1,2,1,1,1,108,2,1,1,2,1,2,2,2,1,1,1,2,1,1,1,1,2,2,1,2,1,1,1,1,1,2.5,1,2,2,1,3,1,2,2.5,2,1,3,1,1,1,2.5,1,1,1,1,1,2,2,13.5,1,2
"52","control6-early post partum",9,3,12,8,19.5,28.5,7.5,9.5,14.5,9,8,42,11,20.5,127.5,9,5,6,9,33,17.5,15.5,14.5,7,8.5,15,7.5,24.5,13.5,62.5,9,6,52,6.5,7,27,6.5,10,7,13,36.5,10,11,9,9,10,65,10,15.5,25.5,8.5,7,8.5,8,8,5,58,9.5,9,6.5,9,65.5,25,34,7,16,21.5,47.5,34.5,22,8.5,15,5,21.5,11.5,7,7,21,9,8,7,68.5,10.5,8.5,6,8.5,29,39,10,45.5,9,12.5,8,8,10.5,7,11,8,6,94.5,7,11,8.5,9.5,10,14,51.5,8.5,9.5,9,11.5,42,8.5,9.5,12,23,7,9,8,8,30,38.5,86.5,43,46.5,10.5,43,28.5,7,7,10.5,9,15,71.5,19,24.5,5,12.5,97.5,10,5.5,11,7,6.5,11.5,35.5,28.5,8.5,4,12,6,10,24.5,30,10,10.5,10.5,26.5,30.5,24,7,21,9.5,20,9,13,54,71,24.5,11.5,8,6.5,7,17.5,8,7,33,10.5,9,12,9,9,17.5,5,7,17,21.5,9,8.5,10,7.5,5,12.5,11,10.5,7,8,15.5,10.5,20,13,61.5,38.5,19,6.5,6.5,6,7,7,36,35.5,39,41.5,6,34,10,10,8,12,6,47,62.5,13,11,29.5,6,7,7.5,13.5,10,6,10,6,17,7,38.5,74,7.5,7,5.5,8.5,12.5,8,13.5,7.5,7.5,7,9,11,18,8.5,12,6.5,7,24,74,16,9,54,9.5,12,11.5,8.5,69,10,8,27.5,17,47.5,70.5,12,17.5,6.5,47.5,16.5,3,59,6.5,39.5,33.5,8,18,7,7,10,9,7.5,8,7,20,7,8,6.5,7.5,10,12.5,7,23,11,15,4,52.5,83.5,19.5,63.5,10,13,15.5,60.5,6.5,62,9,25.5,58,28.5,7,27.5,11,7.5,7,9,8.5,10.5,8,7,19,17,8
"53","control6-early pre-onset",10,3,16.5,8,19.5,32,7,12.5,15.5,8.5,8,43.5,11,21.5,121.5,7,5,7.5,9.5,33,33.5,16,15,7,6.5,13.5,7.5,25.5,13,57.5,9,5.5,48,8.5,12,23,7.5,10,7,12,64,10,10,9.5,9,13,64,10,13.5,38.5,8,7,8,8,9.5,5.5,57,9,9.5,6.5,8.5,64.5,25,29,7,12,16.5,44.5,37,22,7,15,5,13.5,12.5,7,7,30.5,9.5,8,7,79,10.5,8.5,7,8.5,29.5,38,10,53.5,9,14.5,9.5,8,11.5,11.5,8,8,7.5,65,7,11,8,9,10,12,45,8.5,14,9,8,38.5,6.5,9.5,12.5,21,7,9,8,11,31,31.5,84.5,46.5,42,27,44.5,26.5,7,7,10.5,12,12,73.5,15.5,30.5,6.5,11,93,11,5.5,11,7,7.5,16.5,48,29,9.5,4,12,6.5,10,36.5,33.5,10,10.5,10.5,36.5,30.5,20.5,8,22,9.5,19,9,14,54,52.5,18,17.5,8,8.5,7,16,7.5,7.5,37.5,16.5,11,9,9,9,15.5,7,7,19,25,9,7,10,7,5.5,11.5,11,11.5,7.5,9.5,20,10,19,15.5,54,37.5,18.5,6.5,7,7.5,8,7,34.5,27.5,38.5,42,6,31,10.5,10,8,12,6,26,64,13,11,35.5,6,6,7.5,12.5,8,6,8,8,18,7,37,76.5,8.5,8,7,8,11.5,7.5,10,7.5,7.5,7,9,11,12.5,10,18.5,6,7,28,70,12,9,63.5,8.5,11.5,14.5,12,72.5,10,8,21.5,16,49,69,8,24,6.5,45,19,3,44.5,7,39,32,7.5,20,7,7,11.5,9,9,9,8.5,14,7.5,8,8,6.5,10,15.5,7,19,14,11,4,55,80.5,22,65.5,10.5,13,21.5,63.5,9,60.5,9,22.5,56.5,24,7.5,25.5,11,8,7,9,7.5,11.5,8,7,11.5,22.5,8
"54","control6-late pre-onset",2,1,6.5,2,1,1,2,1,1,2,2,1,1,1,34,1,3,2,1,1,1,1,1,3,2,1,2,1,1,3,2,2,2,2,1,77,2,1,1,1,83,2,1,1,1,1,4,1,2,2,2,1,2,2,2,2,2.5,1,2,1,1,5,2,3,2,1,1,1,2,1,1,1,1,1,2,2,2,1,2,2,1,10,1,1,2,2,1,1,1,1,1,1,1,2,1,1,1,1,2,32.5,1,1,2,2,13.5,1,5,2,1,1,2,1,1,1,9.5,1,2,2,1,1,1,36,11,2,1,17.5,1,1,1,2,1,1,1,3.5,1,1,1,2,16,7,2,1,1,2,1,1,1,2,2,1,1,3,1,1,2,1,1,2,2,1,1,1,1,2,1,1,2,117.5,2,1,2,2,2,1,2,2,1,1,1,1,11,2,1,2,2,1,1,1,2,1,2,2,1,10,1,2,2,1,1,1,1,2,2,1,2,2,1,1,1,1,1,3,3.5,2,2,1.5,3,1,1,2,1.5,1,13.5,12.5,3,2,2,2,1,18.5,1,1,2,1,2,2,8,1,1,2,1,1,2,1,1,2,2,1,2,1,1,1,2,1,2,6,1,2,3.5,1,2,2,1,4.5,2,2,1,1,2.5,4.5,1,1,2,2,1,1,3,2,1,1,2,1,2,2,1,2.5,1,1,2,1,1,2,1,2,2,2,2,1,1,1,1,4.5,10,1,4,2,4.5,1,5,2,4,2,1,4,2,6,1,11.5,1,1,1.5,1,1,2,2,1,1,2.5
"55","control7-early disease",2,1,1,2,1,2,2,1,1,2,2,1,3,1,37,1,2,2,1,1,35,1,1,2,2,1,2,1,1,2,4,2,2,2,1,35,2,14,1,1,1,2,1,26,1,2,3,7.5,1,1,2,1,2,2,2,2,2.5,1,2,1,1,4,1,1,2,5,1,3,1,1,1,1,1,1,1,2,2,1,2,2,1,6,1,1,2,1,1,1,1,2,1,1,1,2,1,1,1,1,2,5.5,2.5,2.5,2,2,3.5,13,1,2,1,1,2,1,1,1,1,1,2,2,1,1,1,1,11.5,2,1,1,1,1,1,2,1,1,1,2,1,1,1,2,12,1,2,1,1,2,31.5,2,1,2,2,7,1,2,1,1,2,1,1,1,1,1,1,1,1,1,1,1,3,69.5,1,1,2,2,2,1,2,2,1,1,1,1,1,2,2,2,2,1,1,3.5,2,1,2,2,1,1,1,2,2,1,1,1,1,1,1,1,2,2,1,1,1,1,2,1,1.5,2,1,1,1,1,2.5,2,85,1,4,1,58,2,2,2,1,1,1,1,2,1,2,3.5,2.5,1,1,2,1,1,2,1,1,2,2,1,2,1,1,1,2,1,1,2,1.5,2,3,1,1,2,1,3,2,2,2,1,2,3.5,1,1,2,2.5,1,1,102,2,2,1,2,1,2,2,1,1,1,4,2,1,1,1.5,1,2,2,1,2,1,1,1,1,1,5.5,1,4.5,2,3.5,1,2,2,1,2,1,1,1,1,1,2,1,1,1,1,1,2,2,15.5,1,2
"56","control7-early post partum",5.5,2,10,5,15,21.5,6,5.5,9,5.5,5,29,6,15,106,6.5,3.5,4,5,23,21.5,14.5,8.5,4.5,6.5,10.5,6,23.5,11,44.5,5.5,3.5,26.5,5,4,11.5,4,6.5,4,8.5,41,6,6.5,5.5,5,11.5,52.5,5.5,11.5,24,6.5,4,8,5,5,3.5,46,5.5,6,3.5,6.5,49,18.5,22,4.5,8.5,13,34,23,15,6.5,11.5,3,11.5,11,4.5,4.5,20,6.5,5,4,62,10,8.5,5,5,26,28,5.5,36,5,8,4,5,10.5,7,7.5,4.5,5.5,42.5,4,6,7,8.5,6.5,6.5,35,6.5,7.5,5,7,26,6,7,6.5,18.5,6,5.5,4.5,6.5,24.5,21,69,33,28,16.5,31,20.5,4,4.5,6.5,5,8,56.5,14.5,24.5,3,6.5,74.5,5.5,5.5,6,5,5,6.5,29,23.5,5.5,3,6.5,3.5,6,22.5,28,7.5,6,6,22.5,20.5,18,5,17,8,11.5,4,9.5,50.5,47,17,9,5,6,5.5,9.5,5,5.5,32.5,8,6,8,5,7,15,4.5,4.5,12,15.5,5,5.5,5.5,4.5,3.5,8,6,8,5.5,5.5,14,5.5,17,10.5,41.5,25.5,14.5,5.5,7,3,7,4,23.5,26,28,37,4,26,5.5,5.5,4.5,6.5,4,23.5,41.5,7,6,38.5,4,4,6.5,10.5,4.5,3.5,6,4,12,5.5,35,60,4,4,3.5,6.5,7.5,5.5,12,3.5,6,4.5,5,6.5,10,6,9,4,4,19.5,55.5,8,6.5,44.5,9.5,12.5,8,7,55.5,5,5,15.5,11,44.5,57,4.5,13,4.5,37,13.5,2,36,6,28.5,20,4.5,14.5,4.5,4.5,6.5,5,5.5,9.5,5,10,4,4.5,3.5,7.5,6,14.5,4.5,14.5,8.5,10.5,2.5,38,63.5,14,48.5,6,7,18.5,49.5,6.5,47,5.5,5,45.5,22,4,21.5,6,4,5,5,4,9.5,5,4.5,10,14.5,5
"57","control7-early pre-onset",6.5,2,5.5,5,10,16.5,4.5,6.5,6,6.5,5,23,6,12.5,87,5,3.5,4.5,5.5,16,7,9.5,7,4.5,4.5,9,4.5,12.5,7.5,32.5,5.5,3.5,22.5,4.5,5.5,65.5,4,5.5,4,6.5,64,6,5,5,8,5.5,38,5.5,8.5,19,5,4,4.5,5,5.5,3.5,30,5.5,4,3.5,4.5,36.5,16,15,4.5,7,7.5,26.5,17,12,4,8,3,5.5,6.5,4.5,4.5,13.5,4.5,5,4,48.5,9,6,4.5,4.5,15,19.5,5.5,28,5,4,6,5,6,4.5,6,4.5,6,18,4,12.5,5,6,5.5,31.5,24.5,6,5,10.5,5,20,7,5.5,16.5,11,4.5,5.5,4.5,5.5,16.5,14.5,55,24,26.5,20,24,13,4,4.5,5,6,8.5,45,10,13.5,3,6.5,54.5,6.5,4,6,4,5.5,6,23,16,4.5,3,6.5,3.5,8.5,16,16.5,6,5.5,5.5,17.5,17,14,4.5,9.5,5,10.5,4.5,5.5,26,35,14.5,7,5,4.5,4.5,9.5,5,4.5,25,7,4,4.5,5,5.5,10.5,3.5,4.5,10,13.5,5,5,5.5,4.5,3.5,8,6,5.5,4.5,5.5,9,5.5,10,5.5,32,22,11,4.5,6.5,4,4.5,4,15,17.5,19.5,23.5,4,21.5,5.5,11,5,6.5,4,19,33.5,7,6,23.5,4,4,4.5,6.5,4.5,3.5,6.5,4.5,7.5,5,21.5,45,4.5,3.5,3.5,4.5,7,6,6.5,3.5,4,4.5,5,6.5,5,5,5.5,4,4,11.5,37.5,20.5,5.5,35.5,5,8.5,7.5,5.5,38,5.5,10.5,11,8.5,24.5,41,4,11.5,4,28.5,10,2,26.5,4,18,18.5,5,9.5,4.5,4.5,6,11.5,5,7,4.5,10,4.5,12,4,5,6,5,4.5,8.5,7.5,9,2.5,30,47,11,33.5,6,10.5,10,33.5,6.5,34,5.5,5,31.5,16.5,5,16,6,4,4.5,5,5.5,7,5,4.5,6.5,14,5.5
"58","control7-late pre-onset",2,1,1,2,1,1,2,1,1,2,2,2,1,1,49,1,2,2,1,1,37,1,1,2,2,1,2,1,1,3.5,3,2,4,2,1,84,2,1,1,1,45.5,2.5,1,4.5,4.5,1,5,8,1,4,2,1,2,2,2,2,5.5,1,2,1,2,4.5,1,1,2,3,1,2.5,3,1,1,1,1,1,1,2,2,1,2,2,1,15,1,1,2,1,2,2,1,2,1,1,1,2,1,1,1,1,2,1,5,9.5,2,2,1,33.5,2.5,2,2,3.5,2,2.5,2,1,2.5,1,2,2,1.5,2.5,2,1,15.5,2,2.5,12,1,2,1,2,1,2,1,8,2,2,1,2,19,3.5,2,1,1,2,4,1,1,2,2,2,1,3,1,3.5,2,1,1,2,1,1,1,1,1,1,1,2,4.5,21.5,1,3,2,2,2,1,2,2,2,1,1,1,1,2,2,2,2,1,1,1,2,1,2,2,1,1,2,2,2,1,1,2,1,4.5,2,1,2,2,2,1,1,2,2,3,5,2,3,1.5,1,1.5,1,2,55,5,2,1,1.5,2,2,2,1,1,1,1,2,1,2,4,12,1,1,2,2,1,2,1,1,2,2,1,2,1,2,1,2,1,2,5,10,2,8,1,1,2,1,7,3,7,1,1,4,7,1,2,2,3,2,1,67,2,2,1,2,1,2,2,4.5,6,1,1,2,1,1,7,1,2,2,2,2,1,2.5,1,1,2.5,14.5,1,4.5,7.5,3.5,1.5,9.5,2,7.5,2,3,4,2,6,1,1,1,1,1,1,1,2,2,19,2,2
"59","control8-early disease",2,1,1,2,1,3,2,1,1,2,2,1,1,1,10,1,2,2,1,1,1,1,1,2,2,1,2,1,1,1,2,2,1,2,1,17,2,12,1,1,1,2,1,54,1,1,3,1,1,1,2,1,2,2,2,2,1,1,2,1,1,3,1,3,2,3,1,1,1,1,1,1,1,1,1,2,2,1,2,2,1,1,1,1,2,1,1,1,1,1,1,1,1,2,1,1,1,1,2,71,1,1,2,2,1,1,1,2,1,1,2,1,1,1,1,1,2,2,1,1,1,1,1,1,1,1,1,1,1,2,1,1,1,1,1,1,1,2,7,1,2,1,1,2,61,1,1,2,2,4,1,2,1,1,2,1,1,1,1,1,1,1,1,1,1,1,1,4,1,1,2,2,2,1,2,2,1,1,1,1,1,2,4,2,2,1,1,1,2,1,2,2,1,1,1,2,2,1,3,1,1,1,1,1,2,2,1,1,1,1,4,1,1,2,1,1,1,1,3,2,84,1,3,1,79,2,2,2,1,1,1,1,2,1,2,1,4,1,1,2,1,1,2,1,1,2,2,1,2,1,1,1,2,1,1,3,2,2,1,1,1,2,1,1,2,2,1,1,1,3,1,1,2,1,1,1,128,2,1,1,2,1,2,2,1,1,1,1,2,1,1,1,1,2,2,1,2,1,1,1,1,1,1,1,1,2,1,16,3,2,1,2,1,5,1,1,1,1,1,1,1,1,1,2,2,3,1,2
"60","control8-early post partum",11,3,14,11,28,50,7,10,16,11,8,53,11,29,124,8,5,10,9,27,20,10,22,7,5,22,6,9,20,64,9,6,49,6,7,20,6,11,12,13,27,10,13,9,9,9,77,10,17,8,13,7,6,8,15,5,71,15,9,6,9,56,35,42,7,13,18,56,27,31,6,12,5,7,12,7,14,23,10,8,18,45,8,10,6,7,9,43,10,37,9,16,9,10,10,8,13,8,6,47,7,11,6,9,10,11,60,10,15,9,11,51,8,12,12,29,10,9,8,9,42,20,81,55,53,11,54,27,12,10,10,12,13,47,14,14,5,10,64,10,5,11,7,6,28,51,22,13,4,12,19,10,39,11,11,10,10,40,44,33,5,17,11,11,7,16,36,52,18,19,8,7,7,12,6,7,48,9,7,17,9,10,14,5,7,24,35,9,9,10,7,5,19,11,13,13,7,11,10,30,14,69,51,26,7,8,5,7,7,45,45,50,30,6,40,10,10,8,12,6,31,71,13,11,44,6,11,6,12,8,6,17,10,10,6,22,87,6,8,9,7,15,7,9,10,6,7,9,11,6,8,12,6,13,38,65,12,13,33,11,17,10,11,83,10,8,8,26,11,75,7,8,6,59,17,3,63,10,50,39,11,8,11,8,16,9,7,23,7,9,7,8,6,8,10,8,7,11,21,12,4,65,56,26,42,10,13,38,77,6,73,9,9,71,22,7,27,11,7,6,9,7,11,14,7,12,19,8
"61","control8-early pre-onset",10,3,10,11,29,56,10,14,23,15,8,50,11,27,126,9,6,11,9,38,13,10,23,7,5,21,6,9,18,59,9,8,48,7,7,10,7,10,10,12,19,10,8,10,9,11,74,10,18,8,11,7,6,8,12,5,74,14,8,6,9,62,32,43,10,12,24,55,26,30,6,15,5,6,15,7,11,17,9,8,15,43,8,11,6,7,9,38,10,33,9,16,16,12,10,6,13,8,12,31,7,11,6,12,10,11,52,7,18,9,9,52,13,13,12,22,12,9,8,8,40,11,54,52,56,10,58,22,8,7,13,10,8,42,13,9,5,11,69,10,5,11,7,7,32,52,9,8,4,12,15,10,33,11,14,10,9,41,42,23,5,24,15,8,8,11,34,41,20,10,8,6,7,10,6,6,51,8,8,18,9,12,8,5,7,23,34,9,7,10,7,5,20,11,13,14,9,12,10,25,21,67,54,29,7,7,5,7,7,44,44,51,31,6,21,10,10,8,12,6,29,70,13,11,47,6,6,6,9,8,6,20,6,11,7,23,90,6,7,6,7,17,10,10,14,6,7,9,11,6,8,9,6,14,42,52,12,13,31,13,15,10,10,85,11,8,8,30,12,73,7,8,6,52,15,3,55,9,46,42,9,8,12,10,13,9,7,22,7,9,7,8,6,7,10,7,7,10,22,9,4,66,49,25,58,10,13,35,73,6,75,9,9,68,19,7,23,11,8,6,9,7,8,10,7,11,16,8
"62","control8-late pre-onset",2,1,1,2,1,1,2,1,1,2,2,1,1,1,13,1,2,2,1,1,1,1,1,2,2,1,2,1,1,1,2,2,1,2,1,31,2,14,1,1,1,2,1,39,1,1,1,1,1,1,2,1,2,2,2,2,1,1,2,1,1,1,1,1,2,1,1,1,1,1,1,1,1,1,1,2,2,1,2,2,1,1,1,1,2,1,1,1,1,1,1,1,1,2,1,1,1,1,2,1,1,1,2,2,1,1,1,2,1,1,2,1,1,1,1,1,2,2,1,1,1,1,1,1,1,1,1,1,1,2,1,1,1,1,1,1,1,2,3,1,2,1,1,2,48,1,1,2,2,1,1,2,1,1,2,1,1,1,1,1,1,1,1,1,1,1,1,3,1,1,2,2,2,1,2,2,1,1,1,1,1,2,1,2,2,1,1,1,2,1,2,2,1,1,1,2,2,1,1,1,1,4,1,1,2,2,1,1,1,1,1,1,1,2,1,1,1,1,1,2,94,3,1,1,65,2,2,2,1,1,1,1,2,1,2,1,1,1,1,2,1,1,2,1,1,2,2,1,2,1,1,1,2,1,1,1,1,2,1,1,1,2,1,1,2,2,1,1,1,3,1,1,2,1,1,1,142,2,1,1,2,1,2,2,1,1,1,1,2,1,1,2,1,2,2,1,2,1,3,1,1,4,1,1,1,2,1,5,3,2,1,2,1,1,1,1,1,1,1,1,1,1,1,2,2,1,1,2
"63","control9-early disease",2,1,1,2,1,1,2,1,1,2,2,1,1,1,9,1,2,2,1,1,1,1,1,2,2,1,2,1,1,1,2,2,1,2,1,36,2,1,1,1,3,2,1,3,1,1,1,1,1,1,2,1,2,2,2,2,1,1,2,1,1,1,1,1,2,1,1,1,1,1,1,1,1,1,1,2,2,1,2,2,1,1,1,1,2,1,1,1,1,1,1,1,1,2,1,1,1,1,2,19,1,1,2,2,7,4,3,2,1,1,2,1,1,1,1,1,2,2,1,1,1,3,2,1,1,1,1,1,1,2,1,1,1,13,1,1,1,2,3,1,2,1,1,2,78,13,1,2,2,3,1,2,1,1,2,1,1,1,1,1,1,1,1,1,1,1,1,97,1,3,2,2,2,1,2,2,1,1,1,1,1,2,1,2,2,5,1,5,2,1,2,2,1,1,1,2,2,1,1,1,1,1,3,1,2,2,1,1,1,1,1,1,1,2,1,1,1,1,3,2,13,1,5,1,8,2,2,2,1,1,1,1,2,1,2,1,6,1,1,2,1,1,2,11,1,2,2,1,2,1,1,1,2,1,1,1,1,2,1,1,1,2,1,1,2,2,1,1,1,3,4,1,2,3,1,1,167,2,1,1,2,1,2,2,1,1,1,1,2,1,5,1,1,2,2,1,2,1,1,1,1,1,1,1,1,2,1,42,3,2,3,2,1,1,1,1,1,5,1,1,1,1,1,2,2,1,1,2
"64","control9-early post partum",2,1,1,4,5,10,2,1,3,4,2,8,1,5,75,1,2,2,1,4,1,1,6,2,2,4,2,1,1,15,2,4,9,2,1,5,2,1,1,5,6,2,5,1,1,1,30,1,4,1,2,1,2,2,2,2,23,3,2,1,1,18,6,11,2,1,5,6,5,4,1,3,1,1,1,2,5,1,4,2,8,14,1,3,2,1,1,6,1,4,1,5,1,2,3,1,5,1,2,130,1,1,2,2,1,1,12,2,1,1,2,13,1,1,1,1,4,2,1,1,11,4,33,11,6,1,15,5,1,4,1,1,1,6,1,1,1,2,40,1,2,1,1,2,4,9,3,2,2,1,5,2,5,1,2,1,5,14,9,8,1,4,1,3,1,3,2,23,6,1,2,2,2,1,5,4,10,1,1,6,1,2,1,2,2,5,7,1,4,1,2,2,1,1,3,2,2,4,1,4,4,15,12,6,2,2,1,1,1,12,4,8,1,2,3,1,1,1,1,2,2,20,3,1,3,2,2,2,1,1,1,1,2,1,2,1,36,1,1,2,1,3,2,3,1,2,2,1,2,1,1,1,2,6,3,22,1,4,8,3,1,2,1,34,2,2,1,11,1,26,1,1,2,13,3,1,6,2,10,6,2,1,2,4,3,1,1,1,2,1,1,1,1,2,2,1,2,1,1,3,1,18,31,1,16,2,1,3,27,2,23,2,1,22,11,1,3,3,1,1,1,1,5,4,2,1,5,2
"65","control9-early pre-onset",2,1,1,2,3,5,2,1,3,4,2,3,1,1,67,1,2,2,7,1,1,1,1,2,2,1,2,1,1,10,2,2,1,2,1,5,2,1,1,1,81,3,1,1,1,1,25,1,1,1,2,1,2,2,2,2,19,1,2,1,1,6,1,5,2,1,1,4,1,1,1,1,1,1,1,2,2,1,2,4,3,5,3,3,2,1,1,1,1,3,1,1,1,2,1,1,1,1,2,131,1,1,2,2,1,1,5,4,3,1,4,9,1,1,19,4,2,5,1,3,5,3,20,7,4,44,9,4,1,2,1,3,1,5,1,1,1,2,25,5,2,1,1,2,1,6,1,2,2,1,1,2,4,1,2,1,1,6,4,1,1,3,1,1,1,1,1,26,1,8,2,2,2,1,2,2,3,1,1,4,1,2,1,2,2,3,4,1,2,1,2,2,1,1,3,5,2,1,1,1,1,7,6,4,2,2,1,1,1,4,3,6,1,2,1,6,1,2,1,2,2,14,1,1,2,2,2,2,1,1,1,1,2,1,2,1,30,1,1,2,1,1,2,3,1,2,2,1,2,1,7,1,2,1,1,16,1,4,4,1,1,2,1,27,2,2,1,4,1,18,1,1,2,7,1,1,4,2,4,1,2,3,4,2,1,1,1,1,2,1,1,1,4,2,2,1,2,1,1,1,1,11,22,4,3,2,1,1,17,2,18,2,1,13,1,1,4,5,1,1,10,1,1,4,2,1,1,2
"66","control9-late pre-onset",12,3,14,8,22,46,7,11,19,11,8,47,11,19,113,8,5,6,9,24,13,10,16,7,5,19,6,9,10,29,9,6,41,6,7,132,6,10,14,15,45,10,8,20,16,9,70,10,12,14,10,7,6,8,13,5,66,13,7,6,8,31,25,37,11,18,16,36,22,25,6,18,5,6,16,7,15,17,10,8,17,37,9,12,6,7,9,18,10,26,9,18,11,13,10,6,8,8,6,39,7,11,6,7,10,38,42,9,13,17,8,45,10,8,12,19,11,9,8,15,36,51,51,46,37,27,51,25,7,9,9,8,7,49,12,18,5,14,56,10,5,11,7,6,28,39,16,7,4,12,22,11,29,12,10,10,10,44,38,32,5,26,10,13,7,10,34,67,12,30,8,6,7,11,6,6,46,8,8,18,9,15,9,5,7,25,28,10,7,10,7,5,15,11,13,12,6,13,10,22,20,51,47,24,6,6,12,7,7,36,27,44,11,6,22,10,10,8,12,6,39,58,13,11,80,6,6,6,10,8,6,15,7,10,7,19,82,7,8,5,7,10,7,21,9,6,7,9,11,6,17,10,6,16,23,35,25,11,29,12,12,8,10,77,8,8,8,27,11,61,8,8,6,47,18,3,91,7,37,27,8,8,7,12,11,19,7,16,7,9,7,24,13,6,10,8,7,10,18,7,4,59,44,24,29,10,25,39,69,6,67,9,9,60,27,7,17,11,7,6,9,7,10,16,7,16,13,8
"67","LOS1-early disease",2,1,1,2,1,1.66666666666667,2,1,1,2,2.66666666666667,1,1,1,18.3333333333333,1,2,2,1,1,1,1,1,2,2,1,2,2.33333333333333,1,1,2,2,1,2,1,83,2,1,1,1,35,2,1,1.33333333333333,5.66666666666667,1,2,1,1,1,2,1,2,2,2,2,1.66666666666667,1,2,1,1,2,1,1.66666666666667,2,2.33333333333333,1,1,1,1,1.66666666666667,1,1,1,1,2,2,1,2,2,1,5,1,1,2,1,3,1.66666666666667,1,1.66666666666667,1,1,1,2,1,1,1,1,2,1,1,1,2,2,1,1,1,2,1,6,2,1,1,1,1.33333333333333,1,2,2,1,2,1,1,6.66666666666667,1,1,9.33333333333333,1,1,1.66666666666667,2,1,1,1,1.66666666666667,1,1.66666666666667,1,2,5.66666666666667,3.66666666666667,2,1,1,2,8,1,1,2,2,1,1,4.33333333333333,1,4.33333333333333,2,1.66666666666667,1,1,1,1,1,1,1,1,1,1,11.3333333333333,1,1,3,2,2,2,1,2,2,1,1,1,1,1,2,1,2,2.66666666666667,1,1,1,2,1,2,2,1,1,1,2,2,1,1,1,1,1,1,1,2,2,1.66666666666667,1,1,1,1,1,5.66666666666667,2,1,1.33333333333333,1,1,1,2,88,1,1,1,1.66666666666667,2,2,2,1,1,1,1,2,1,2,4,1.66666666666667,1,1,2,1,1,2,2.33333333333333,1.66666666666667,2,2,1,2,1,1.66666666666667,1.66666666666667,2,1,1,1,6.33333333333333,2,3.66666666666667,1,1,2,1,2.33333333333333,2,2,1,1,9.33333333333333,2,1,1.66666666666667,2,2.33333333333333,1,1,108.666666666667,2,2.33333333333333,1.66666666666667,2,1,2,2,1,6.33333333333333,1,1,2.66666666666667,2,1,8.66666666666667,1,2,2,1,2,1.66666666666667,1,1,1,1,3,1,2.66666666666667,2,4.33333333333333,2.66666666666667,1.66666666666667,2,1,2,1,1.66666666666667,1,1.66666666666667,1,1,1,1,1,1,1,2,2,1,1,2
"68","LOS1-early post partum",8,3,16,8,12,19.5,7,9,10.5,8,8.5,28,11,17,101,10,5,6,9,28,38,25.5,10,7,5.5,15,6,36,11,39,9,5,31.5,9.5,9,88.5,6,19,7,9.5,65,10,10,11,9,9,50.5,10,11,8,9,7,8.5,8.5,8,6.5,38.5,10.5,6.5,6,9,47.5,13.5,20.5,7,14.5,14.5,31,23.5,8.5,14,13,5,10,13,7,7,9,8.5,8,7,60.5,11.5,8,7.5,13.5,46.5,25,10,45.5,9,10.5,7,8,12.5,8.5,9,8,6.5,56.5,7,11,6,7,10,43,31,8,11,9.5,9,23.5,8,8.5,12,14.5,7,9,8,9,17.5,13.5,71.5,32.5,23,23,25,21.5,10.5,7,14,9.5,7.5,57,14.5,36.5,6.5,9,76,10,5.5,11,14,6,26.5,27.5,42.5,8,4,12,9,10,20.5,49.5,8,33,11.5,17.5,17,18.5,6.5,24,8.5,17.5,10.5,18,67,78,17,22,8,6,7,13,7.5,7.5,32,14.5,9.5,8,9,8,8.5,5,9,14.5,15,9,7.5,10,7,6,10.5,11,7.5,7,7,14.5,10,14,11,34,21.5,18,6,6,7,7,7,22.5,24,21.5,57,8,25,10,10,8,12,6,92.5,45,13,11,59,6,7,8,11.5,10,8.5,7,8.5,22.5,5,60,50,6,12,5,7.5,9.5,7,26,5.5,11,7,9,11,6.5,12,24.5,6,7,20.5,43,12.5,8.5,49.5,8.5,15.5,8,9.5,45.5,8,8,12,8,66,42.5,7,10.5,6,30.5,16,3,119,6,32,21.5,8,8,7,7,10.5,9,16.5,8,9.5,35.5,7.5,8,6.5,7.5,10,13,7,33,8.5,11,4,42,60.5,14,41,10,13.5,21,46,10,41,9,9,43,21,7,18,11,7,14,9,7,10,9.5,7,13.5,24,8
"69","LOS1-early pre-onset",9,3,10,8,11,22,8,9,13,8,8,27,11,18,107,8,5,6,9,22,12,36,11,7,6,14,8,47,12,45,9,6,39,6,10,39,6,10,7,9,77,10,7,9,9,9,55,10,16,9,8,7,7,8,8,5,49,9,8,6,11,37,23,23,7,17,16,32,27,15,21,12,5,9,14,7,7,8,7,8,7,69,13,10,7,14,55,22,10,51,9,11,7,8,14,12,7,8,7,50,7,11,7,8,10,11,37,8,17,9,10,34,6,7,12,17,7,9,8,11,18,11,77,35,26,19,30,18,7,7,9,9,8,54,15,36,9,9,83,10,6,11,11,7,28,32,50,8,4,12,13,10,21,58,8,38,9,21,19,19,9,23,12,12,16,14,84,55,20,21,8,8,7,16,6,6,31,11,8,9,9,8,9,5,7,15,18,9,8,10,7,5,8,11,9,7,6,22,10,21,21,44,23,13,11,7,5,8,7,27,19,32,66,6,29,10,10,8,12,6,37,53,13,11,36,6,6,6,15,8,6,7,6,25,5,60,63,6,10,5,7,9,8,18,5,7,8,9,11,6,12,22,6,7,22,55,12,8,61,10,10,8,6,55,9,8,8,8,78,49,7,8,6,35,17,3,47,8,27,25,7,8,8,7,11,9,14,9,8,45,8,8,8,6,10,9,7,27,8,12,4,43,68,10,52,10,13,21,50,12,51,9,9,47,32,7,20,11,7,11,9,9,12,8,7,20,13,8
"70","LOS1-late pre-onset",3,3.5,1,2,1,3,2,1,1,2,2,3,1,1,39.5,1,2,2,8.5,1,2.5,1,1,4,2,2.5,2,3,2,5,2,2,4,2,1,90.5,2,1,1,1,52,4.5,1,1,1,3.5,12,1,1,5.5,2,1,2,2,2,2,9,1,2,1,1,8.5,2.5,3.5,2,1,2,6,1,2,1,1,1,1,1,5.5,2,6.5,2,6.5,1,17,1,1,2,1,4,3.5,1,3.5,1,2,1,2,1,3,1,1,3.5,1,1,1,2,2,1,1,4.5,2,1,2,2,2,1,1,12,2.5,2,4.5,6,1,2,1,19,2,3,25,4,3.5,1,2,1,1,1,8.5,1,2.5,1,2,20.5,4,2,1,1,2,4,10,2,3.5,2,1,1,4,3.5,3.5,2,1,1,3,3.5,3,1,1,1,1,1,1,7.5,2.5,2,1,2,2,3.5,1,2,2,3.5,1,1,1,1,2,1,2,2,2,1,4.5,2,1,2,2,1,1,1,2,2,1,1,3,2.5,7.5,3.5,2,2,2,1,1,1,1,2.5,2.5,7,3,3.5,9,5,6,1,2,68,8,1,1,2,2,2,2,2,1,1,1,2,2,2,5,15,1,1,2,1,1,2,2.5,1,2,2,1,2,1,1,1,3.5,1,3,11,7.5,2,8.5,2,1,2,1,12.5,2,2,2,1,4.5,10.5,1,4,2,4,3.5,4,85.5,2,2,2.5,2,2,2,2,1,7.5,1,1,2,7.5,1,8.5,1,3,2,1,2,2.5,1,2.5,1,5.5,16,2,8,3,3.5,1.5,9.5,3,9,5,1,9.5,2.5,9.5,1,1,1,1,8,1,1,2,2,2,1,6
"71","LOS2-early disease",2,1,1,2,1,1.66666666666667,2,2.33333333333333,1,2,2,2,1,1,29.3333333333333,1,2,2,1,1,14.6666666666667,2,1,2,2,1,2,6.33333333333333,1,3.33333333333333,2,2,1.66666666666667,2,1,31.3333333333333,2,1.33333333333333,1,1,1,2,1,5.66666666666667,1,1,6.33333333333333,1,1,3,2,1,2,3.33333333333333,2,2,5.66666666666667,1,2,1,1,6.33333333333333,1,1,2,2.66666666666667,1,2.66666666666667,1.66666666666667,1,1,1,2,1,1.66666666666667,2,2,4,2,2,1,11.3333333333333,1,1,2,3,6.33333333333333,1,1,2.33333333333333,1.66666666666667,1,1,2,1,1,1,1.66666666666667,2,17.3333333333333,1,1,2,2,1,1.33333333333333,2,2,1,1,2,1,1,1,1,1,2,2,1,2.66666666666667,1.66666666666667,14.3333333333333,13.3333333333333,2,2.33333333333333,1,3.33333333333333,1,4,2,1.66666666666667,1,1,7.33333333333333,1,2,1,2,14,1,2.66666666666667,1,1.66666666666667,2,10.3333333333333,3,6.33333333333333,2,2,1,1,2,1.66666666666667,7.33333333333333,2,6.33333333333333,1.66666666666667,1,1,1,1,1.66666666666667,1,1,1,1,20.3333333333333,13.6666666666667,1.66666666666667,2.66666666666667,2,2,2,1,2,2,2.66666666666667,1,1,1,3.33333333333333,2,1,2,2.66666666666667,1,1.66666666666667,1,3,1,2,2,1,1.66666666666667,1,2,2,1,1,2,1,5.33333333333333,1,1,2,2,1,1.66666666666667,1,1,1,1.66666666666667,9.33333333333333,2,1.66666666666667,1,1,1,1,2,136,3.33333333333333,2.33333333333333,2.66666666666667,19.3333333333333,2,2,2,1,3.66666666666667,1,1,2,2.66666666666667,2,9.66666666666667,8.33333333333333,1,1.66666666666667,2,2.33333333333333,1,2,2,1,2,2,1,2.66666666666667,1,1.66666666666667,2.33333333333333,2,1,1,7,1,2,7,1,3,2,1,5.66666666666667,2,2,5,1,14.6666666666667,6.33333333333333,1,3,2.66666666666667,2.33333333333333,1,1,160.333333333333,2.66666666666667,1,1,2,1,2,2,1,1.33333333333333,1,1,2.66666666666667,2.66666666666667,2,1,1.66666666666667,2,2,1,2,2,1,1,1,2,11,1,3,2,1,4.66666666666667,6.66666666666667,2,2.66666666666667,2,1,5.33333333333333,1.66666666666667,1,1.66666666666667,1,1,1.66666666666667,1,1,1,2,3.33333333333333,4,1,2
"72","LOS2-early post partum",6,3,16,8,13,45,7,9,11,9,8,37,11,20,92,8,6,6,9,26,12,32,16,7,5,16,6,51,15,43,9,5,23,6,7,69,6,10,7,10,66,10,8,9,9,14,54,10,18,22,8,7,6,8,8,7,50,8,8,6,8,41,25,12,7,12,19,26,17,13,10,10,5,15,11,7,7,30,9,8,7,63,14,8,9,15,37,27,10,47,9,11,7,8,10,11,7,8,6,12,7,11,7,8,10,12,28,8,11,9,8,22,7,8,12,9,7,9,8,8,24,20,57,36,26,24,26,14,7,7,13,7,9,89,13,14,14,10,68,10,7,11,16,6,33,33,39,7,4,12,6,10,27,55,8,42,15,26,27,18,5,18,9,17,10,12,74,44,19,14,8,8,7,13,7,7,30,8,11,8,9,9,8,5,7,17,18,9,7,10,7,5,8,11,11,7,6,14,10,28,16,32,33,21,6,6,5,11,7,24,29,39,58,6,39,10,10,8,12,6,64,34,13,11,61,6,6,8,9,8,6,7,6,21,6,46,60,9,10,5,12,10,7,49,10,6,7,9,11,6,8,8,6,7,27,57,12,10,50,8,11,8,9,61,8,8,26,8,67,53,7,20,10,27,16,3,77,6,23,22,8,8,7,7,11,9,17,13,7,22,7,8,6,6,10,12,7,29,11,8,4,32,54,17,51,10,13,19,44,7,43,9,9,40,15,7,20,11,7,20,9,7,8,8,7,11,14,8
"73","LOS2-early pre-onset",6,3,19,8,9,44,7,8,16,8,10,44,11,23,111,9,5,6,9,26,22,31,15,7,5,8,10,42,12,48,9,8,28,6,7,20,7,11,7,9,63,10,11,14,9,14,56,10,10,20,8,7,6,8,8,5,54,8,6,6,9,52,18,18,7,13,10,31,23,13,16,11,5,12,15,7,7,31,8,8,7,49,15,8,8,18,47,26,10,24,9,11,7,8,12,11,8,8,6,35,7,11,8,10,11,11,31,8,9,9,12,26,6,12,13,13,8,9,8,8,25,34,70,45,23,24,33,30,11,7,15,8,7,77,13,30,9,10,87,10,11,11,13,6,31,27,44,7,4,12,6,10,18,56,8,32,15,19,20,21,11,23,9,11,8,18,79,98,24,10,8,8,11,11,7,6,32,9,7,9,9,8,8,5,15,11,25,9,7,10,9,5,9,11,7,7,7,10,10,29,13,49,31,10,6,7,6,9,7,28,28,29,62,9,24,10,10,8,12,12,65,40,13,11,70,6,6,10,9,14,6,7,8,17,5,59,65,9,16,6,15,12,7,37,6,6,11,9,11,16,8,14,6,7,41,61,12,9,36,10,11,8,18,59,8,8,30,12,76,56,13,18,11,32,15,3,80,6,28,29,8,8,7,7,11,9,16,13,13,44,8,8,6,8,10,13,7,14,9,13,4,45,69,10,41,10,13,19,56,7,53,9,9,41,24,7,29,11,7,15,9,7,10,8,11,12,14,8
"74","LOS2-late pre-onset",2,1,1,2,1,1,2,1,1,2,2,1,1,1,5,1,2,2,1,1,1,1,1,2,2,1,2,1,1,1,2,2,1,2,1,1,2,1,1,1,2,2,1,4,1,1,1,1,1,1,2,1,2,2,2,2,1,1,2,1,1,1,1,1,2,1,1,1,1,1,1,1,1,1,1,2,2,1,2,2,1,1,1,1,2,1,1,1,1,1,1,1,1,2,1,1,1,1,2,8,1,1,2,2,1,1,1,2,1,1,2,1,1,1,1,1,2,2,1,1,1,1,1,1,1,1,1,1,1,2,1,1,1,1,1,1,1,2,2,1,2,1,1,2,6,1,1,2,2,1,1,2,1,1,2,1,1,1,1,1,1,1,1,1,1,1,2,59,1,1,2,2,2,1,2,2,1,1,1,1,1,2,1,2,2,1,1,1,2,1,2,2,1,1,1,2,2,1,1,1,1,1,1,1,2,2,1,1,1,1,1,1,1,2,1,1,1,1,1,2,131,1,1,1,1,2,2,2,1,1,1,1,2,1,2,2,1,1,1,2,1,1,2,1,1,2,2,1,2,1,1,1,2,1,1,1,1,2,1,1,1,2,1,1,2,2,1,1,2,1,1,1,2,3,1,1,170,2,1,1,2,1,2,2,1,1,1,1,2,1,1,1,1,2,2,1,2,1,1,1,1,1,1,1,1,2,1,1,1,2,3,2,1,3,1,1,1,1,1,1,1,1,1,2,2,1,1,2
"75","LOS3-early disease",2,1,1,2,1,1,2,1,1,2,2,1,5,1,9,1,2,2,1,1,1,1,1,2,2,1,2,1,1,2.5,2,2,1,2,1,4,2,16,1,1,16.5,2,1,23.5,1,1,2,1,1,1,2,1,2,2,2,2,1,1,2,1,1,2.5,1,1,2,2,1,1,1,1,1,1,1,2,1,2,2,1,2,2,1,2,1,1,2,1,2.5,1,1,1,1,1,1,2,1,1,1,1,2,43,1,1,2,2,1,1,1,2,1,1,2,1,1,1,1,1,2,2,1.5,1,1,1,2,1,1,8,1,2,1,2,1,1,1,3,1,1,1,2,4,3,2,1,1,2,28.5,5.5,2,2,2,2,1,2,1,2,2,1.5,1,1,1,1,1,1,1,1,1,1,9.5,4,1,1,2,2,2,2,2,2,1,1,1,1,1,2,2,2,2,2,1,1,2,1,2,2,1,1,1,2,2,1,1,1,1,1,1,1,2,2,1,1,1,1,2,1,3.5,2,1,1.5,1,1,1,2,84.5,2,2.5,1,59,2,2,2,1,1,1,1,2,1,2,2,1.5,1,1,2,1,1,2,2,1,2,2,1,2,1,1,1,2,1,2,1,1,2,2,1,1,2,1,2,2,2,1,1,9,1,1,1,2,2,1,1,90,2,1,1,2,1,2,2,1,1,2,1,3,1,2,1,1,2,2,1,2,1,1,1,1,1,3.5,1,1,2,1,15.5,1,2,1,2,1,3,2,1,1,1,1,1,1,1,1,2,2,2.5,1,2
"76","LOS3-early post partum",4.5,2,7.5,5,5,21.5,4.5,5,7.5,5,5,14.5,6,7.5,67.5,4.5,3.5,4,5,9,7,16,7.5,4.5,3.5,7.5,6.5,26,6,22,5.5,4.5,11,4,4,47,4.5,16,4,6,19.5,6,4.5,19,5,8.5,26,5.5,7,15,5,4,4.5,5.5,5,5.5,18.5,4.5,4.5,8,5.5,22.5,7,9.5,4.5,11.5,8.5,16,11,8,8.5,6.5,3,3.5,6,4.5,5,20.5,5,5,4,34.5,5,4.5,4,8,23.5,11,5.5,14.5,5,4,4.5,5,9,5,4.5,5,4,102,4,6,4,5,6,19.5,21,4.5,5.5,5,5,11,4.5,4,6.5,7.5,4.5,5.5,4.5,4.5,12.5,6,42,16,15.5,6,12.5,10.5,6,4.5,5,5.5,5,40,8.5,11,4,5.5,43.5,5.5,4,10,5,4,20,19,21.5,4.5,3,6.5,6,6,13,22,5,15,6.5,9.5,6.5,10.5,4.5,7.5,5,11,8,8,44,108,9.5,9,5,4,4.5,7.5,4,5,18.5,4.5,4.5,4.5,5,5.5,5,3.5,4.5,6.5,9,6,5.5,5.5,4.5,3.5,6,6,4,4.5,4.5,8.5,6,10.5,7.5,16.5,17,5.5,4,4,3,6,5,14.5,12.5,12.5,37.5,4,16.5,5.5,5.5,4.5,6.5,5.5,50.5,20,7,6,55.5,4,4,5,6,4.5,10,4,4,10,3.5,30,26.5,6.5,10.5,3.5,5,5,5,17,3,6.5,4.5,5,6.5,3.5,4.5,5,4,4,15.5,20.5,10.5,5,28,5,6.5,5,3.5,29.5,5,5,25.5,5,43,26.5,4,17,5,18,8.5,2,56.5,4,11,13.5,4.5,5,4.5,4.5,5.5,5,6.5,9,4.5,14,4,4.5,3.5,4.5,6,5,4.5,13,6,5.5,2.5,16,33,7.5,18.5,6,7,17.5,24,4.5,21.5,5.5,5,18.5,17,4,12,6.5,6,5.5,5,4,5,5,4.5,16,9,5
"77","LOS3-early pre-onset",4.5,2,5.5,5,6,15.5,4.5,4.5,7.5,5.5,5,12.5,6,9.5,51,4,3.5,4,5,11.5,19,11,6.5,4.5,3.5,4.5,4,19.5,6.5,17,5.5,3.5,12.5,4,4.5,25.5,4.5,6,4,5,30.5,6,4.5,5.5,5,6,22,5.5,6,11.5,5,4,4,5,5,4.5,21,5,4,4,4.5,16.5,9,11.5,4.5,9,7,11.5,8.5,5,8,7.5,3,3.5,6,4.5,4.5,13.5,4.5,5,4,28,5.5,7.5,4.5,5,18,13,5.5,14.5,5,4,4,5,8,6,4,5,4,124.5,4,6,5,5,5.5,13,13,4.5,5,5,6,14.5,4,4,6.5,9,4.5,5.5,4.5,4.5,9,15,30,14,11.5,8.5,15,9.5,4,4.5,5,5,4.5,26.5,6.5,9,3.5,5.5,34,5.5,6,6,4.5,4,11.5,14.5,17.5,4.5,3,7.5,3.5,6,12.5,20.5,5,13.5,5,16,6.5,9,4.5,6,5,5.5,6,8.5,38.5,121,7.5,8.5,5,4,4.5,6.5,4,5.5,12,5,4,4.5,5,5,7,3.5,4.5,8,9,5,4.5,6,4.5,3.5,6,6,4,4.5,4,5.5,5.5,14,8,15,13,5.5,5,3.5,3,4,4,11,14,13,24,4,10.5,5.5,5.5,4.5,7.5,4.5,57.5,17.5,9,6,29.5,4.5,5,5,5.5,5,3.5,4,5,8.5,3.5,23,24,5,6.5,3.5,8,5.5,5,8,3,4,4.5,5,6.5,3.5,4.5,5.5,4,4,17,20,6.5,6,22.5,4.5,5.5,5,3.5,21.5,5,5,14.5,4.5,35,19.5,4,11,5.5,15.5,10,2.5,71.5,4,10.5,11,4.5,5,4.5,4.5,5.5,5,7.5,9,4.5,11,5,4.5,3.5,4.5,6,4.5,4.5,12,5,7,2.5,14,25,10,16,6,7.5,10,20,5,19,5.5,5,18,6.5,4,9.5,6.5,4,7.5,5,4,4.5,5,4.5,6.5,7.5,5
"78","LOS3-late pre-onset",2,1,1,2,2,1,2,1,1,2,2,2,4,1,24,1,2,2,1,1,1,1,1,2,2,1,2,1,1,2,2,2,1,2,1,43,2,24,1,1,15.5,2,1,44.5,1,1,2,1,1,2,2,1,2,2,2,2,2.5,1,2,1,1,2.5,1,1,2,1,1,1,1,1,1,1,1,1,1,2,2,3,2,2,1,3.5,1,1,2,1,2.5,1,1,1,1,1,1,2,1,1,1,1,2,31,1,1,2,2,7,6,1,2,1,1,2,1,1,1,1,1,2,2,1,1,1,1,10,3,1,1,1,1,1,2,1,1,1,15,1,1,1,2,9,1,2,1,2,2,52.5,4.5,3.5,2,2,2.5,1,2,1,4,2,3.5,1,1,1,1,1,1,1,1,1,1,14,33,1,1,2,2,2,1,2,2,1,1,2,1,1,2,1,2,2,1,1,1.5,2,1,2,2,1,1,1,2,2,1,2.5,3,1,2,1,1,2,2,1,1,1,1,1,2.5,7,2,2.5,1,1,1,3.5,2,74.5,1,2,1,80.5,2,2,2,1,1,1,1,2,1,2,5.5,2.5,1,1,2,1,1,2,4.5,1,2,2,1,2,1,1,1,2,1,2,3,1,2,3.5,1,1,2,2,4,2,2,4,1,14.5,4,1,2,2,2,1,1,95.5,2,2,1,2,1,2,2,1,1,1,1,2,1.5,3,1,1,2,3,1,2,1,1,1,1,1,7,1,3.5,2,3.5,12,3.5,2,3.5,2,1,2.5,1,1,1,5.5,1,1,1,1,1,2,2,1,1,2
"79","NEC1-early disease",2,1,1,2,2,2,2,1,2,2,2,2.33333333333333,1,1.66666666666667,38.3333333333333,1,2,2,1,1,1,1,1.66666666666667,2,2,1.66666666666667,2,2.66666666666667,1,4.33333333333333,2,2,2.33333333333333,2,1,55.6666666666667,2,1,1,1,3.33333333333333,2,1,1,2.66666666666667,1,11,1,2.33333333333333,1,2,1,2,2,2,2,8.33333333333333,1,2,1,3,5.33333333333333,1.66666666666667,1.66666666666667,2,1.66666666666667,2,2.33333333333333,1.66666666666667,2.33333333333333,1,1,1,1,1,2,2.66666666666667,2,2,2,2,5,1,1,2,1.66666666666667,2.33333333333333,1.66666666666667,1,1.66666666666667,1,1,1,2,1,1,1,1,2,120,1,1,2,2,1,1,3.33333333333333,2.66666666666667,1,3,2,4.66666666666667,1,1,1,1.66666666666667,2.66666666666667,2,1,1,1.66666666666667,2.66666666666667,14.6666666666667,4,2,2,3.33333333333333,1.66666666666667,1,2,1,1.66666666666667,1.66666666666667,3.33333333333333,1,1,1,2.66666666666667,16,1,2,1,1,2,6.66666666666667,2,2.33333333333333,2,2,5.66666666666667,1,2,1.66666666666667,2.33333333333333,2,5,2.33333333333333,4,3,1.66666666666667,1,2.33333333333333,1,1.66666666666667,1,1,9.33333333333333,12,1,1.66666666666667,2,2,2,1,2,2,3.66666666666667,1,1,2,1,2,1,2,2,1,2.33333333333333,1,2.66666666666667,1,2,2,1,1,1,2,3,1,11.6666666666667,1,1.66666666666667,5.66666666666667,4.33333333333333,2,2,2,1,1,1,2.66666666666667,3,3,7.33333333333333,2,2.33333333333333,1,1,1,7,2,41,6.66666666666667,7.33333333333333,1,9.66666666666667,2.66666666666667,2,2,1,1,1,1.66666666666667,2,1,2,5,14.3333333333333,1,1,2,1,1,2,1,1,2,2,1,2,1,1,1.66666666666667,2,1.66666666666667,1,4.33333333333333,3.66666666666667,2,4,1,2,2,1.66666666666667,12.3333333333333,2,2,1,3,9.33333333333333,9.66666666666667,1,1,2,4,1,1,57,2,2,2.33333333333333,2.66666666666667,1,2,2,1,4.33333333333333,1,1,2.66666666666667,3.33333333333333,1,5.66666666666667,1.66666666666667,2,2.66666666666667,1,2,1,1.66666666666667,1,1,5.66666666666667,11.3333333333333,1.66666666666667,5.33333333333333,2,1,1,8.33333333333333,2,8.33333333333333,2,1,7.33333333333333,1.66666666666667,1,1.66666666666667,10.6666666666667,1,1,1,1,1,2,2,1.66666666666667,1.66666666666667,2
"80","NEC1-early post partum",12,3,10,12,26,54,8,11,21,10,8,51,11,29,119,10,8,7,9,18,12,10,22,7,5,21,6,20,18,50,9,11,52,6,7,39,6,10,15,12,19,10,9,10,9,9,76,10,18,8,12,7,6,8,17,5,70,10,6,6,7,57,30,41,9,13,19,43,32,32,6,15,5,6,11,7,14,25,10,8,21,46,9,8,8,7,10,30,10,52,9,14,10,11,9,7,14,8,6,32,7,11,7,7,10,11,56,7,18,9,10,49,9,8,12,30,8,9,8,9,39,32,88,50,42,10,55,32,7,8,9,9,9,43,16,14,5,12,65,10,5,11,7,6,22,54,10,7,4,12,18,10,40,25,12,10,10,46,45,30,5,25,12,11,7,13,34,51,21,16,8,9,7,12,7,6,38,8,7,16,9,13,8,5,7,29,34,9,9,10,7,5,17,11,15,9,6,15,10,21,18,66,53,30,8,6,5,7,7,46,41,48,26,6,25,10,10,8,12,6,29,72,13,11,69,6,6,6,14,8,6,14,7,10,6,23,86,6,8,10,7,14,7,9,12,6,7,9,11,7,8,12,6,20,29,67,13,11,35,15,17,10,10,79,10,8,8,24,19,79,7,8,6,60,15,3,76,12,51,41,10,8,12,8,15,9,7,23,7,9,8,8,6,8,10,8,7,10,21,8,4,62,63,28,49,10,13,34,76,6,74,9,9,67,19,7,22,11,7,6,9,7,11,15,7,11,12,8
"81","NEC1-early pre-onset",2,1,1,2,1,1,2,1,1,2,2,1,1,1,7,1,2,2,1,1,1,1,1,2,2,1,2,1,1,1,2,2,1,2,1,71,2,1,1,1,1,2,1,1,1,1,3,1,1,1,2,1,2,2,2,2,1,1,2,1,1,1,1,1,2,1,1,1,1,1,1,1,1,1,1,2,2,1,2,2,1,1,1,1,2,1,1,1,1,1,1,1,1,2,1,1,1,1,2,84,1,1,2,2,1,1,1,2,1,1,2,1,1,1,1,1,2,2,1,1,1,4,5,1,1,1,3,1,1,2,1,1,1,1,1,1,1,2,2,1,2,1,1,2,10,1,1,2,2,3,1,2,1,1,2,1,1,1,1,1,1,1,1,1,1,1,1,5,1,1,2,2,2,1,2,2,1,1,1,1,1,2,1,2,2,1,1,1,2,1,2,2,1,1,1,2,2,1,8,1,1,1,1,1,2,2,1,1,1,1,1,1,1,2,1,1,1,1,4,2,112,3,8,1,5,2,2,2,1,1,1,1,2,1,2,1,4,1,1,2,1,1,2,1,1,2,2,1,2,3,1,1,2,1,1,1,2,2,1,1,1,2,1,3,2,2,1,1,1,1,1,1,2,1,1,1,161,2,1,1,2,1,2,2,1,1,1,1,2,1,1,1,1,2,2,1,2,1,1,1,1,1,2,1,1,2,6,4,1,2,3,2,1,1,1,1,1,7,1,1,1,1,1,2,2,3,1,2
"82","NEC1-late pre-onset",2,1,1,2,1,1,2,1,1,2,2,1,1,1,2,1,2,2,1,1,1,1,1,2,2,1,2,1,1,1,2,2,1,2,1,51,2,1,1,1,15,2,1,1,1,1,1,1,1,1,2,1,2,2,2,2,1,1,2,1,1,1,1,1,2,1,1,1,1,1,1,1,1,1,1,2,2,1,2,2,1,1,1,1,2,1,1,1,1,1,1,1,1,2,1,1,1,1,2,89,1,1,2,2,1,1,1,2,1,1,2,1,1,1,1,1,2,2,1,1,1,1,1,1,1,2,1,1,1,2,1,1,1,1,1,1,1,2,1,3,2,1,1,2,13,1,1,2,2,17,1,2,1,1,2,1,1,1,1,1,1,1,1,1,1,1,1,3,1,1,2,2,2,1,2,2,1,1,1,1,1,2,1,2,2,1,1,1,2,1,2,2,1,1,1,2,2,1,4,1,1,1,1,1,2,2,1,1,1,1,1,1,1,2,1,1,1,1,15,2,126,1,11,1,2,2,2,2,1,1,1,1,2,1,2,1,1,1,1,2,1,1,2,1,1,2,2,1,2,1,1,1,2,1,1,1,1,2,1,1,1,2,1,1,2,2,1,1,1,1,1,1,2,1,1,1,154,2,1,1,2,1,2,2,1,1,1,1,2,1,1,1,1,2,2,1,2,1,1,1,1,1,1,1,1,2,6,1,1,2,1,2,1,1,1,1,1,5,1,1,1,1,1,2,2,1,1,2
"83","NEC2-early disease",2,1,1,2,1,4,2,1,1,2,2,1,1,3,51,1,2,2,1,1,3,3,1,2,2,1,2,6,3,4,2,2,3,2,1,124,2,1,1,1,3,2,1,1,13,1,8,1,1,1,2,1,2,2,2,2,13,1,2,1,3,3,1,1,2,1,1,4,1,1,1,1,1,1,1,2,2,1,2,2,1,11,1,1,2,1,4,1,1,4,1,1,1,2,1,3,1,1,2,1,1,1,2,2,1,1,4,2,1,8,2,3,1,1,1,1,2,2,1,1,3,1,16,1,1,1,3,3,6,2,3,1,1,4,1,3,1,2,23,1,2,1,1,2,2,1,7,2,2,1,1,7,1,14,2,8,1,1,1,3,1,1,1,1,1,1,35,1,1,1,2,2,2,1,2,2,4,1,1,1,1,2,1,2,2,1,1,1,2,1,2,4,1,1,1,2,2,1,1,1,1,3,1,1,2,2,1,1,1,1,1,3,16,2,4,1,1,1,1,2,2,5,1,1,2,2,4,2,1,1,1,1,2,3,2,14,11,1,3,2,1,1,2,1,1,2,2,1,2,1,1,1,2,1,1,9,10,2,4,1,3,2,1,16,2,2,1,1,31,10,1,1,2,1,3,1,4,2,1,1,2,1,2,2,1,17,3,1,2,7,1,20,1,2,2,1,2,1,1,1,1,5,18,1,6,2,3,1,7,2,7,2,1,7,3,1,1,1,1,3,1,1,1,2,2,1,1,2
"84","NEC2-early post partum",6,3,10,8,12,23,7,11,11,8,8,38,11,25,105,6,5,6,9,24,20,35,12,7,6,15,7,33,13,36,9,5,32,6,10,67,6,10,7,10,34,10,7,10,9,9,49,10,11,11,8,7,7,8,8,7,41,8,7,6,7,42,17,22,7,24,15,32,18,13,18,12,5,7,10,7,7,9,7,8,7,66,13,8,7,13,39,21,10,38,9,12,7,8,12,8,8,8,6,101,7,11,6,8,10,11,38,9,9,9,9,29,6,9,12,14,7,9,8,9,19,26,62,23,48,10,31,24,7,7,11,7,7,53,10,25,9,9,80,10,8,11,15,6,12,30,42,7,4,12,14,10,26,39,10,27,10,22,16,23,5,16,10,18,13,12,63,39,18,20,8,7,7,10,7,7,42,12,7,9,9,8,22,6,7,11,20,9,7,10,7,5,11,11,7,7,7,17,10,16,19,34,21,10,7,6,6,7,7,27,33,23,68,6,39,10,10,8,12,6,142,45,13,11,21,6,6,6,9,8,14,7,6,23,7,55,62,6,15,5,7,9,8,18,5,10,8,9,11,6,8,19,6,7,20,44,13,9,52,9,10,8,6,58,8,8,37,8,61,47,7,9,6,26,17,3,175,6,25,21,7,8,7,7,11,9,13,13,7,29,7,8,7,7,10,13,7,28,12,10,4,39,62,16,40,10,13,19,46,7,41,9,9,37,27,7,25,11,7,15,9,9,9,8,7,36,25,8
"85","NEC2-early pre-onset",6.66666666666667,5.33333333333333,9,8,13,26,7,9.33333333333333,16.3333333333333,9,8.33333333333333,35,11,20.3333333333333,116,9.33333333333333,7.33333333333333,6,9,28.6666666666667,19.6666666666667,25.6666666666667,12,7,6.33333333333333,13.3333333333333,6.33333333333333,40.3333333333333,11,52.6666666666667,9,7,38.3333333333333,8,8.33333333333333,26.6666666666667,7.33333333333333,16,7,11,45.6666666666667,10,11,9.33333333333333,9,9.66666666666667,59.3333333333333,10,11.6666666666667,19.3333333333333,9.33333333333333,7,8.33333333333333,8,8.33333333333333,5.33333333333333,56.3333333333333,8.66666666666667,7,6,11,47.6666666666667,22.3333333333333,27.6666666666667,7,12.6666666666667,15.6666666666667,39.3333333333333,31,14.3333333333333,15,14,5,6.66666666666667,11.6666666666667,7,7,20,9,8,7,65.6666666666667,9.66666666666667,9.33333333333333,7.66666666666667,12.6666666666667,40.3333333333333,33,10,48,9,9.33333333333333,7.33333333333333,8.33333333333333,11,10.6666666666667,7.33333333333333,8,8.66666666666667,48,7,11,6.33333333333333,8.66666666666667,10.3333333333333,11.3333333333333,41.3333333333333,7.33333333333333,13,9,9.66666666666667,30.3333333333333,6.66666666666667,7.66666666666667,12,16.6666666666667,7.33333333333333,9,8,9.33333333333333,27.6666666666667,17.6666666666667,81,42,34,13.3333333333333,39,22.6666666666667,10.3333333333333,7,9.66666666666667,11.3333333333333,9,57,16.3333333333333,36.6666666666667,7.33333333333333,9.33333333333333,84,10,7.66666666666667,11,11.6666666666667,7,39.6666666666667,35,41,10,5,12,8.33333333333333,10,29,41.3333333333333,9.66666666666667,34,12.6666666666667,23.6666666666667,26.3333333333333,20,8.33333333333333,26.3333333333333,10,17.3333333333333,13.3333333333333,17.3333333333333,67,62.3333333333333,21,17.6666666666667,8,7.33333333333333,7,15.3333333333333,6.33333333333333,8,37.3333333333333,11,7.66666666666667,8,9,8.33333333333333,16,5,9,15.3333333333333,17.3333333333333,9,8.33333333333333,10,7,7,9.66666666666667,11,10,7.33333333333333,6.33333333333333,16.6666666666667,10,22.3333333333333,14,41,28.3333333333333,15,7.66666666666667,6.66666666666667,6.66666666666667,10,7,34.6666666666667,30.6666666666667,34,53.6666666666667,6,33.3333333333333,10,10,8,12,6,25,47.3333333333333,13,11,32,7.66666666666667,6.66666666666667,9.66666666666667,12,9.33333333333333,7.33333333333333,10.3333333333333,6.66666666666667,21,6,53.3333333333333,69.3333333333333,8.33333333333333,13.6666666666667,6,11.3333333333333,9.33333333333333,7.66666666666667,15.6666666666667,7.66666666666667,6.66666666666667,8.66666666666667,9,11,6.33333333333333,8.66666666666667,27,6,7,22.6666666666667,62.3333333333333,12.6666666666667,9.33333333333333,54.3333333333333,8.66666666666667,14.6666666666667,8.66666666666667,6,63.6666666666667,8.66666666666667,8,16.3333333333333,9,66,63,7,16,8.33333333333333,41.3333333333333,18.3333333333333,6,44,6.66666666666667,28.6666666666667,22.3333333333333,7.33333333333333,10.6666666666667,7.66666666666667,7,12,9,12.3333333333333,8.33333333333333,8.33333333333333,38,7.33333333333333,8,6.66666666666667,9,10,11,7,30,8.33333333333333,12.3333333333333,4,44.6666666666667,67.6666666666667,14.6666666666667,59.6666666666667,10,13,24.3333333333333,56,6.66666666666667,55.3333333333333,9,9,51.6666666666667,26.3333333333333,7,21.3333333333333,11,7,11,9,8.66666666666667,10.6666666666667,9.33333333333333,7,15.6666666666667,20.3333333333333,8
"86","NEC2-late pre-onset",4,2,10.5,5,8.5,19.5,4.5,5,5.5,8,7,15.5,6,8.5,73.5,4.5,5.5,4,5,11,7,15,9,4.5,3.5,7,4,30.5,6,22.5,5.5,3.5,12,5,7.5,88.5,4,5.5,4,5,28,6,5.5,7,10.5,5,27,5.5,5.5,10,5,4,4,5,5,5.5,32,4.5,4,3.5,4,29.5,7.5,11,4.5,6.5,7.5,14,14,4.5,10.5,6.5,3,3.5,6,4.5,4.5,8.5,5,5,4,35.5,5,4.5,4,6,33.5,11.5,5.5,20,5,3.5,4.5,5,8.5,6,4,4.5,4,38,4,6,7.5,5.5,5.5,12.5,14.5,4.5,5,11,6.5,20,4.5,7.5,6.5,5,4.5,5.5,4.5,6,5,16,44,22.5,13,11,19.5,9,10,4.5,10.5,9,4.5,30.5,8,24,5.5,5.5,50.5,5.5,3.5,6,5,4,39.5,18,21.5,4.5,3,6.5,7.5,9.5,17,35.5,5,28.5,6,15,13,13,6.5,16.5,4.5,7,6.5,8.5,56,20.5,12,14,5,5.5,8,5,4,5,14.5,9.5,7,4.5,5,5,8,3.5,7.5,9.5,9.5,5,4.5,5.5,6,5,6,6,5,4.5,4.5,8.5,5.5,6,7.5,24.5,13.5,5,4,5.5,3.5,5,4,18,15.5,18,35.5,7.5,14,5.5,5.5,4.5,6.5,4,43.5,17,7,6,22,4,7.5,4,6.5,4.5,3.5,4,4,13.5,4,39.5,38,3.5,11.5,3.5,4,5.5,4.5,5.5,3,4,6,5,6.5,3.5,6.5,17,4,4,19,34.5,14,5,27,5,13,5,7,33,5.5,5,10.5,5,54.5,25,4,5,4,18.5,11,2,53,4,14.5,7.5,4.5,5.5,4.5,4.5,5.5,12.5,9.5,8.5,8,26,4,16,4,6.5,6,8,4.5,12,9,6,2.5,15,41.5,8,32,6,9.5,6.5,27,4,31.5,5.5,5,28,11,4,11.5,6,4,7,5,4,5.5,5,7,6,12,5
"87","NEC3-early disease",3,2,2,3,2,2,3,2,2,3,3,2,2,2,15,2,3,3,4,2,2,2,2,3,3,2,3,4,2,2,3,3,2,3,2,101,3,26,2,2,87,4,2,52,2,2,2,2,2,2,3,2,3,3,3,3,2,2,3,2,2,2,2,2,3,2,2,2,2,2,2,2,2,2,2,3,3,2,3,3,2,2,2,2,3,2,2,2,2,2,2,2,2,3,2,2,2,2,3,2,2,3,3,3,2,26,2,3,2,2,3,2,2,2,8,2,3,4,5,2,2,2,4,2,2,42,2,2,2,3,2,2,2,3,2,2,2,3,5,2,3,2,2,3,66,2,2,3,3,2,2,3,2,2,3,3,2,2,2,2,2,2,2,2,2,2,10,2,2,2,3,3,3,2,3,3,2,2,2,2,2,3,2,3,3,2,2,3,3,2,3,3,2,2,2,3,3,2,2,2,2,2,2,2,3,3,2,2,2,2,2,2,6,3,2,7,2,4,2,3,66,2,2,2,68,3,3,3,2,2,2,2,3,2,3,4,3,2,2,3,2,2,3,2,2,3,3,2,3,2,2,2,3,2,2,2,5,3,2,2,2,3,2,2,3,3,2,2,14,2,2,2,3,2,2,2,88,3,2,2,3,2,3,3,2,3,2,2,3,3,2,4,2,3,3,2,3,2,2,2,2,2,4,2,2,5,2,7,2,3,2,5,2,2,2,10,2,2,2,2,4,2,2,3,3,2,2,4
"88","NEC3-early post partum",7,3,9,8,13,20,7,10,10,8,8,39,11,20,96,8,5,6,9,27,27,29,11,7,5,19,8,32,13,42,9,5,27,8,12,104,6,10,7,11,46,10,8,15,9,9,54,10,12,8,9,7,8,8,8,6,46,10,6,6,8,35,14,21,8,23,15,32,23,9,9,14,5,6,13,7,7,15,7,8,7,64,14,9,7,12,50,24,10,42,9,12,8,8,11,10,7,8,6,105,7,11,9,7,11,11,24,9,9,9,8,29,7,11,13,15,7,9,8,9,23,11,69,36,29,16,34,28,11,7,9,7,8,58,15,37,11,9,76,10,5,11,12,6,34,27,41,8,4,12,7,10,22,49,9,31,11,26,18,23,9,15,11,18,15,11,65,38,12,26,8,9,7,13,6,8,36,11,9,8,9,9,9,8,7,19,18,9,7,10,7,6,9,11,9,7,6,13,10,16,14,39,32,13,7,5,8,7,7,24,27,24,55,6,25,10,10,8,12,6,147,44,14,11,31,7,7,10,10,8,6,7,6,19,5,62,53,8,16,5,7,10,7,10,5,8,7,9,11,9,8,27,6,7,20,47,18,9,51,8,11,8,6,52,8,8,20,8,63,57,7,8,6,34,16,3,176,6,26,28,7,8,7,7,11,9,17,13,7,37,7,9,6,6,10,9,7,34,8,10,4,29,55,16,45,10,14,21,54,7,44,9,10,39,26,7,22,11,7,13,9,8,10,8,7,36,20,8
"89","NEC3-early pre-onset",4,2,5,5,6,13,4.5,4.5,10.5,5,5,16.5,6,11,85,5.5,4,4,11.5,13.5,14,14,8,5.5,3.5,8,7,33,5.5,30,5.5,4,14.5,5,6,22.5,4,5.5,4,5,68,10.5,6,5,5,5,39,5.5,8.5,4.5,5,4,4.5,5,5,5.5,37.5,4.5,4.5,3.5,5,33.5,10,11.5,4.5,6.5,7.5,17.5,16.5,9,4,7.5,3,6,6,6,4.5,4.5,5,8.5,4,37.5,5.5,5,4,7,33.5,11.5,5.5,20,5,8,4,5,8,5,6.5,4.5,4.5,29,4,6,6,5.5,5.5,6,18.5,4.5,5,5,8.5,18.5,4,4.5,19,7.5,4.5,9.5,10,5.5,15.5,6.5,45,21.5,17.5,30,20,10,4,4.5,6,4,4.5,29.5,8.5,22,3,5.5,60.5,7.5,4,6,6,4,17.5,16,26.5,4.5,3,6.5,3.5,6,12,34,5,30.5,7.5,10,10,9,7,10.5,4.5,8,6.5,9.5,61.5,25.5,9,9.5,5,4,7,6,4,4,21.5,6.5,5,5,5,5,4.5,3.5,8,8,8.5,5,5.5,5.5,5.5,3.5,7.5,6,5,4.5,4.5,6.5,5.5,10,9,26.5,16.5,8,5,3.5,3,4,4,17.5,15.5,19,41.5,5.5,13,14.5,9,8.5,6.5,4,37.5,16.5,7,6,37,5.5,7,5,5.5,4.5,3.5,4,4,7.5,4,44,42.5,4,10,3.5,4,5,4.5,5,3.5,5,4.5,5,6.5,5,4.5,9.5,4,4,12.5,40.5,6.5,5,27,5.5,9,5,5,45.5,5,5,11,8,55,38.5,4,4.5,4,22,9.5,2,49.5,4.5,20,13.5,4.5,4.5,5,4.5,5.5,5,11,7,6.5,20,4,4.5,4.5,7,6,5.5,4.5,15,6.5,5.5,2.5,20.5,45.5,8.5,34,9,7,6.5,36.5,5,31.5,7.5,5,26,7,11.5,14.5,6,4,8.5,11,4,5,5,6,6.5,5.5,7.5
"90","NEC3-late pre-onset",2.66666666666667,1,1,2,1,1.66666666666667,2,1,1,2,3.66666666666667,2,1,1,31,1,2,2,9.33333333333333,1.66666666666667,1.66666666666667,3,1,4.33333333333333,2,1,2.66666666666667,8.33333333333333,1,3.33333333333333,2,2,2,2.66666666666667,1,20.3333333333333,2,12.6666666666667,1,1,62.6666666666667,6.33333333333333,1,22.6666666666667,1,1.66666666666667,7.66666666666667,1,1.66666666666667,1,2,1,2,2,2,2,7.33333333333333,1,2,1,1,5.66666666666667,1,2.66666666666667,2,1.66666666666667,1,3,2,1,1.66666666666667,1,1,1,3.33333333333333,4.33333333333333,2,1.66666666666667,2,7.66666666666667,1,11.6666666666667,2,1,2,1,7.66666666666667,1,1,2.66666666666667,1,1,1,2,1,1,1,1,2,1,1,1,2,2,1,2,3.33333333333333,2,2.66666666666667,1,2,2,1,1,16,1,2,7,8,1.66666666666667,1,1,14,2.33333333333333,2.33333333333333,34.3333333333333,2,1.66666666666667,1,2,3,1,1,4.66666666666667,1,4.33333333333333,1,2.66666666666667,16,1.66666666666667,2,1,2,2,27.3333333333333,3.33333333333333,5,2,2,1,1,2,1.66666666666667,9.33333333333333,2,7.33333333333333,3,1,1,1.66666666666667,1,2.33333333333333,1,1,2.33333333333333,1,19,7.33333333333333,1.66666666666667,2,2,2,4,1,2,2,2,3,1.66666666666667,1,1,2,1,2,4.66666666666667,1,1,2.33333333333333,3.33333333333333,1,3.33333333333333,2,1,1,1,2,3,1,1,1.66666666666667,1,3.66666666666667,1.66666666666667,1,2,2,1,1,1,3,2,3,11,3.66666666666667,2.33333333333333,11.6666666666667,6.66666666666667,6,1,2,32,5,1,1,28.6666666666667,2,2,2,1.66666666666667,1,1,1,2,1.66666666666667,2,10.3333333333333,9,1,1,2,1,1,2,1,1,2,3.33333333333333,1,2,1,1,2.33333333333333,2,1,2,8,1.33333333333333,2,7.33333333333333,3,3.33333333333333,2,1,9,2,2,1,1,18.3333333333333,9,1,1,2,2,1,1,43,2,2.66666666666667,2,2,1,2,2,1,1,1,1.66666666666667,3,1,1,1,1.66666666666667,2,2,1,2,3,1,1.66666666666667,1,3,10.3333333333333,1,5.66666666666667,8.66666666666667,1,5.33333333333333,8,2,5.66666666666667,4.33333333333333,1,5.66666666666667,2,10.6666666666667,3,1,1,1,8,1,1,2,4.33333333333333,1.66666666666667,1,5
"91","NEC4-early disease",2,1,1,2,1,1,2,1,1,2,2,1,1,1,2,1,2,2,1,1,17,1,1,2,2,1,2,1,1,1,4,2,1,2,1,6,2,13,1,1,10,2,1,36,1,1,1,7,1,1,2,1,2,2,2,2,1,1,2,1,1,1,1,1,2,1,1,1,1,1,1,1,1,1,1,2,2,1,2,2,1,1,1,1,2,1,3,1,1,1,5,1,1,2,1,1,1,1,2,53,1,1,2,2,1,5,1,2,1,1,2,1,1,1,1,1,2,2,1,1,1,39,1,1,1,1,1,1,1,2,1,1,1,1,1,1,1,2,1,1,2,1,1,2,50,1,1,2,2,14,1,2,1,1,2,1,1,1,1,1,1,1,1,1,1,1,2,66,1,1,2,2,2,1,2,2,1,1,1,1,7,2,1,2,2,1,1,1,2,1,2,2,1,3,1,2,2,1,1,1,1,1,1,1,2,2,1,1,1,1,1,1,1,2,1,1,1,1,11,2,119,1,4,5,50,2,2,2,1,10,1,1,2,1,2,1,1,1,1,2,1,1,2,1,1,2,2,1,2,1,1,1,2,1,1,1,1,2,1,1,1,2,1,1,2,2,1,1,3,1,1,1,2,1,1,1,144,2,1,1,2,1,2,2,1,1,1,1,2,1,1,1,1,2,4,1,2,1,1,1,1,1,1,1,1,2,1,5,1,2,1,2,1,1,1,1,1,1,1,1,1,1,1,2,2,17,1,2
"92","NEC4-early post partum",6,3,9,8,17,43,7,10,15,8,8,34,11,20,108,7,5,6,9,23,20,33,13,7,7,17,6,38,14,35,9,5,45,8,10,20,7,10,7,12,44,10,10,32,9,21,53,10,12,25,9,7,6,8,8,5,44,8,7,13,12,38,21,23,8,19,18,39,31,13,12,12,5,21,11,7,7,35,7,8,7,52,13,8,7,15,50,33,10,30,9,15,9,8,11,8,8,8,6,61,7,11,8,10,10,24,39,8,12,9,8,30,6,9,12,13,7,9,8,8,18,44,78,30,36,19,32,27,7,7,11,13,13,68,15,24,11,9,88,10,10,11,14,6,39,32,46,7,4,12,7,10,19,54,9,35,11,15,19,18,5,18,9,9,14,12,75,50,18,13,8,8,7,16,7,8,45,10,7,9,9,8,13,5,7,10,19,10,7,10,7,6,11,11,8,7,7,14,10,17,10,46,37,15,8,5,6,12,7,31,25,22,63,6,29,10,10,8,12,11,54,48,13,11,90,6,6,6,13,22,6,7,6,24,5,54,67,14,11,5,8,12,10,10,5,9,7,9,11,15,8,11,6,7,36,62,18,8,39,11,12,8,16,62,9,8,35,9,72,55,17,26,7,38,16,3,70,7,31,22,7,9,7,7,10,9,14,14,7,28,7,8,7,7,10,21,7,19,9,11,4,44,65,12,34,10,13,21,55,7,38,9,19,45,31,7,25,11,7,19,9,7,8,8,7,21,20,8
"93","NEC4-early pre-onset",2,1,4,2,1,1,2,1,1,2,2,1,1,1,25.5,1,2,2,1,2,1,1,1,2,2,1,2,1.5,1,2.5,2,2,1,2,1,1,2,18.5,1,1,1.5,2,1,36,1,1,2.5,1,1,2,2,1,2,2,2,2,2.5,1,2,1,1,2.5,2,1,2,2,1,1,2,1,1,1,1,1,1,2,2,1,2,2,1,6.5,1,1,2,1,1,2,1,2,11,1,1,2,1,1,1,1,2,6,1,1,2,2,1,1,1,2,1,1,2,1,1,1,1,1,2,2,1,1,1,34,11.5,2.5,1,1,2,2,1,2,1,1,1,3.5,1,2,1,2,8.5,1,2,1,1,2,40.5,2,1,2,2,2,1,2,1,1,2,1,1,1,1,2,1,1,1,1,1,1,2.5,3.5,1,1,2,2,2,1,2,2,1,1,1,1,2,2,1,2,2,1,1,1,2,1,2,2,1,1,1,2,2,1,1,1,2,1,2,1,2,2,1,1,1,1,1,1,1.5,2,1,1,1,1,1,2,82,2,1,2,72,2,2,2,1,17.5,1,1,2,1,2,2,6,1,1,2,1,1,2,1,1,2,2,1,3,1,1,1,2,1,1,2,1,2,3.5,1,1,2,1,4.5,2,2,1,1,3,5,1,1,2,1,1,1,110.5,2,2,1,2,2,2,2,1,1,1,1,2,1,1,1,1,2,2,1,2,2,1,1,1,1,8,1,2,2,1,4.5,5.5,2,2.5,2,1,2,1,1,1,1,1,1,1,1,1,2,2,1,1,2
"94","NEC4-late pre-onset",2,1,1,2,1,1,2,1,1,2,2,1,7,1,23,1,2,2,1,1,9,1,1,2,2,1,2,1,1,3,2,2,1,2,1,64,2,32,1,1,8,2,1,65,1,1,5,1,1,3,2,1,2,2,2,2,4,1,2,1,1,5,1,1,2,1,1,1,1,3,1,1,1,4,1,2,2,4,2,2,1,4,1,1,2,1,1,1,1,1,3,1,1,2,1,1,1,1,2,82,1,1,2,2,1,4,3,2,1,1,2,1,1,1,1,1,2,2,1,1,1,22,7,1,1,1,1,1,1,2,1,1,1,5,1,1,1,2,7,1,2,1,1,2,71,1,1,2,2,6,1,2,1,1,2,1,1,1,1,1,1,1,1,1,1,1,3,4,1,1,2,2,2,1,2,2,1,1,1,1,3,2,10,2,2,1,1,1,2,1,2,2,1,1,1,2,2,1,1,1,1,1,1,1,2,2,1,1,1,1,1,3,1,2,1,1,1,1,3,2,53,3,6,1,104,2,2,2,1,5,1,1,2,1,2,1,2,1,1,2,1,1,2,3,1,2,2,1,4,1,1,1,2,1,1,3,3,2,1,1,1,2,1,5,2,2,4,1,1,3,1,1,2,1,1,1,79,2,1,1,2,1,2,2,1,1,1,1,2,1,1,1,1,2,2,1,2,1,1,1,1,1,7,1,3,2,1,10,1,2,1,2,1,3,1,1,1,1,1,1,1,3,1,2,2,1,1,2
